topic,industry,company_name,name_source,ocr_status,ocr_text,template_id,template_title,template_url,image_url,is_pro,file_name,relative_path,collected_at
Accounting,Banking & Finance,Harrison,ocr,success,HARRISON | ACCOUNTING | CLARITYANGRY CONDENCE,EAHN7gHkXHA,Accounting and Finance Business Logo in Cream Dark Green Modern Professional Style,https://www.canva.com/templates/EAHN7gHkXHA-accounting-and-finance-business-logo-in-cream-dark-green-modern-professional-style/,https://template.canva.com/EAHN7gHkXHA/1/0/800w-N9ydTBBakkk.jpg,false,0001_EAHN7gHkXHA.jpg,accounting/images/0001_EAHN7gHkXHA.jpg,2026-08-06T09:51:37.665Z
Accounting,Banking & Finance,Forecast,ocr,success,FORECAST | ACCOUNTING PARTNERS,EAHN7mppQ8w,Accounting and Finance Business Logo in Grey Navy Blue Soft Editorial Style,https://www.canva.com/templates/EAHN7mppQ8w-accounting-and-finance-business-logo-in-grey-navy-blue-soft-editorial-style/,https://template.canva.com/EAHN7mppQ8w/1/0/800w-8XtFwy1pYNY.jpg,false,0026_EAHN7mppQ8w.jpg,accounting/images/0026_EAHN7mppQ8w.jpg,2026-08-06T09:51:57.533Z
Accounting,Banking & Finance,Botanic,ocr,success,BOTANIC | FAMILY GARDEN,EAE5JIP2tyk,Beige Modern Business Creative Botanic tree garden logo,https://www.canva.com/templates/EAE5JIP2tyk-beige-modern-business-creative-botanic-tree-garden-logo/,https://template.canva.com/EAE5JIP2tyk/1/0/800w-8iEEO4S4kII.jpg,true,0093_EAE5JIP2tyk.jpg,accounting/images/0093_EAE5JIP2tyk.jpg,2026-08-06T09:53:02.120Z
Accounting,Banking & Finance,Finance,ocr,success,L1 | FINANCE | HOLDING | ESTD. 2022,EAEkJF8k2wc,Black and Blue Finance Accounting Company Logo,https://www.canva.com/templates/EAEkJF8k2wc-black-and-blue-finance-accounting-company-logo/,https://template.canva.com/EAEkJF8k2wc/1/0/800w-YpGcHRbMV9c.jpg,true,0054_EAEkJF8k2wc.jpg,accounting/images/0054_EAEkJF8k2wc.jpg,2026-08-06T09:52:23.884Z
Accounting,Banking & Finance,Shonia,ocr,success,SHONIA | GROUP | FINANCIAL DEPARTMENT,EAEysw2QqnA,Black and Gray Clean Shield Vector Icon Financial Department Logo,https://www.canva.com/templates/EAEysw2QqnA-black-and-gray-clean-shield-vector-icon-financial-department-logo/,https://template.canva.com/EAEysw2QqnA/1/0/800w-ZcNmjCGU7LY.jpg,true,0086_EAEysw2QqnA.jpg,accounting/images/0086_EAEysw2QqnA.jpg,2026-08-06T09:52:57.065Z
Accounting,Banking & Finance,Arrows,ocr,success,ARROWS | FINANCIAL,EAEysoIPz8c,Black and Gray Initial A Letter Arrow Financial Branding Logo,https://www.canva.com/templates/EAEysoIPz8c-black-and-gray-initial-a-letter-arrow-financial-branding-logo/,https://template.canva.com/EAEysoIPz8c/1/0/800w-e7YXS6UJXOY.jpg,true,0063_EAEysoIPz8c.jpg,accounting/images/0063_EAEysoIPz8c.jpg,2026-08-06T09:52:32.173Z
Accounting,Banking & Finance,Iid,ocr,success,HARUN DURUST | FINANCIAL ADVIOR | IID,EAFCHfysDbE,Black Elegant Minimalist Financial Advisor Initials Logo,https://www.canva.com/templates/EAFCHfysDbE-black-elegant-minimalist-financial-advisor-initials-logo/,https://template.canva.com/EAFCHfysDbE/2/0/800w-RW7MQHkkARA.jpg,false,0006_EAFCHfysDbE.jpg,accounting/images/0006_EAFCHfysDbE.jpg,2026-08-06T09:51:38.456Z
Accounting,Banking & Finance,Gallego,ocr,success,GALLEGO | ACCOUNTING,EAEz_8DaHFA,Black Green White Modern Minimalist Growth Chart Accounting Logo,https://www.canva.com/templates/EAEz_8DaHFA-black-green-white-modern-minimalist-growth-chart-accounting-logo/,https://template.canva.com/EAEz_8DaHFA/1/0/800w-6dCFpfCf_NE.jpg,true,0016_EAEz_8DaHFA.jpg,accounting/images/0016_EAEz_8DaHFA.jpg,2026-08-06T09:51:48.261Z
Accounting,Banking & Finance,Prosper,ocr,success,Prosper | Finance,EAHPnBrqG6s,Blue and Black Modern Minimalist Finance Logo,https://www.canva.com/templates/EAHPnBrqG6s-blue-and-black-modern-minimalist-finance-logo/,https://template.canva.com/EAHPnBrqG6s/1/0/800w-G8ae77L5QCE.jpg,true,0010_EAHPnBrqG6s.jpg,accounting/images/0010_EAHPnBrqG6s.jpg,2026-08-06T09:51:47.262Z
Accounting,Banking & Finance,ProShield,ocr,success,ProShield | FINANCE,EAFyhhm6V2Y,Blue and Black Modern Sophisticated Shield Financial Logo Design,https://www.canva.com/templates/EAFyhhm6V2Y-blue-and-black-modern-sophisticated-shield-financial-logo-design/,https://template.canva.com/EAFyhhm6V2Y/1/0/800w-_N53mPaYLQs.jpg,true,0049_EAFyhhm6V2Y.jpg,accounting/images/0049_EAFyhhm6V2Y.jpg,2026-08-06T09:52:22.987Z
Accounting,Banking & Finance,tagline goes here,ocr,success,FINANCIAL | tagline goes here,EAGpgn7-Lhs,Blue and Dark Blue Modern Financial Logo,https://www.canva.com/templates/EAGpgn7-Lhs-blue-and-dark-blue-modern-financial-logo/,https://template.canva.com/EAGpgn7-Lhs/1/0/800w-aqoV7XainxI.jpg,true,0036_EAGpgn7-Lhs.jpg,accounting/images/0036_EAGpgn7-Lhs.jpg,2026-08-06T09:52:06.281Z
Accounting,Banking & Finance,all,ocr,success,all | STUCKUP | FINANCIAL CONSULTANT,EAEysqx299Q,Blue and Gray Chart Icon Financial Consultant Logo,https://www.canva.com/templates/EAEysqx299Q-blue-and-gray-chart-icon-financial-consultant-logo/,https://template.canva.com/EAEysqx299Q/1/0/800w-Yv4TeA3NQXE.jpg,true,0015_EAEysqx299Q.jpg,accounting/images/0015_EAEysqx299Q.jpg,2026-08-06T09:51:48.112Z
Accounting,Banking & Finance,Multimax,ocr,success,MULTIMAX | FINANCIAL CONSULTANT,EAEysgC36JY,Blue and Gray Chart Icon Financial Consultant Logo,https://www.canva.com/templates/EAEysgC36JY-blue-and-gray-chart-icon-financial-consultant-logo/,https://template.canva.com/EAEysgC36JY/1/0/800w-4_N-uAb_VVk.jpg,true,0075_EAEysgC36JY.jpg,accounting/images/0075_EAEysgC36JY.jpg,2026-08-06T09:52:48.018Z
Accounting,Banking & Finance,Arrowave,ocr,success,ARROWAVE | Financial Consultant,EAEys5nh7l4,Blue and Gray Elegant Arrow Shape Financial Consultant Logo,https://www.canva.com/templates/EAEys5nh7l4-blue-and-gray-elegant-arrow-shape-financial-consultant-logo/,https://template.canva.com/EAEys5nh7l4/1/0/800w-jLlJsazCauM.jpg,true,0084_EAEys5nh7l4.jpg,accounting/images/0084_EAEys5nh7l4.jpg,2026-08-06T09:52:56.764Z
Accounting,Banking & Finance,Finance,ocr,success,FINANCE | GROUP | FINANCIAL DEARTMENT,EAEysyyxUhI,Blue and Gray Elegant Arrow Vector Financial Department Logo,https://www.canva.com/templates/EAEysyyxUhI-blue-and-gray-elegant-arrow-vector-financial-department-logo/,https://template.canva.com/EAEysyyxUhI/1/0/800w-INCFjJ21AGo.jpg,true,0089_EAEysyyxUhI.jpg,accounting/images/0089_EAEysyyxUhI.jpg,2026-08-06T09:52:57.508Z
Accounting,Banking & Finance,Stuckup,ocr,success,STUCKUP | FINANCIAL CONSULTANT,EAEyssufxTc,Blue and Gray Elegant Business Chart Icon Financial Branding Logo,https://www.canva.com/templates/EAEyssufxTc-blue-and-gray-elegant-business-chart-icon-financial-branding-logo/,https://template.canva.com/EAEyssufxTc/1/0/800w-jfmff5qsB8g.jpg,true,0014_EAEyssufxTc.jpg,accounting/images/0014_EAEyssufxTc.jpg,2026-08-06T09:51:47.955Z
Accounting,Banking & Finance,Finance,ocr,success,FINANCE | INVESTMENT,EAGtOylKmUY,Blue and Green Modern Bold Professional Finance Logo,https://www.canva.com/templates/EAGtOylKmUY-blue-and-green-modern-bold-professional-finance-logo/,https://template.canva.com/EAGtOylKmUY/1/0/800w-zU74FHcBAdI.jpg,false,0027_EAGtOylKmUY.jpg,accounting/images/0027_EAGtOylKmUY.jpg,2026-08-06T09:51:57.691Z
Accounting,Banking & Finance,Rimberio,ocr,success,RIMBERIO | BUSINESS FINANCE,EAGpaOmHDAk,Blue and Green Modern Corporate Business Finance Logo,https://www.canva.com/templates/EAGpaOmHDAk-blue-and-green-modern-corporate-business-finance-logo/,https://template.canva.com/EAGpaOmHDAk/1/0/800w-tcoGqTRIi8M.jpg,true,0025_EAGpaOmHDAk.jpg,accounting/images/0025_EAGpaOmHDAk.jpg,2026-08-06T09:51:57.378Z
Accounting,Banking & Finance,Glentis,ocr,success,GLENTIS | FINANCE,EAGxFlONC9U,Blue and Green Modern Finance Logo,https://www.canva.com/templates/EAGxFlONC9U-blue-and-green-modern-finance-logo/,https://template.canva.com/EAGxFlONC9U/1/0/800w-1W1y85HnmX4.jpg,true,0047_EAGxFlONC9U.jpg,accounting/images/0047_EAGxFlONC9U.jpg,2026-08-06T09:52:22.703Z
Accounting,Banking & Finance,Finance,ocr,success,FINANCE | MONEY CARE,EAFKjFtgACI,Blue and Orange Minimalist Finance Logo,https://www.canva.com/templates/EAFKjFtgACI-blue-and-orange-minimalist-finance-logo/,https://template.canva.com/EAFKjFtgACI/2/0/800w-99s8UUS-hI4.jpg,true,0071_EAFKjFtgACI.jpg,accounting/images/0071_EAFKjFtgACI.jpg,2026-08-06T09:52:40.417Z
Accounting,Banking & Finance,Hanover & Tyke,ocr,success,HANOVER & TYKE | Your Financial Advisor,EAGxEdk3WGc,Blue and White Corporate Professional Financial Advisor Logo,https://www.canva.com/templates/EAGxEdk3WGc-blue-and-white-corporate-professional-financial-advisor-logo/,https://template.canva.com/EAGxEdk3WGc/1/0/800w-aGNPjhF6cec.jpg,true,0033_EAGxEdk3WGc.jpg,accounting/images/0033_EAGxEdk3WGc.jpg,2026-08-06T09:52:05.833Z
Accounting,Banking & Finance,Borcelle,ocr,success,BORCELLE | ACCOUNTING FIRM,EAGNsDaP8M8,Blue and White Minimalist Accounting Firm Services Logo,https://www.canva.com/templates/EAGNsDaP8M8-blue-and-white-minimalist-accounting-firm-services-logo/,https://template.canva.com/EAGNsDaP8M8/1/0/800w-UvcMwtFcDSE.jpg,true,0008_EAGNsDaP8M8.jpg,accounting/images/0008_EAGNsDaP8M8.jpg,2026-08-06T09:51:38.799Z
Accounting,Banking & Finance,Infinity,ocr,success,INFINITY | FINANCIAL,EAFyh8Hbhxk,Blue and White Minimalist Infinity Letter Z Loop Financial Logo Design,https://www.canva.com/templates/EAFyh8Hbhxk-blue-and-white-minimalist-infinity-letter-z-loop-financial-logo-design/,https://template.canva.com/EAFyh8Hbhxk/1/0/800w-kVEnzYzDmo0.jpg,true,0087_EAFyh8Hbhxk.jpg,accounting/images/0087_EAFyh8Hbhxk.jpg,2026-08-06T09:52:57.214Z
Accounting,Banking & Finance,Zexin,ocr,success,ZEXIN | FINANCE,EAFyh3Tv9WI,Blue and White Minimalist Sophisticated Modern Letter Z X Financial Logo Design,https://www.canva.com/templates/EAFyh3Tv9WI-blue-and-white-minimalist-sophisticated-modern-letter-z-x-financial-logo-design/,https://template.canva.com/EAFyh3Tv9WI/1/0/800w-JocsYninG_o.jpg,true,0076_EAFyh3Tv9WI.jpg,accounting/images/0076_EAFyh3Tv9WI.jpg,2026-08-06T09:52:48.171Z
Accounting,Banking & Finance,Eleanor Finance,ocr,success,Eleanor Finance,EAGxoNuNTyc,Blue and White Modern Financial Business Logo,https://www.canva.com/templates/EAGxoNuNTyc-blue-and-white-modern-financial-business-logo/,https://template.canva.com/EAGxoNuNTyc/1/0/800w-mxGOFKgXczY.jpg,true,0039_EAGxoNuNTyc.jpg,accounting/images/0039_EAGxoNuNTyc.jpg,2026-08-06T09:52:14.271Z
Accounting,Banking & Finance,I Marceline,ocr,success,I Marceline | FINANCIAL SERVICES,EAGIvyLFZmc,Blue and White Modern Financial Services Logo Design,https://www.canva.com/templates/EAGIvyLFZmc-blue-and-white-modern-financial-services-logo-design/,https://template.canva.com/EAGIvyLFZmc/1/0/800w-XGdYwunohy0.jpg,true,0083_EAGIvyLFZmc.jpg,accounting/images/0083_EAGIvyLFZmc.jpg,2026-08-06T09:52:56.598Z
Accounting,Banking & Finance,Bluechart,ocr,success,BLUECHART | accounting services,EAF4aTFCm8M,Blue and White Modern Illustrative Chart Accounting Services Logo,https://www.canva.com/templates/EAF4aTFCm8M-blue-and-white-modern-illustrative-chart-accounting-services-logo/,https://template.canva.com/EAF4aTFCm8M/1/0/800w-fyZIG6OtkuA.jpg,true,0020_EAF4aTFCm8M.jpg,accounting/images/0020_EAF4aTFCm8M.jpg,2026-08-06T09:51:56.674Z
Accounting,Banking & Finance,Gpc,ocr,success,GPC | giggling platypus co.,EAE5E-f-xVc,Blue and White Typography Abbreviation Logo,https://www.canva.com/templates/EAE5E-f-xVc-blue-and-white-typography-abbreviation-logo/,https://template.canva.com/EAE5E-f-xVc/1/0/800w-5cjlMWEh-Ks.jpg,false,0005_EAE5E-f-xVc.jpg,accounting/images/0005_EAE5E-f-xVc.jpg,2026-08-06T09:51:38.308Z
Accounting,Banking & Finance,Ukraine,ocr,success,STAND WITH | UKRAINE,EAE6mQa-YNk,Blue and Yellow Stand with Ukraine Instagram Post,https://www.canva.com/templates/EAE6mQa-YNk-blue-and-yellow-stand-with-ukraine-instagram-post/,https://template.canva.com/EAE6mQa-YNk/1/0/800w-_SvhNtg3PuI.jpg,false,0032_EAE6mQa-YNk.jpg,accounting/images/0032_EAE6mQa-YNk.jpg,2026-08-06T09:52:05.680Z
Accounting,Banking & Finance,Kredara,ocr,success,KREDARA | FINANCE,EAGtN3YiooQ,Blue Black Modern Minimal Letter K Business Logo,https://www.canva.com/templates/EAGtN3YiooQ-blue-black-modern-minimal-letter-k-business-logo/,https://template.canva.com/EAGtN3YiooQ/1/0/800w-sJQNTRi-I6c.jpg,true,0082_EAGtN3YiooQ.jpg,accounting/images/0082_EAGtN3YiooQ.jpg,2026-08-06T09:52:56.442Z
Accounting,Banking & Finance,Hexawise,ocr,success,HEXAWISE | FINANCES,EAGr8PAFTaM,Blue Black Modern Professional Letter H Business Logo,https://www.canva.com/templates/EAGr8PAFTaM-blue-black-modern-professional-letter-h-business-logo/,https://template.canva.com/EAGr8PAFTaM/1/0/800w-PGqD3XPY2aQ.jpg,true,0073_EAGr8PAFTaM.jpg,accounting/images/0073_EAGr8PAFTaM.jpg,2026-08-06T09:52:47.722Z
Accounting,Banking & Finance,Maxtronn,ocr,success,MAXTRONN | FINANCIAL DEPARTMENT,EAEys-Yqs2o,Blue Elegant Abstract Triangle Financial Department Branding Logo,https://www.canva.com/templates/EAEys-Yqs2o-blue-elegant-abstract-triangle-financial-department-branding-logo/,https://template.canva.com/EAEys-Yqs2o/1/0/800w-ZGbPGL6_XLw.jpg,true,0067_EAEys-Yqs2o.jpg,accounting/images/0067_EAEys-Yqs2o.jpg,2026-08-06T09:52:39.764Z
Accounting,Banking & Finance,Multimax,ocr,success,MULTIMAX | FINANCIAL CONSULTING,EAEyspg2tFc,Blue Elegant Geometric M Letter Financial Branding Logo,https://www.canva.com/templates/EAEyspg2tFc-blue-elegant-geometric-m-letter-financial-branding-logo/,https://template.canva.com/EAEyspg2tFc/1/0/800w-bzA9p2zdaDc.jpg,true,0021_EAEyspg2tFc.jpg,accounting/images/0021_EAEyspg2tFc.jpg,2026-08-06T09:51:56.812Z
Accounting,Banking & Finance,Financial Advisors,ocr,success,FINANCIAL ADVISORS | INVESMENT,EAE6ZjqmTVQ,blue green modern financial advisors logo,https://www.canva.com/templates/EAE6ZjqmTVQ-blue-green-modern-financial-advisors-logo/,https://template.canva.com/EAE6ZjqmTVQ/1/0/800w-fPgQchiPWAA.jpg,true,0055_EAE6ZjqmTVQ.jpg,accounting/images/0055_EAE6ZjqmTVQ.jpg,2026-08-06T09:52:30.987Z
Accounting,Banking & Finance,Financial,ocr,success,FINANCIAL | ANALYSIS,EAFMSnUYyQ4,Blue Minimalist Financial Logo,https://www.canva.com/templates/EAFMSnUYyQ4-blue-minimalist-financial-logo/,https://template.canva.com/EAFMSnUYyQ4/1/0/800w-Rz9yJGG8FDI.jpg,true,0018_EAFMSnUYyQ4.jpg,accounting/images/0018_EAFMSnUYyQ4.jpg,2026-08-06T09:51:48.574Z
Accounting,Banking & Finance,Liceria,ocr,success,LICERIA | Accounting Co.,EAFIkA9kyV0,Blue Modern Accounting Consulting Company Logo,https://www.canva.com/templates/EAFIkA9kyV0-blue-modern-accounting-consulting-company-logo/,https://template.canva.com/EAFIkA9kyV0/1/0/800w-JyEfH5kMhtE.jpg,false,0028_EAFIkA9kyV0.jpg,accounting/images/0028_EAFIkA9kyV0.jpg,2026-08-06T09:52:05.019Z
Accounting,Banking & Finance,Ingoude Company,ocr,success,D | INGOUDE COMPANY | BUSINESS DEVELOPMENT,EAEtoBkjLKM,Blue Modern Business Development Logo,https://www.canva.com/templates/EAEtoBkjLKM-blue-modern-business-development-logo/,https://template.canva.com/EAEtoBkjLKM/1/0/800w-eHjcmnCiasQ.jpg,true,0088_EAEtoBkjLKM.jpg,accounting/images/0088_EAEtoBkjLKM.jpg,2026-08-06T09:52:57.368Z
Accounting,Banking & Finance,Rimberio,ocr,success,RIMBERIO | FINANCIAL SERVICES,EAGIv7sdy40,Blue Modern Financial Services Logo,https://www.canva.com/templates/EAGIv7sdy40-blue-modern-financial-services-logo/,https://template.canva.com/EAGIv7sdy40/1/0/800w-volihqsi6WE.jpg,true,0043_EAGIv7sdy40.jpg,accounting/images/0043_EAGIv7sdy40.jpg,2026-08-06T09:52:14.992Z
Accounting,Banking & Finance,Hanover,ocr,success,HANOVER | FINANCIAL SERVICES,EAGIv-AQuIw,Blue Modern Financial Services Logo,https://www.canva.com/templates/EAGIv-AQuIw-blue-modern-financial-services-logo/,https://template.canva.com/EAGIv-AQuIw/1/0/800w-LI7wN1dOtTo.jpg,true,0053_EAGIv-AQuIw.jpg,accounting/images/0053_EAGIv-AQuIw.jpg,2026-08-06T09:52:23.698Z
Accounting,Banking & Finance,Vector Banking,ocr,success,VECTOR BANKING | RELIABLE FINANCE,EAEu77pka2g,Blue Modern Vector Banking Reliable Finance Logo,https://www.canva.com/templates/EAEu77pka2g-blue-modern-vector-banking-reliable-finance-logo/,https://template.canva.com/EAEu77pka2g/1/0/800w-Nd-9sKgJU1Y.jpg,true,0044_EAEu77pka2g.jpg,accounting/images/0044_EAEu77pka2g.jpg,2026-08-06T09:52:15.156Z
Accounting,Banking & Finance,vermilion,ocr,success,vermilion | agency,EAE7qYShvvo,Blue Navy Minimalist Line Agency Logo,https://www.canva.com/templates/EAE7qYShvvo-blue-navy-minimalist-line-agency-logo/,https://template.canva.com/EAE7qYShvvo/1/0/800w-Uy96LccYGvU.jpg,true,0085_EAE7qYShvvo.jpg,accounting/images/0085_EAE7qYShvvo.jpg,2026-08-06T09:52:56.919Z
Accounting,Banking & Finance,Alvarado,ocr,success,ALVARADO | FINANCE CONSULTANT,EAE0AG4wkxs,Blue Orange Black Growth Chart Finance Consultant Logo,https://www.canva.com/templates/EAE0AG4wkxs-blue-orange-black-growth-chart-finance-consultant-logo/,https://template.canva.com/EAE0AG4wkxs/1/0/800w-tLGDsoyQOBU.jpg,true,0079_EAE0AG4wkxs.jpg,accounting/images/0079_EAE0AG4wkxs.jpg,2026-08-06T09:52:48.621Z
Accounting,Banking & Finance,Finance,ocr,success,Z | FINANCE | consulting,EAE2x31ywTk,blue square arrow finance company logo,https://www.canva.com/templates/EAE2x31ywTk-blue-square-arrow-finance-company-logo/,https://template.canva.com/EAE2x31ywTk/1/0/800w-F16hZJVROHc.jpg,false,0030_EAE2x31ywTk.jpg,accounting/images/0030_EAE2x31ywTk.jpg,2026-08-06T09:52:05.344Z
Accounting,Banking & Finance,Borcelle,ocr,success,BORCELLE | FINANCE COMPANY,EAGojbnFND0,Blue White and Gold Modern Finance Company Logo,https://www.canva.com/templates/EAGojbnFND0-blue-white-and-gold-modern-finance-company-logo/,https://template.canva.com/EAGojbnFND0/1/0/800w-GgmjYgglPSY.jpg,true,0068_EAGojbnFND0.jpg,accounting/images/0068_EAGojbnFND0.jpg,2026-08-06T09:52:39.921Z
Accounting,Banking & Finance,LedgerPoint,ocr,success,LedgerPoint | Financial Services,EAGmiwm8lKk,Brown and Orange Financial Services Logo,https://www.canva.com/templates/EAGmiwm8lKk-brown-and-orange-financial-services-logo/,https://template.canva.com/EAGmiwm8lKk/2/0/800w-sWfI1gwbsTs.jpg,true,0058_EAGmiwm8lKk.jpg,accounting/images/0058_EAGmiwm8lKk.jpg,2026-08-06T09:52:31.415Z
Accounting,Banking & Finance,Midway,ocr,success,MIDWAY | ACCOUNTING FIRM,EAGNx1wNshw,Brown Minimalist Accounting Firm Services Logo,https://www.canva.com/templates/EAGNx1wNshw-brown-minimalist-accounting-firm-services-logo/,https://template.canva.com/EAGNx1wNshw/1/0/800w-1JywlcsPipw.jpg,true,0042_EAGNx1wNshw.jpg,accounting/images/0042_EAGNx1wNshw.jpg,2026-08-06T09:52:14.825Z
Accounting,Banking & Finance,Steven Maxwell,ocr,success,Steven Maxwell | TAX ACCOUNTANT,EAEVhnzPDMI,Business Accounting Logo Template,https://www.canva.com/templates/EAEVhnzPDMI-business-accounting-logo-template/,https://template.canva.com/EAEVhnzPDMI/1/0/800w-NlAicdfHXe0.jpg,true,0070_EAEVhnzPDMI.jpg,accounting/images/0070_EAEVhnzPDMI.jpg,2026-08-06T09:52:40.270Z
Accounting,Banking & Finance,Growth,ocr,success,GROWTH | YOUR SKILL,EAEy8xfb2Hg,Business Skill Level up Mentoring logo,https://www.canva.com/templates/EAEy8xfb2Hg-business-skill-level-up-mentoring-logo/,https://template.canva.com/EAEy8xfb2Hg/1/0/800w-CXyLC7RUHyQ.jpg,true,0019_EAEy8xfb2Hg.jpg,accounting/images/0019_EAEy8xfb2Hg.jpg,2026-08-06T09:51:56.516Z
Accounting,Banking & Finance,Shuck Fiscal,ocr,success,SHUCK FISCAL | Best Accounting Firm,EAE-b0xt8VE,Colorful Minimalist Pie Chart Illustration Accounting Firm Logo,https://www.canva.com/templates/EAE-b0xt8VE-colorful-minimalist-pie-chart-illustration-accounting-firm-logo/,https://template.canva.com/EAE-b0xt8VE/1/0/800w-etcm_TmBGMA.jpg,true,0066_EAE-b0xt8VE.jpg,accounting/images/0066_EAE-b0xt8VE.jpg,2026-08-06T09:52:39.604Z
Accounting,Banking & Finance,Fradel and Spies,ocr,success,Fradel and Spies,EAFFtwjYt6Q,Cute Avatar Character Design Professional Accounting Logo,https://www.canva.com/templates/EAFFtwjYt6Q-cute-avatar-character-design-professional-accounting-logo/,https://template.canva.com/EAFFtwjYt6Q/1/0/800w-8S94KZ-V83Y.jpg,true,0052_EAFFtwjYt6Q.jpg,accounting/images/0052_EAFFtwjYt6Q.jpg,2026-08-06T09:52:23.494Z
Accounting,Banking & Finance,Sarah Clark,ocr,success,Sarah Clark | TAX ACCOUNTANT,EAGKxKa0qZ8,Dark Green Minimal Elegant Accountant Logo,https://www.canva.com/templates/EAGKxKa0qZ8-dark-green-minimal-elegant-accountant-logo/,https://template.canva.com/EAGKxKa0qZ8/1/0/800w-s_RjbwMXKKg.jpg,true,0022_EAGKxKa0qZ8.jpg,accounting/images/0022_EAGKxKa0qZ8.jpg,2026-08-06T09:51:56.954Z
Accounting,Banking & Finance,Consult,ocr,success,CONSULT | BRAND LOGO,EAEzQL0JI8U,Elegant Financial Consultant Logo,https://www.canva.com/templates/EAEzQL0JI8U-elegant-financial-consultant-logo/,https://template.canva.com/EAEzQL0JI8U/1/0/800w-v21iA21db8M.jpg,true,0069_EAEzQL0JI8U.jpg,accounting/images/0069_EAEzQL0JI8U.jpg,2026-08-06T09:52:40.096Z
Accounting,Banking & Finance,Craca Global,ocr,success,CRACA GLOBAL | FINANCIAL ADVISOR,EAE0yYIxy1A,Financial Advisor Logo,https://www.canva.com/templates/EAE0yYIxy1A-financial-advisor-logo/,https://template.canva.com/EAE0yYIxy1A/1/0/800w-gIs1U-NrUmc.jpg,true,0056_EAE0yYIxy1A.jpg,accounting/images/0056_EAE0yYIxy1A.jpg,2026-08-06T09:52:31.140Z
Accounting,Banking & Finance,Finance,ocr,success,FINANCE | YOUR TAGLINE,EAEz5vCC62c,Financial Advisors Market Charts arrow Logo,https://www.canva.com/templates/EAEz5vCC62c-financial-advisors-market-charts-arrow-logo/,https://template.canva.com/EAEz5vCC62c/1/0/800w-SIl5ntdHyUY.jpg,false,0029_EAEz5vCC62c.jpg,accounting/images/0029_EAEz5vCC62c.jpg,2026-08-06T09:52:05.193Z
Accounting,Banking & Finance,Planner,ocr,success,TRUSTED PROFESSIONAL | FINANCIAL | PLANNER,EAEYpGwsYyA,Fun Retro Illustrated Financial Planner Logo,https://www.canva.com/templates/EAEYpGwsYyA-fun-retro-illustrated-financial-planner-logo/,https://template.canva.com/EAEYpGwsYyA/1/0/800w-lvm004iCy8Q.jpg,true,0013_EAEYpGwsYyA.jpg,accounting/images/0013_EAEYpGwsYyA.jpg,2026-08-06T09:51:47.794Z
Accounting,Banking & Finance,Fund Rising,ocr,success,FUND RISING | FINANCE INVESMENT,EAE933kNBNE,Fund Rising Finance Invesment Logo,https://www.canva.com/templates/EAE933kNBNE-fund-rising-finance-invesment-logo/,https://template.canva.com/EAE933kNBNE/1/0/800w-4dwf1qUnDF8.jpg,true,0091_EAE933kNBNE.jpg,accounting/images/0091_EAE933kNBNE.jpg,2026-08-06T09:53:01.834Z
Accounting,Banking & Finance,Borcelle,ocr,success,Borcelle | DIGITAL ACCOUNTING,EAE278l93tw,Gradient Minimalist Accounting Logo,https://www.canva.com/templates/EAE278l93tw-gradient-minimalist-accounting-logo/,https://template.canva.com/EAE278l93tw/2/0/800w-Kg0KCX2pXoo.jpg,true,0092_EAE278l93tw.jpg,accounting/images/0092_EAE278l93tw.jpg,2026-08-06T09:53:01.981Z
Accounting,Banking & Finance,Circuling,ocr,success,CIRCULING | Financial Consultant,EAEysxDufDQ,Gray and White Clean Circle Vector Icon Financial Consultant Logo,https://www.canva.com/templates/EAEysxDufDQ-gray-and-white-clean-circle-vector-icon-financial-consultant-logo/,https://template.canva.com/EAEysxDufDQ/1/0/800w-y_Wh07XU1fs.jpg,true,0017_EAEysxDufDQ.jpg,accounting/images/0017_EAEysxDufDQ.jpg,2026-08-06T09:51:48.416Z
Accounting,Banking & Finance,Community Logo,ocr,success,COMMUNITY LOGO | NON PROFIT LOGO CONCEPT,EAFD2SPQPFI,Gray Community Non Profit Logo,https://www.canva.com/templates/EAFD2SPQPFI-gray-community-non-profit-logo/,https://template.canva.com/EAFD2SPQPFI/1/0/800w-DIfLMTbs6xw.jpg,true,0074_EAFD2SPQPFI.jpg,accounting/images/0074_EAFD2SPQPFI.jpg,2026-08-06T09:52:47.865Z
Accounting,Banking & Finance,Suroso,ocr,success,S | SUROSO | GROUP | FINANCIAL DEPARTMENT,EAEys9nwX7E,Gray Elegant Initial S Letter Financial Branding Logo,https://www.canva.com/templates/EAEys9nwX7E-gray-elegant-initial-s-letter-financial-branding-logo/,https://template.canva.com/EAEys9nwX7E/1/0/800w-FRHZ6kSl6V4.jpg,true,0077_EAEys9nwX7E.jpg,accounting/images/0077_EAEys9nwX7E.jpg,2026-08-06T09:52:48.329Z
Accounting,Banking & Finance,Borcelle,ocr,success,D | BORCELLE,EAE9ruRlCSs,Gray minimalist financial Logo,https://www.canva.com/templates/EAE9ruRlCSs-gray-minimalist-financial-logo/,https://template.canva.com/EAE9ruRlCSs/1/0/800w-EwAEK0xQ8Qo.jpg,false,0003_EAE9ruRlCSs.jpg,accounting/images/0003_EAE9ruRlCSs.jpg,2026-08-06T09:51:37.981Z
Accounting,Banking & Finance,Borswort,ocr,success,BORSWORT | ACCOUNTING FIRM,EAEfClBdzDI,Green and Navy Accounting Firm Logo with Letter B Icon,https://www.canva.com/templates/EAEfClBdzDI-green-and-navy-accounting-firm-logo-with-letter-b-icon/,https://template.canva.com/EAEfClBdzDI/1/0/800w-cBWWr33bQXs.jpg,true,0062_EAEfClBdzDI.jpg,accounting/images/0062_EAEfClBdzDI.jpg,2026-08-06T09:52:32.017Z
Accounting,Banking & Finance,Borcelle,ocr,success,BORCELLE | FINANCE COMPANY,EAGojYzKKDA,Green and White Simple Finance Company Logo,https://www.canva.com/templates/EAGojYzKKDA-green-and-white-simple-finance-company-logo/,https://template.canva.com/EAGojYzKKDA/1/0/800w-SA1fwExky28.jpg,true,0060_EAGojYzKKDA.jpg,accounting/images/0060_EAGojYzKKDA.jpg,2026-08-06T09:52:31.739Z
Accounting,Banking & Finance,Accounting,ocr,success,ACCOUNTING | FINANCIAL MANAGEMENT,EAEwkW5s_a8,Green Financial Accounting Logo,https://www.canva.com/templates/EAEwkW5s_a8-green-financial-accounting-logo/,https://template.canva.com/EAEwkW5s_a8/1/0/800w-Np2ezz9LZq0.jpg,true,0037_EAEwkW5s_a8.jpg,accounting/images/0037_EAEwkW5s_a8.jpg,2026-08-06T09:52:13.949Z
Accounting,Banking & Finance,Wardiere Inc.,ocr,success,WARDIERE INC. | FINANCE,EAFWjSE2bGk,Green Gold Finance Elegant Luxury Logo,https://www.canva.com/templates/EAFWjSE2bGk-green-gold-finance-elegant-luxury-logo/,https://template.canva.com/EAFWjSE2bGk/1/0/800w-whbdZyxUv08.jpg,false,0031_EAFWjSE2bGk.jpg,accounting/images/0031_EAFWjSE2bGk.jpg,2026-08-06T09:52:05.497Z
Accounting,Banking & Finance,Finance,ocr,success,Finance | Consultant,EAFKjAhR044,Green Minimalist Finance Logo,https://www.canva.com/templates/EAFKjAhR044-green-minimalist-finance-logo/,https://template.canva.com/EAFKjAhR044/2/0/800w-gSIrZofZs5E.jpg,true,0038_EAFKjAhR044.jpg,accounting/images/0038_EAFKjAhR044.jpg,2026-08-06T09:52:14.123Z
Accounting,Banking & Finance,Finance,ocr,success,FINANCE | Business,EAFLL9j9Ohc,Green Minimalist Finance Logo,https://www.canva.com/templates/EAFLL9j9Ohc-green-minimalist-finance-logo/,https://template.canva.com/EAFLL9j9Ohc/1/0/800w-vVx92XwnfCw.jpg,true,0048_EAFLL9j9Ohc.jpg,accounting/images/0048_EAFLL9j9Ohc.jpg,2026-08-06T09:52:22.844Z
Accounting,Banking & Finance,Finance Company,ocr,success,FINANCE COMPANY,EAGnxOjG0cE,Green Minimalist Finance Logo,https://www.canva.com/templates/EAGnxOjG0cE-green-minimalist-finance-logo/,https://template.canva.com/EAGnxOjG0cE/4/0/800w-NwOX5mfM4yA.jpg,true,0080_EAGnxOjG0cE.jpg,accounting/images/0080_EAGnxOjG0cE.jpg,2026-08-06T09:52:48.778Z
Accounting,Banking & Finance,Greenbar,ocr,success,GREENBAR | ACCOUNTING,EAE80l0QNLE,Green Red Modern Financial Accounting Logo,https://www.canva.com/templates/EAE80l0QNLE-green-red-modern-financial-accounting-logo/,https://template.canva.com/EAE80l0QNLE/1/0/800w-QTJh2iQycQ8.jpg,true,0090_EAE80l0QNLE.jpg,accounting/images/0090_EAE80l0QNLE.jpg,2026-08-06T09:52:57.653Z
Accounting,Banking & Finance,Elephant,ocr,success,ELEPHANT | FINANCIAL,EAFyh67NIZc,Green White and Black Modern Elephant letter M Financial Logo Design,https://www.canva.com/templates/EAFyh67NIZc-green-white-and-black-modern-elephant-letter-m-financial-logo-design/,https://template.canva.com/EAFyh67NIZc/1/0/800w-nFyTWtPR8IU.jpg,true,0024_EAFyh67NIZc.jpg,accounting/images/0024_EAFyh67NIZc.jpg,2026-08-06T09:51:57.239Z
Accounting,Banking & Finance,Verdia,ocr,success,Verdia | Finance | Where Visions Grow,EAGpNzh8PGM,Grey and White Minimalist Finance Professional Business Logo,https://www.canva.com/templates/EAGpNzh8PGM-grey-and-white-minimalist-finance-professional-business-logo/,https://template.canva.com/EAGpNzh8PGM/1/0/800w-HwwIdE6WLJE.jpg,true,0061_EAGpNzh8PGM.jpg,accounting/images/0061_EAGpNzh8PGM.jpg,2026-08-06T09:52:31.875Z
Accounting,Banking & Finance,Heal Country,ocr,success,Heal Country,EAEYhd5b4Ls,Heal Country Logo,https://www.canva.com/templates/EAEYhd5b4Ls-heal-country-logo/,https://template.canva.com/EAEYhd5b4Ls/2/0/800w-22SuUI5M9rY.jpg,true,0045_EAEYhd5b4Ls.jpg,accounting/images/0045_EAEYhd5b4Ls.jpg,2026-08-06T09:52:15.322Z
Accounting,Banking & Finance,Aresil,ocr,success,ARESIL | Finance Company,EAEwbGM06ss,Letter A Logo With Accounting and Calculator Concept.,https://www.canva.com/templates/EAEwbGM06ss-letter-a-logo-with-accounting-and-calculator-concept/,https://template.canva.com/EAEwbGM06ss/2/0/800w-Z2joF6vbhAQ.jpg,true,0009_EAEwbGM06ss.jpg,accounting/images/0009_EAEwbGM06ss.jpg,2026-08-06T09:51:38.980Z
Accounting,Banking & Finance,Firelo,ocr,success,x | FIRELO | Company Brand,EAEx6s02ma0,Letter F Logo With Accounting and Calculator Concept.,https://www.canva.com/templates/EAEx6s02ma0-letter-f-logo-with-accounting-and-calculator-concept/,https://template.canva.com/EAEx6s02ma0/1/0/800w-GovBPrT5p0Q.jpg,true,0034_EAEx6s02ma0.jpg,accounting/images/0034_EAEx6s02ma0.jpg,2026-08-06T09:52:05.984Z
Accounting,Banking & Finance,F-Mumbai,ocr,success,F-MUMBAI | CONSULTANCY | PROFESSIONAL | FINANCIAL SERVICES,EAFqoKY-PS0,Light Blue and Navy Modern Financial Consultant Finance Logo,https://www.canva.com/templates/EAFqoKY-PS0-light-blue-and-navy-modern-financial-consultant-finance-logo/,https://template.canva.com/EAFqoKY-PS0/3/0/800w-_QTpHGCp390.jpg,false,0002_EAFqoKY-PS0.jpg,accounting/images/0002_EAFqoKY-PS0.jpg,2026-08-06T09:51:37.825Z
Accounting,Banking & Finance,Tid,ocr,success,TID | Financial | Company,EAEz1oi4Ccg,marketing and financial business logo template,https://www.canva.com/templates/EAEz1oi4Ccg-marketing-and-financial-business-logo-template/,https://template.canva.com/EAEz1oi4Ccg/2/0/800w-q_mZvK-a3JI.jpg,false,0004_EAEz1oi4Ccg.jpg,accounting/images/0004_EAEz1oi4Ccg.jpg,2026-08-06T09:51:38.151Z
Accounting,Banking & Finance,Salford & Co,ocr,success,C | SALFORD & CO,EAF1diIAO7M,Navy And Grey Classic Initials Attorney Law Logo Design,https://www.canva.com/templates/EAF1diIAO7M-navy-and-grey-classic-initials-attorney-law-logo-design/,https://template.canva.com/EAF1diIAO7M/1/0/800w-MbK95koIWEY.jpg,true,0046_EAF1diIAO7M.jpg,accounting/images/0046_EAF1diIAO7M.jpg,2026-08-06T09:52:22.554Z
Accounting,Banking & Finance,Gardment,ocr,success,GARDMENT | FINANCIAL ASSISTANT,EAEys_N-Rv4,Orange and Gray Elegant Arrow icon Financial Assistant Logo,https://www.canva.com/templates/EAEys_N-Rv4-orange-and-gray-elegant-arrow-icon-financial-assistant-logo/,https://template.canva.com/EAEys_N-Rv4/1/0/800w-HYfr7K-BiDk.jpg,true,0057_EAEys_N-Rv4.jpg,accounting/images/0057_EAEys_N-Rv4.jpg,2026-08-06T09:52:31.279Z
Accounting,Banking & Finance,Pristine,ocr,success,Pristine | LEDGER,EAGpOPRmldQ,Orange and Purple Modern Professional Financial Logo,https://www.canva.com/templates/EAGpOPRmldQ-orange-and-purple-modern-professional-financial-logo/,https://template.canva.com/EAGpOPRmldQ/1/0/800w-abocOM_3SGA.jpg,true,0040_EAGpOPRmldQ.jpg,accounting/images/0040_EAGpOPRmldQ.jpg,2026-08-06T09:52:14.437Z
Accounting,Banking & Finance,Initial P,ocr,success,P | INITIAL P | FINANCIAL,EAFyh0rfpIA,Orange and White Modern Initial P Wallet Financial Logo Design,https://www.canva.com/templates/EAFyh0rfpIA-orange-and-white-modern-initial-p-wallet-financial-logo-design/,https://template.canva.com/EAFyh0rfpIA/1/0/800w-U-4xKdakCEw.jpg,true,0059_EAFyh0rfpIA.jpg,accounting/images/0059_EAFyh0rfpIA.jpg,2026-08-06T09:52:31.568Z
Accounting,Banking & Finance,Finance,ocr,success,FINANCE | CONSULTING,EAFNJWS4UsI,Orange Blue Minimalist Finance Graph Logo,https://www.canva.com/templates/EAFNJWS4UsI-orange-blue-minimalist-finance-graph-logo/,https://template.canva.com/EAFNJWS4UsI/1/0/800w-DNIQWkSp-oI.jpg,true,0050_EAFNJWS4UsI.jpg,accounting/images/0050_EAFNJWS4UsI.jpg,2026-08-06T09:52:23.139Z
Accounting,Banking & Finance,Id,ocr,success,ID | BUSINESS | SOLUTION,EAE6ZtTjtXo,orange blue modern business solution logo,https://www.canva.com/templates/EAE6ZtTjtXo-orange-blue-modern-business-solution-logo/,https://template.canva.com/EAE6ZtTjtXo/1/0/800w-gWk-G--HCxU.jpg,true,0072_EAE6ZtTjtXo.jpg,accounting/images/0072_EAE6ZtTjtXo.jpg,2026-08-06T09:52:40.564Z
Accounting,Banking & Finance,Chartinvest,ocr,success,Chartinvest | Technology,EAE1UW790ws,"Orange Financial Market Growth Talk Vector, Logo Template",https://www.canva.com/templates/EAE1UW790ws-orange-financial-market-growth-talk-vector-logo-template/,https://template.canva.com/EAE1UW790ws/1/0/800w-1qxiqnQ2pBc.jpg,false,0007_EAE1UW790ws.jpg,accounting/images/0007_EAE1UW790ws.jpg,2026-08-06T09:51:38.643Z
Accounting,Banking & Finance,marketing,ocr,success,suara | marketing,EAE5zTXMlQg,Orange Purple Minimalist Marketing Logo,https://www.canva.com/templates/EAE5zTXMlQg-orange-purple-minimalist-marketing-logo/,https://template.canva.com/EAE5zTXMlQg/1/0/800w-8IOWSiUU15g.jpg,true,0065_EAE5zTXMlQg.jpg,accounting/images/0065_EAE5zTXMlQg.jpg,2026-08-06T09:52:39.444Z
Accounting,Banking & Finance,Olivia,ocr,success,OLIVIA | WILSON | ACCOUNTING MANAGER,EAGCiPHOsKg,Purple and White Personal Accounting Manager Logo,https://www.canva.com/templates/EAGCiPHOsKg-purple-and-white-personal-accounting-manager-logo/,https://template.canva.com/EAGCiPHOsKg/1/0/800w-zekmIxCIzmU.jpg,true,0011_EAGCiPHOsKg.jpg,accounting/images/0011_EAGCiPHOsKg.jpg,2026-08-06T09:51:47.465Z
Accounting,Banking & Finance,Expert,ocr,success,FINANCIAL | EXPERT | ACCOUNTING & AUDITING,EAEsG4opFms,Purple and Yellow Gradient Modern Financial Expert Company Business Logo,https://www.canva.com/templates/EAEsG4opFms-purple-and-yellow-gradient-modern-financial-expert-company-business-logo/,https://template.canva.com/EAEsG4opFms/1/0/800w--55H8SyMbG0.jpg,true,0051_EAEsG4opFms.jpg,accounting/images/0051_EAEsG4opFms.jpg,2026-08-06T09:52:23.307Z
Accounting,Banking & Finance,Ultramax,ocr,success,ULTRAMAX | FINANCIAL CONSULTANT,EAEyspRdtjs,Red and Black Clean Business Professional Financial Assistant Logo,https://www.canva.com/templates/EAEyspRdtjs-red-and-black-clean-business-professional-financial-assistant-logo/,https://template.canva.com/EAEyspRdtjs/1/0/800w-MHuRM_pox5k.jpg,true,0078_EAEyspRdtjs.jpg,accounting/images/0078_EAEyspRdtjs.jpg,2026-08-06T09:52:48.477Z
Accounting,Banking & Finance,Umbrella,ocr,success,UMBRELLA | INSURANCE,EAFyhvev6q0,Red and Blue Corporate Umbrella Insurance Logo,https://www.canva.com/templates/EAFyhvev6q0-red-and-blue-corporate-umbrella-insurance-logo/,https://template.canva.com/EAFyhvev6q0/2/0/800w-3Nc5xNyaxrQ.jpg,true,0035_EAFyhvev6q0.jpg,accounting/images/0035_EAFyhvev6q0.jpg,2026-08-06T09:52:06.135Z
Accounting,Banking & Finance,Initials D,ocr,success,Initials D | FINANCIAL,EAFyhxDv4Sc,Red and Blue Modern Intials D Financial Logo Design,https://www.canva.com/templates/EAFyhxDv4Sc-red-and-blue-modern-intials-d-financial-logo-design/,https://template.canva.com/EAFyhxDv4Sc/2/0/800w-mq1f0tTWqnA.jpg,true,0081_EAFyhxDv4Sc.jpg,accounting/images/0081_EAFyhxDv4Sc.jpg,2026-08-06T09:52:48.925Z
Accounting,Banking & Finance,Normline,ocr,success,NORMLINE | ACCOUNTING & FINANCE,EAEynIAiFJI,White and Grey Simple N Letter Initial Finance Logo,https://www.canva.com/templates/EAEynIAiFJI-white-and-grey-simple-n-letter-initial-finance-logo/,https://template.canva.com/EAEynIAiFJI/1/0/800w-YEV_AAc9NQU.jpg,true,0041_EAEynIAiFJI.jpg,accounting/images/0041_EAEynIAiFJI.jpg,2026-08-06T09:52:14.674Z
Accounting,Banking & Finance,Fauget,ocr,success,FAUGET,EAE92Sc8GRQ,White minimalist financial Logo,https://www.canva.com/templates/EAE92Sc8GRQ-white-minimalist-financial-logo/,https://template.canva.com/EAE92Sc8GRQ/1/0/800w-annbCrU9Meg.jpg,true,0064_EAE92Sc8GRQ.jpg,accounting/images/0064_EAE92Sc8GRQ.jpg,2026-08-06T09:52:39.296Z
Accounting,Banking & Finance,all,ocr,success,all | Financial | Awesome Name,EAE9aCsgFN4,White Modern Financial Logo,https://www.canva.com/templates/EAE9aCsgFN4-white-modern-financial-logo/,https://template.canva.com/EAE9aCsgFN4/1/0/800w-k9vzp_AnzdQ.jpg,true,0012_EAE9aCsgFN4.jpg,accounting/images/0012_EAE9aCsgFN4.jpg,2026-08-06T09:51:47.623Z
Accounting,Banking & Finance,Finance,ocr,success,FINANCE | CONSULTING,EAFNJcU_dGY,Yellow Minimalist Finance Graph Logo,https://www.canva.com/templates/EAFNJcU_dGY-yellow-minimalist-finance-graph-logo/,https://template.canva.com/EAFNJcU_dGY/1/0/800w-Ssdi7zKwAF4.jpg,true,0023_EAFNJcU_dGY.jpg,accounting/images/0023_EAFNJcU_dGY.jpg,2026-08-06T09:51:57.101Z
Advertising,Advertising & Marketing,Studio Shodwe,ocr,success,STUDIO SHODWE,EAE6edNEZMA,Abstract Studio Shodwe S Logo Design,https://www.canva.com/templates/EAE6edNEZMA-abstract-studio-shodwe-s-logo-design/,https://template.canva.com/EAE6edNEZMA/1/0/800w-YtjLDot8nUg.jpg,true,0030_EAE6edNEZMA.jpg,advertising/images/0030_EAE6edNEZMA.jpg,2026-08-06T09:55:38.227Z
Advertising,Advertising & Marketing,Seo,ocr,success,SEO | GRADUAL GROWTH | Best SEO Company,EAE7SwJ8JcM,Black and Red Modern SEO Company Logo,https://www.canva.com/templates/EAE7SwJ8JcM-black-and-red-modern-seo-company-logo/,https://template.canva.com/EAE7SwJ8JcM/2/0/800w-dx8k5UiGXu4.jpg,true,0029_EAE7SwJ8JcM.jpg,advertising/images/0029_EAE7SwJ8JcM.jpg,2026-08-06T09:55:38.079Z
Advertising,Advertising & Marketing,Barcelle,ocr,success,Barcelle | Cafe & Resto | Est. 2020,EAFSnQacBU4,Black and White Elegant and Simple Cafe and Resto Logo,https://www.canva.com/templates/EAFSnQacBU4-black-and-white-elegant-and-simple-cafe-and-resto-logo/,https://template.canva.com/EAFSnQacBU4/1/0/800w-rbZU3gzwaoI.jpg,false,0026_EAFSnQacBU4.jpg,advertising/images/0026_EAFSnQacBU4.jpg,2026-08-06T09:55:29.761Z
Advertising,Advertising & Marketing,Love Bird,ocr,success,LOVE BIRD | MARKETING AGENCY,EAFFQ6vEcOA,Black White Illustration Marketing Agency Logo,https://www.canva.com/templates/EAFFQ6vEcOA-black-white-illustration-marketing-agency-logo/,https://template.canva.com/EAFFQ6vEcOA/1/0/800w-WrMvEzqwXOY.jpg,false,0001_EAFFQ6vEcOA.jpg,advertising/images/0001_EAFFQ6vEcOA.jpg,2026-08-06T09:55:09.580Z
Advertising,Advertising & Marketing,the agency,ocr,success,the agency | Digital Marketing Expert,EAE2VivrTsE,Blue & Green Modern Digital Agency Logo,https://www.canva.com/templates/EAE2VivrTsE-blue-green-modern-digital-agency-logo/,https://template.canva.com/EAE2VivrTsE/1/0/800w-Zh04vawdKic.jpg,true,0045_EAE2VivrTsE.jpg,advertising/images/0045_EAE2VivrTsE.jpg,2026-08-06T09:55:47.679Z
Advertising,Advertising & Marketing,Initial Search,ocr,success,INITIAL SEARCH | Best SEO Agency,EAE7S9SfRlQ,Blue and Green Modern SEO Agency Logo,https://www.canva.com/templates/EAE7S9SfRlQ-blue-and-green-modern-seo-agency-logo/,https://template.canva.com/EAE7S9SfRlQ/3/0/800w-sCXfZdTe8gE.jpg,true,0007_EAE7S9SfRlQ.jpg,advertising/images/0007_EAE7S9SfRlQ.jpg,2026-08-06T09:55:10.562Z
Advertising,Advertising & Marketing,WeisenhamTech,ocr,success,WeisenhamTech,EAFJdQ0QcKg,Blue Black Business Logo,https://www.canva.com/templates/EAFJdQ0QcKg-blue-black-business-logo/,https://template.canva.com/EAFJdQ0QcKg/1/0/800w-43Xy6HzmD4o.jpg,true,0034_EAFJdQ0QcKg.jpg,advertising/images/0034_EAFJdQ0QcKg.jpg,2026-08-06T09:55:38.861Z
Advertising,Advertising & Marketing,woodiest,ocr,success,woodiest | FURNITURE,EAE2GfmX4lY,Blue Business Design Furniture Logo,https://www.canva.com/templates/EAE2GfmX4lY-blue-business-design-furniture-logo/,https://template.canva.com/EAE2GfmX4lY/1/0/800w-FS997Q-emhE.jpg,true,0041_EAE2GfmX4lY.jpg,advertising/images/0041_EAE2GfmX4lY.jpg,2026-08-06T09:55:47.113Z
Advertising,Advertising & Marketing,Aldenaire & Partners,ocr,success,ALDENAIRE & PARTNERS | MARKETING AGENCY,EAE0bNOLefo,Blue Business People Marketing Agency Logo,https://www.canva.com/templates/EAE0bNOLefo-blue-business-people-marketing-agency-logo/,https://template.canva.com/EAE0bNOLefo/1/0/800w-d8E-0x8oozg.jpg,true,0020_EAE0bNOLefo.jpg,advertising/images/0020_EAE0bNOLefo.jpg,2026-08-06T09:55:28.813Z
Advertising,Advertising & Marketing,bluecar,ocr,success,bluecar | Car Wash,EAE2v20a8bc,"Blue Car Wash, Logos, Cleaning Car - Logo Design",https://www.canva.com/templates/EAE2v20a8bc-blue-car-wash-logos-cleaning-car-logo-design/,https://template.canva.com/EAE2v20a8bc/1/0/800w-UjBivs5jWO4.jpg,true,0056_EAE2v20a8bc.jpg,advertising/images/0056_EAE2v20a8bc.jpg,2026-08-06T09:56:02.865Z
Advertising,Advertising & Marketing,Business,ocr,success,BUSINESS | BRANDING,EAFOZhpq8F4,Blue minimalist business branding logo,https://www.canva.com/templates/EAFOZhpq8F4-blue-minimalist-business-branding-logo/,https://template.canva.com/EAFOZhpq8F4/1/0/800w-yTF4Cjn7DmY.jpg,true,0017_EAFOZhpq8F4.jpg,advertising/images/0017_EAFOZhpq8F4.jpg,2026-08-06T09:55:20.507Z
Advertising,Advertising & Marketing,Business,ocr,success,2005 | O | BUSINESS | BRANDING,EAFNyisXvq0,Blue Minimalist Business Branding Logo,https://www.canva.com/templates/EAFNyisXvq0-blue-minimalist-business-branding-logo/,https://template.canva.com/EAFNyisXvq0/1/0/800w-F0qd2gtjXbA.jpg,true,0005_EAFNyisXvq0.jpg,advertising/images/0005_EAFNyisXvq0.jpg,2026-08-06T09:55:10.274Z
Advertising,Advertising & Marketing,Extene,ocr,success,Extene,EAFCkY2MOGQ,Blue Simple Business Logo,https://www.canva.com/templates/EAFCkY2MOGQ-blue-simple-business-logo/,https://template.canva.com/EAFCkY2MOGQ/2/0/800w-a90ySJbmTNc.jpg,false,0002_EAFCkY2MOGQ.jpg,advertising/images/0002_EAFCkY2MOGQ.jpg,2026-08-06T09:55:09.764Z
Advertising,Advertising & Marketing,Santa Solana,ocr,success,Santa Solana | BEACH HOUSE,EAFJiT8kj9k,Bright Yellow Cream Business Logo,https://www.canva.com/templates/EAFJiT8kj9k-bright-yellow-cream-business-logo/,https://template.canva.com/EAFJiT8kj9k/1/0/800w-tBp2TDAcHJI.jpg,true,0039_EAFJiT8kj9k.jpg,advertising/images/0039_EAFJiT8kj9k.jpg,2026-08-06T09:55:46.824Z
Advertising,Advertising & Marketing,ejoy,ocr,success,ejoy | FURNITURE,EAE2GSDdshE,Brown Business Design Furniture Logo,https://www.canva.com/templates/EAE2GSDdshE-brown-business-design-furniture-logo/,https://template.canva.com/EAE2GSDdshE/1/0/800w-O5ojza7LtiE.jpg,true,0042_EAE2GSDdshE.jpg,advertising/images/0042_EAE2GSDdshE.jpg,2026-08-06T09:55:47.251Z
Advertising,Advertising & Marketing,kosoerqu,ocr,success,kosoerqu | FURNITURE,EAE2GQ3ZrO4,Brown Business Design Furniture Logo,https://www.canva.com/templates/EAE2GQ3ZrO4-brown-business-design-furniture-logo/,https://template.canva.com/EAE2GQ3ZrO4/1/0/800w-3KaN-hU2nB4.jpg,true,0057_EAE2GQ3ZrO4.jpg,advertising/images/0057_EAE2GQ3ZrO4.jpg,2026-08-06T09:56:03.026Z
Advertising,Advertising & Marketing,Timmerman,ocr,success,TIMMERMAN | FURNITURE,EAE-LTknyYE,Brown Business Design Furniture Logo - Logos,https://www.canva.com/templates/EAE-LTknyYE-brown-business-design-furniture-logo-logos/,https://template.canva.com/EAE-LTknyYE/1/0/800w-_rrKqNQqYYo.jpg,true,0062_EAE-LTknyYE.jpg,advertising/images/0062_EAE-LTknyYE.jpg,2026-08-06T09:56:03.824Z
Advertising,Advertising & Marketing,Paucek and Lage,ocr,success,Paucek and Lage | Music Studio,EAFEUfF4sxk,Colorful Simple Minimalist Music Studio - Logo,https://www.canva.com/templates/EAFEUfF4sxk-colorful-simple-minimalist-music-studio-logo/,https://template.canva.com/EAFEUfF4sxk/1/0/800w-4Y_HkKtrpBY.jpg,true,0012_EAFEUfF4sxk.jpg,advertising/images/0012_EAFEUfF4sxk.jpg,2026-08-06T09:55:19.775Z
Advertising,Advertising & Marketing,Café / Bellarmine,ocr,success,Café / Bellarmine | SINCE 1990,EAFJX_xMSQU,Cream Lilac Peach Business Logo,https://www.canva.com/templates/EAFJX_xMSQU-cream-lilac-peach-business-logo/,https://template.canva.com/EAFJX_xMSQU/1/0/800w-bmwkNCcfIxs.jpg,true,0046_EAFJX_xMSQU.jpg,advertising/images/0046_EAFJX_xMSQU.jpg,2026-08-06T09:55:55.189Z
Advertising,Advertising & Marketing,Aldenaire,ocr,success,ALDENAIRE | AGENCY,EAFLVxdUG8I,Digital Marketing Advertise Logo,https://www.canva.com/templates/EAFLVxdUG8I-digital-marketing-advertise-logo/,https://template.canva.com/EAFLVxdUG8I/1/0/800w-09j2PRgi_A4.jpg,true,0049_EAFLVxdUG8I.jpg,advertising/images/0049_EAFLVxdUG8I.jpg,2026-08-06T09:55:55.605Z
Advertising,Advertising & Marketing,Aldenaire,ocr,success,ALDENAIRE | CORPORATION,EAFLrGF1ySM,Digital Marketing Announcement Logo,https://www.canva.com/templates/EAFLrGF1ySM-digital-marketing-announcement-logo/,https://template.canva.com/EAFLrGF1ySM/2/0/800w-fHKbBz1HFIA.jpg,true,0006_EAFLrGF1ySM.jpg,advertising/images/0006_EAFLrGF1ySM.jpg,2026-08-06T09:55:10.418Z
Advertising,Technology & Electronics,Dani Martinez,ocr,success,DANI MARTINEZ | TECHNOLOGY,EAFMOlYY0rU,Digital Marketing Logo,https://www.canva.com/templates/EAFMOlYY0rU-digital-marketing-logo/,https://template.canva.com/EAFMOlYY0rU/1/0/800w-RV20cHfHn4Y.jpg,true,0023_EAFMOlYY0rU.jpg,advertising/images/0023_EAFMOlYY0rU.jpg,2026-08-06T09:55:29.294Z
Advertising,Advertising & Marketing,Aaron Loeb,ocr,success,AARON LOEB | PREMIUM,EAFMNr_T6eM,Digital Marketing Logo,https://www.canva.com/templates/EAFMNr_T6eM-digital-marketing-logo/,https://template.canva.com/EAFMNr_T6eM/1/0/800w-GXqzAq5VcHc.jpg,true,0025_EAFMNr_T6eM.jpg,advertising/images/0025_EAFMNr_T6eM.jpg,2026-08-06T09:55:29.614Z
Advertising,Advertising & Marketing,Alexander,ocr,success,ALEXANDER | CORPORATION,EAFLWZ-XaD8,Digital Marketing Logo,https://www.canva.com/templates/EAFLWZ-XaD8-digital-marketing-logo/,https://template.canva.com/EAFLWZ-XaD8/1/0/800w-jCVYId6780U.jpg,true,0047_EAFLWZ-XaD8.jpg,advertising/images/0047_EAFLWZ-XaD8.jpg,2026-08-06T09:55:55.331Z
Advertising,Banking & Finance,Financial,ocr,success,Financial | ADVISOR,EAEz_orjOmw,Financial advisor investment logo template,https://www.canva.com/templates/EAEz_orjOmw-financial-advisor-investment-logo-template/,https://template.canva.com/EAEz_orjOmw/2/0/800w-P2OC5OSVCrw.jpg,false,0003_EAEz_orjOmw.jpg,advertising/images/0003_EAEz_orjOmw.jpg,2026-08-06T09:55:09.936Z
Advertising,Advertising & Marketing,furniture,ocr,success,furniture | premium quality,EAE2GaISLn0,Gold Business Design Furniture Logo,https://www.canva.com/templates/EAE2GaISLn0-gold-business-design-furniture-logo/,https://template.canva.com/EAE2GaISLn0/1/0/800w-u9rt7ZxbaGc.jpg,true,0013_EAE2GaISLn0.jpg,advertising/images/0013_EAE2GaISLn0.jpg,2026-08-06T09:55:19.923Z
Advertising,Advertising & Marketing,Mitchell,ocr,success,MITCHELL | PREMIUM FASHION,EAFL0JXoas0,Gold Line Simple Premium Fashion Collect Logoion,https://www.canva.com/templates/EAFL0JXoas0-gold-line-simple-premium-fashion-collect-logoion/,https://template.canva.com/EAFL0JXoas0/1/0/800w-ROLPiemLXlc.jpg,false,0027_EAFL0JXoas0.jpg,advertising/images/0027_EAFL0JXoas0.jpg,2026-08-06T09:55:29.927Z
Advertising,Advertising & Marketing,Greenery,ocr,success,GREENERY,EAFJdeWmdic,Green Black Business Logo,https://www.canva.com/templates/EAFJdeWmdic-green-black-business-logo/,https://template.canva.com/EAFJdeWmdic/1/0/800w-oX9NsipLwpM.jpg,true,0037_EAFJdeWmdic.jpg,advertising/images/0037_EAFJdeWmdic.jpg,2026-08-06T09:55:46.533Z
Advertising,Advertising & Marketing,Pureniture,ocr,success,Pureniture | premium quality,EAE2GYUy1lw,Green Business Design Furniture Logo,https://www.canva.com/templates/EAE2GYUy1lw-green-business-design-furniture-logo/,https://template.canva.com/EAE2GYUy1lw/1/0/800w-1Av_bQaoJkY.jpg,false,0028_EAE2GYUy1lw.jpg,advertising/images/0028_EAE2GYUy1lw.jpg,2026-08-06T09:55:37.927Z
Advertising,Advertising & Marketing,greencar,ocr,success,greencar,EAE2v_Gk7K4,"Green Car Wash, Logos, Cleaning Car - Logo Design",https://www.canva.com/templates/EAE2v_Gk7K4-green-car-wash-logos-cleaning-car-logo-design/,https://template.canva.com/EAE2v_Gk7K4/1/0/800w-BAEPEzak2yA.jpg,true,0054_EAE2v_Gk7K4.jpg,advertising/images/0054_EAE2v_Gk7K4.jpg,2026-08-06T09:55:56.305Z
Advertising,Advertising & Marketing,Lora,ocr,success,Lora | FOOD CORPORATION,EAFJX5wMdjs,Green Red Yellow Business Logo,https://www.canva.com/templates/EAFJX5wMdjs-green-red-yellow-business-logo/,https://template.canva.com/EAFJX5wMdjs/1/0/800w-JflGVFBcLQ8.jpg,true,0031_EAFJX5wMdjs.jpg,advertising/images/0031_EAFJX5wMdjs.jpg,2026-08-06T09:55:38.370Z
Advertising,Advertising & Marketing,Almarie,ocr,success,Almarie | ENITURE,EAE2GZPj7XI,Magenta Business Design Furniture Logo,https://www.canva.com/templates/EAE2GZPj7XI-magenta-business-design-furniture-logo/,https://template.canva.com/EAE2GZPj7XI/1/0/800w-KfkifT1u_vM.jpg,true,0066_EAE2GZPj7XI.jpg,advertising/images/0066_EAE2GZPj7XI.jpg,2026-08-06T09:56:07.656Z
Advertising,Advertising & Marketing,x palladium,ocr,success,x palladium | MARKETING STUDIO,EAE5BPjJMTc,Marketing studio Logo,https://www.canva.com/templates/EAE5BPjJMTc-marketing-studio-logo/,https://template.canva.com/EAE5BPjJMTc/1/0/800w-CYEdabfazCQ.jpg,true,0032_EAE5BPjJMTc.jpg,advertising/images/0032_EAE5BPjJMTc.jpg,2026-08-06T09:55:38.518Z
Advertising,Architecture & Real Estate,Salford & Co,ocr,success,Salford & Co | Property Management,EAFDSszY1Fc,Mustard & Gray Simple Property Logo,https://www.canva.com/templates/EAFDSszY1Fc-mustard-gray-simple-property-logo/,https://template.canva.com/EAFDSszY1Fc/1/0/800w-kZ6MeDKjGyw.jpg,true,0004_EAFDSszY1Fc.jpg,advertising/images/0004_EAFDSszY1Fc.jpg,2026-08-06T09:55:10.110Z
Advertising,Advertising & Marketing,Sports House,ocr,success,SPORTS HOUSE,EAFJXwL8yK4,Neon Green Bright Blue Business Logo,https://www.canva.com/templates/EAFJXwL8yK4-neon-green-bright-blue-business-logo/,https://template.canva.com/EAFJXwL8yK4/1/0/800w-OjDzArsGsac.jpg,true,0035_EAFJXwL8yK4.jpg,advertising/images/0035_EAFJXwL8yK4.jpg,2026-08-06T09:55:39.005Z
Advertising,Advertising & Marketing,Aldenaire,ocr,success,или | ALDENAIRE | CORPORATION,EAFLWbFU9rM,Online Shopping Marketing Logo,https://www.canva.com/templates/EAFLWbFU9rM-online-shopping-marketing-logo/,https://template.canva.com/EAFLWbFU9rM/1/0/800w-4bZenKg5_9Y.jpg,true,0019_EAFLWbFU9rM.jpg,advertising/images/0019_EAFLWbFU9rM.jpg,2026-08-06T09:55:28.675Z
Advertising,Advertising & Marketing,Whimson,ocr,success,WHIMSON | International Inc,EAFJXt_7eWc,Orange Black White Business Logo,https://www.canva.com/templates/EAFJXt_7eWc-orange-black-white-business-logo/,https://template.canva.com/EAFJXt_7eWc/1/0/800w-extxyOgfmVQ.jpg,true,0010_EAFJXt_7eWc.jpg,advertising/images/0010_EAFJXt_7eWc.jpg,2026-08-06T09:55:19.480Z
Advertising,Advertising & Marketing,Mardarita,ocr,success,Mardarita | Skincare | Beautyl,EAExwEdLPOE,Pink Beauty and Feminine Skincare Logo Design,https://www.canva.com/templates/EAExwEdLPOE-pink-beauty-and-feminine-skincare-logo-design/,https://template.canva.com/EAExwEdLPOE/1/0/800w-RCkT9PgYwRA.jpg,true,0043_EAExwEdLPOE.jpg,advertising/images/0043_EAExwEdLPOE.jpg,2026-08-06T09:55:47.390Z
Advertising,Advertising & Marketing,Business,ocr,success,BUSINESS | BRANDING,EAFO6SIsH-0,Pink Modern Business Branding Logo,https://www.canva.com/templates/EAFO6SIsH-0-pink-modern-business-branding-logo/,https://template.canva.com/EAFO6SIsH-0/1/0/800w-ZBrCfXWdcIc.jpg,true,0015_EAFO6SIsH-0.jpg,advertising/images/0015_EAFO6SIsH-0.jpg,2026-08-06T09:55:20.219Z
Advertising,Advertising & Marketing,Rosa,ocr,success,ROSA,EAFCk1hAFRk,Pink Modern Business Logo,https://www.canva.com/templates/EAFCk1hAFRk-pink-modern-business-logo/,https://template.canva.com/EAFCk1hAFRk/1/0/800w-HaiJzBG_qNs.jpg,true,0016_EAFCk1hAFRk.jpg,advertising/images/0016_EAFCk1hAFRk.jpg,2026-08-06T09:55:20.360Z
Advertising,Advertising & Marketing,Business,ocr,success,BUSINESS | BRANDING,EAFMwy-xoTM,Purple Blue Minimalist Business Branding Logo,https://www.canva.com/templates/EAFMwy-xoTM-purple-blue-minimalist-business-branding-logo/,https://template.canva.com/EAFMwy-xoTM/1/0/800w-2YAKkmvnHdw.jpg,true,0014_EAFMwy-xoTM.jpg,advertising/images/0014_EAFMwy-xoTM.jpg,2026-08-06T09:55:20.068Z
Advertising,Advertising & Marketing,omohku,ocr,success,omohku | FURNITURE,EAE2GZp0Aic,Purple Business Design Furniture Logo,https://www.canva.com/templates/EAE2GZp0Aic-purple-business-design-furniture-logo/,https://template.canva.com/EAE2GZp0Aic/1/0/800w-eju2sfHR0dw.jpg,true,0040_EAE2GZp0Aic.jpg,advertising/images/0040_EAE2GZp0Aic.jpg,2026-08-06T09:55:46.963Z
Advertising,Advertising & Marketing,Harlow,ocr,success,BEAL AND | HARLOW,EAFJX-Yo0yk,Purple Cream Business Logo,https://www.canva.com/templates/EAFJX-Yo0yk-purple-cream-business-logo/,https://template.canva.com/EAFJX-Yo0yk/1/0/800w-Jp1-VBG4bDs.jpg,true,0036_EAFJX-Yo0yk.jpg,advertising/images/0036_EAFJX-Yo0yk.jpg,2026-08-06T09:55:39.148Z
Advertising,Advertising & Marketing,Atrylex,ocr,success,ATRYLEX | DIGITAL,EAEZthTdvJk,Purple Digital Logo,https://www.canva.com/templates/EAEZthTdvJk-purple-digital-logo/,https://template.canva.com/EAEZthTdvJk/1/0/800w-h2WHzlBRzgI.jpg,true,0022_EAEZthTdvJk.jpg,advertising/images/0022_EAEZthTdvJk.jpg,2026-08-06T09:55:29.131Z
Advertising,Advertising & Marketing,carcur,ocr,success,carcur | Car Wash,EAE2v1y_vH4,"Red Black Car Wash, Logos, Cleaning Car - Logo Design",https://www.canva.com/templates/EAE2v1y_vH4-red-black-car-wash-logos-cleaning-car-logo-design/,https://template.canva.com/EAE2v1y_vH4/1/0/800w-q6I4U2tA8wk.jpg,true,0050_EAE2v1y_vH4.jpg,advertising/images/0050_EAE2v1y_vH4.jpg,2026-08-06T09:55:55.743Z
Advertising,Advertising & Marketing,Bathcar,ocr,success,Bathcar | Car Wash,EAE2v5GnIB0,"Red Blue Car Wash, Logos, Cleaning Car - Logo Design",https://www.canva.com/templates/EAE2v5GnIB0-red-blue-car-wash-logos-cleaning-car-logo-design/,https://template.canva.com/EAE2v5GnIB0/1/0/800w-tS2Tqg7f2H0.jpg,true,0052_EAE2v5GnIB0.jpg,advertising/images/0052_EAE2v5GnIB0.jpg,2026-08-06T09:55:56.029Z
Advertising,Advertising & Marketing,circar,ocr,success,circar | Car Wash,EAE2vzfUMro,"Red Blue Car Wash, Logos, Cleaning Car - Logo Design",https://www.canva.com/templates/EAE2vzfUMro-red-blue-car-wash-logos-cleaning-car-logo-design/,https://template.canva.com/EAE2vzfUMro/1/0/800w-N4aKT2jLr5s.jpg,true,0058_EAE2vzfUMro.jpg,advertising/images/0058_EAE2vzfUMro.jpg,2026-08-06T09:56:03.187Z
Advertising,Advertising & Marketing,le'marie,ocr,success,le'marie | FURNITURE,EAE2GR85J5w,Red Business Design Furniture Logo,https://www.canva.com/templates/EAE2GR85J5w-red-business-design-furniture-logo/,https://template.canva.com/EAE2GR85J5w/1/0/800w--FlLRbiy3fE.jpg,true,0051_EAE2GR85J5w.jpg,advertising/images/0051_EAE2GR85J5w.jpg,2026-08-06T09:55:55.886Z
Advertising,Advertising & Marketing,woodiest,ocr,success,woodiest | FURNITURE,EAE2GefEXV4,Red Business Design Furniture Logo,https://www.canva.com/templates/EAE2GefEXV4-red-business-design-furniture-logo/,https://template.canva.com/EAE2GefEXV4/1/0/800w-gIPKvdXvrXc.jpg,true,0053_EAE2GefEXV4.jpg,advertising/images/0053_EAE2GefEXV4.jpg,2026-08-06T09:55:56.164Z
Advertising,Advertising & Marketing,kursigu,ocr,success,kursigu | FURNITURE,EAE2GbEmHfQ,Red Business Design Furniture Logo,https://www.canva.com/templates/EAE2GbEmHfQ-red-business-design-furniture-logo/,https://template.canva.com/EAE2GbEmHfQ/1/0/800w-51xuB9J_Hmk.jpg,true,0064_EAE2GbEmHfQ.jpg,advertising/images/0064_EAE2GbEmHfQ.jpg,2026-08-06T09:56:07.384Z
Advertising,Advertising & Marketing,rustice,ocr,success,rustice | FURNITURE,EAE2GR3Z2UE,Red Business Design Furniture Logo,https://www.canva.com/templates/EAE2GR3Z2UE-red-business-design-furniture-logo/,https://template.canva.com/EAE2GR3Z2UE/1/0/800w-FB6_offJdww.jpg,true,0065_EAE2GR3Z2UE.jpg,advertising/images/0065_EAE2GR3Z2UE.jpg,2026-08-06T09:56:07.521Z
Advertising,Advertising & Marketing,rodears,ocr,success,rodears | Car Wash,EAE2vxQueTc,"Red Car Wash, Logos, Cleaning Car - Logo Design",https://www.canva.com/templates/EAE2vxQueTc-red-car-wash-logos-cleaning-car-logo-design/,https://template.canva.com/EAE2vxQueTc/1/0/800w-u5HdXHrmqDs.jpg,true,0055_EAE2vxQueTc.jpg,advertising/images/0055_EAE2vxQueTc.jpg,2026-08-06T09:56:02.705Z
Advertising,Advertising & Marketing,Salford & Co,ocr,success,SALFORD & CO | Your Slogan Here,EAE6eSeNWdc,Salford & Co Blue Abstract S Logo Design,https://www.canva.com/templates/EAE6eSeNWdc-salford-co-blue-abstract-s-logo-design/,https://template.canva.com/EAE6eSeNWdc/1/0/800w-g1udc3hs1TA.jpg,true,0024_EAE6eSeNWdc.jpg,advertising/images/0024_EAE6eSeNWdc.jpg,2026-08-06T09:55:29.463Z
Advertising,Advertising & Marketing,Salford & Co,ocr,success,SALFORD & CO,EAE6egBCI6g,Salford & Co S Logo Template,https://www.canva.com/templates/EAE6egBCI6g-salford-co-s-logo-template/,https://template.canva.com/EAE6egBCI6g/1/0/800w-X0LbYjG8X0Q.jpg,true,0011_EAE6egBCI6g.jpg,advertising/images/0011_EAE6egBCI6g.jpg,2026-08-06T09:55:19.627Z
Advertising,Advertising & Marketing,Marceline,ocr,success,MARCELINE | AGENCY,EAFNLAeywSQ,Simple Marketing Logo,https://www.canva.com/templates/EAFNLAeywSQ-simple-marketing-logo/,https://template.canva.com/EAFNLAeywSQ/1/0/800w-4V936aX3ogA.jpg,true,0021_EAFNLAeywSQ.jpg,advertising/images/0021_EAFNLAeywSQ.jpg,2026-08-06T09:55:28.969Z
Advertising,Advertising & Marketing,Adeline,ocr,success,ADELINE | MARKETING,EAFMm4OjRf0,Simple Marketing Logo,https://www.canva.com/templates/EAFMm4OjRf0-simple-marketing-logo/,https://template.canva.com/EAFMm4OjRf0/1/0/800w-SftoFQzVxCo.jpg,true,0048_EAFMm4OjRf0.jpg,advertising/images/0048_EAFMm4OjRf0.jpg,2026-08-06T09:55:55.469Z
Advertising,Advertising & Marketing,Shodwe,ocr,success,STUDIO | SHODWE,EAE6eU2rWss,Studio Shodwe Colorful Shape S Logo Design,https://www.canva.com/templates/EAE6eU2rWss-studio-shodwe-colorful-shape-s-logo-design/,https://template.canva.com/EAE6eU2rWss/1/0/800w-Al7SQ_ryL-w.jpg,true,0059_EAE6eU2rWss.jpg,advertising/images/0059_EAE6eU2rWss.jpg,2026-08-06T09:56:03.336Z
Advertising,Advertising & Marketing,Business,ocr,success,BUSINESS | BRANDING,EAFNsRHqPbQ,Violet Colorful Business Branding Logo,https://www.canva.com/templates/EAFNsRHqPbQ-violet-colorful-business-branding-logo/,https://template.canva.com/EAFNsRHqPbQ/2/0/800w-LQl5ZOskgGk.jpg,true,0009_EAFNsRHqPbQ.jpg,advertising/images/0009_EAFNsRHqPbQ.jpg,2026-08-06T09:55:10.867Z
Advertising,Advertising & Marketing,Corentin,ocr,success,Corentin | CREATIVE AGENCY,EAFJiUsX2kA,Violet White Business Logo,https://www.canva.com/templates/EAFJiUsX2kA-violet-white-business-logo/,https://template.canva.com/EAFJiUsX2kA/1/0/800w-p5TZ8s9PqQo.jpg,true,0033_EAFJiUsX2kA.jpg,advertising/images/0033_EAFJiUsX2kA.jpg,2026-08-06T09:55:38.692Z
Advertising,Advertising & Marketing,Lford,ocr,success,LFORD | FURNITURE,EAE-LVFmcfw,White Business Design Furniture Logo - Logos,https://www.canva.com/templates/EAE-LVFmcfw-white-business-design-furniture-logo-logos/,https://template.canva.com/EAE-LVFmcfw/1/0/800w-x4Pp6InRTnY.jpg,true,0018_EAE-LVFmcfw.jpg,advertising/images/0018_EAE-LVFmcfw.jpg,2026-08-06T09:55:20.648Z
Advertising,Advertising & Marketing,Business,ocr,success,BUSINESS | BRANDING,EAFNg5MPXcU,White Minimalist Business Logo,https://www.canva.com/templates/EAFNg5MPXcU-white-minimalist-business-logo/,https://template.canva.com/EAFNg5MPXcU/1/0/800w-hc_m4rMkyPY.jpg,true,0044_EAFNg5MPXcU.jpg,advertising/images/0044_EAFNg5MPXcU.jpg,2026-08-06T09:55:47.527Z
Advertising,Advertising & Marketing,Express,ocr,success,LAUNDRY | Express,EAE3cFcJI9Y,White Minimalist Laundry Express Logo,https://www.canva.com/templates/EAE3cFcJI9Y-white-minimalist-laundry-express-logo/,https://template.canva.com/EAE3cFcJI9Y/1/0/800w-0FDOc3nWLrI.jpg,true,0008_EAE3cFcJI9Y.jpg,advertising/images/0008_EAE3cFcJI9Y.jpg,2026-08-06T09:55:10.713Z
Advertising,Advertising & Marketing,whitecars,ocr,success,whitecars | Car Wash,EAE2v5zVWNo,"White Purple Car Wash, Logos, Cleaning Car - Logo Design",https://www.canva.com/templates/EAE2v5zVWNo-white-purple-car-wash-logos-cleaning-car-logo-design/,https://template.canva.com/EAE2v5zVWNo/1/0/800w-kL2e9L_Ut9A.jpg,true,0060_EAE2v5zVWNo.jpg,advertising/images/0060_EAE2v5zVWNo.jpg,2026-08-06T09:56:03.489Z
Advertising,Advertising & Marketing,Hillstreet,ocr,success,Hillstreet | Industries,EAFJXuS0h-8,Yellow Black Business Logo,https://www.canva.com/templates/EAFJXuS0h-8-yellow-black-business-logo/,https://template.canva.com/EAFJXuS0h-8/1/0/800w-wvzq2XcmTFs.jpg,true,0038_EAFJXuS0h-8.jpg,advertising/images/0038_EAFJXuS0h-8.jpg,2026-08-06T09:55:46.689Z
Advertising,Advertising & Marketing,kursie,ocr,success,kursie | FURNITURE,EAE2GW-Io4s,Yellow Business Design Furniture Logo,https://www.canva.com/templates/EAE2GW-Io4s-yellow-business-design-furniture-logo/,https://template.canva.com/EAE2GW-Io4s/1/0/800w-mGcInjDuZ1M.jpg,true,0063_EAE2GW-Io4s.jpg,advertising/images/0063_EAE2GW-Io4s.jpg,2026-08-06T09:56:03.961Z
Advertising,Advertising & Marketing,Timmerman,ocr,success,TIMMERMAN | FURNITURE,EAE-LRyrge8,Yellow Business Design Furniture Logo - Logos,https://www.canva.com/templates/EAE-LRyrge8-yellow-business-design-furniture-logo-logos/,https://template.canva.com/EAE-LRyrge8/1/0/800w-I6PKZsiWK-o.jpg,true,0061_EAE-LRyrge8.jpg,advertising/images/0061_EAE-LRyrge8.jpg,2026-08-06T09:56:03.648Z
Alphabet,Education & Literacy,Study Words,ocr,success,STUDY WORDS | Language School,EAFs1gyVUn4,Orange Modern Education Program Logo,https://www.canva.com/templates/EAFs1gyVUn4-orange-modern-education-program-logo/,https://template.canva.com/EAFs1gyVUn4/2/0/800w-rIDzza6RAuk.jpg,true,0001_EAFs1gyVUn4.jpg,alphabet/images/0001_EAFs1gyVUn4.jpg,2026-08-06T10:07:44.404Z
Architecture,Architecture & Real Estate,nirl in,ocr,success,nirl in | CITY BUILDING | architect,EAFBwUGzNIQ,Architect Illustration Design City ​​development Architect Logo,https://www.canva.com/templates/EAFBwUGzNIQ-architect-illustration-design-city-development-architect-logo/,https://template.canva.com/EAFBwUGzNIQ/1/0/800w-93ttRcIE970.jpg,false,0003_EAFBwUGzNIQ.jpg,architecture/images/0003_EAFBwUGzNIQ.jpg,2026-08-06T09:49:04.402Z
Architecture,Architecture & Real Estate,Hereone Loves Ache,ocr,success,HEREONE LOVES ACHE | Arche House | STUDIO,EAEpE4em2ms,Architect Logo,https://www.canva.com/templates/EAEpE4em2ms-architect-logo/,https://template.canva.com/EAEpE4em2ms/2/0/800w-Csf5CRMIC_8.jpg,true,0084_EAEpE4em2ms.jpg,architecture/images/0084_EAEpE4em2ms.jpg,2026-08-06T09:50:45.148Z
Architecture,Architecture & Real Estate,Ad,ocr,success,AD | Architecture Design,EAFAGaJ5Uws,Architecture/design logo,https://www.canva.com/templates/EAFAGaJ5Uws-architecture-design-logo/,https://template.canva.com/EAFAGaJ5Uws/1/0/800w-xhcJ-c9aYEU.jpg,true,0038_EAFAGaJ5Uws.jpg,architecture/images/0038_EAFAGaJ5Uws.jpg,2026-08-06T09:49:54.020Z
Architecture,Architecture & Real Estate,Arowwai,ocr,success,Arowwai | Architecture,EAFDZfErzXs,Beige and Black Modern Architecture Company Logo,https://www.canva.com/templates/EAFDZfErzXs-beige-and-black-modern-architecture-company-logo/,https://template.canva.com/EAFDZfErzXs/2/0/800w-RTToZYldWm0.jpg,true,0024_EAFDZfErzXs.jpg,architecture/images/0024_EAFDZfErzXs.jpg,2026-08-06T09:49:35.094Z
Architecture,Architecture & Real Estate,Building,ocr,success,BUILDING | VINTAGE,EAFLv1btEf4,Black and White Building Vintage Logo,https://www.canva.com/templates/EAFLv1btEf4-black-and-white-building-vintage-logo/,https://template.canva.com/EAFLv1btEf4/1/0/800w-lwJ8QGfy4hg.jpg,true,0023_EAFLv1btEf4.jpg,architecture/images/0023_EAFLv1btEf4.jpg,2026-08-06T09:49:34.827Z
Architecture,Architecture & Real Estate,Building,ocr,success,BUILDING | VINTAGE,EAFLv2l_8pI,Black and White Building Vintage Logo,https://www.canva.com/templates/EAFLv2l_8pI-black-and-white-building-vintage-logo/,https://template.canva.com/EAFLv2l_8pI/1/0/800w-w7WzSq806oA.jpg,true,0082_EAFLv2l_8pI.jpg,architecture/images/0082_EAFLv2l_8pI.jpg,2026-08-06T09:50:44.861Z
Architecture,Architecture & Real Estate,Dormstay,ocr,success,DORMSTAY | Cabin in The Woods,EAE3k_rH1Rs,Black and White Minimalist House Illustration Cottage Logo,https://www.canva.com/templates/EAE3k_rH1Rs-black-and-white-minimalist-house-illustration-cottage-logo/,https://template.canva.com/EAE3k_rH1Rs/2/0/800w-Dw8TmCpORdk.jpg,false,0031_EAE3k_rH1Rs.jpg,architecture/images/0031_EAE3k_rH1Rs.jpg,2026-08-06T09:49:45.405Z
Architecture,Architecture & Real Estate,Simple House,ocr,success,SIMPLE HOUSE | INTERIOR DESIGN,EAEvYFNP_ng,Black and White Simple House Interior Logo,https://www.canva.com/templates/EAEvYFNP_ng-black-and-white-simple-house-interior-logo/,https://template.canva.com/EAEvYFNP_ng/1/0/800w-8DKS8P_CWmU.jpg,true,0021_EAEvYFNP_ng.jpg,architecture/images/0021_EAEvYFNP_ng.jpg,2026-08-06T09:49:34.293Z
Architecture,Architecture & Real Estate,Prosety Saluting,ocr,success,AMAZING | Prosety Saluting,EAESKLk3vOA,Black and White Vector Building Property Management Logo,https://www.canva.com/templates/EAESKLk3vOA-black-and-white-vector-building-property-management-logo/,https://template.canva.com/EAESKLk3vOA/2/0/800w-H0Ap1GVB4aE.jpg,false,0014_EAESKLk3vOA.jpg,architecture/images/0014_EAESKLk3vOA.jpg,2026-08-06T09:49:18.275Z
Architecture,Architecture & Real Estate,Hotel House,ocr,success,HOTEL HOUSE | REAL ESTATE,EAFPiffT1tw,black minimalist hotel house logo design,https://www.canva.com/templates/EAFPiffT1tw-black-minimalist-hotel-house-logo-design/,https://template.canva.com/EAFPiffT1tw/1/0/800w-wws6464EJhQ.jpg,true,0100_EAFPiffT1tw.jpg,architecture/images/0100_EAFPiffT1tw.jpg,2026-08-06T09:51:01.703Z
Architecture,Architecture & Real Estate,modern,ocr,success,modern | HOMES,EAE7GzW5ak4,Black Red Modern Homes Logo,https://www.canva.com/templates/EAE7GzW5ak4-black-red-modern-homes-logo/,https://template.canva.com/EAE7GzW5ak4/1/0/800w-bDnSAXr6hE8.jpg,false,0016_EAE7GzW5ak4.jpg,architecture/images/0016_EAE7GzW5ak4.jpg,2026-08-06T09:49:20.256Z
Architecture,Architecture & Real Estate,Toriigate,ocr,success,TORIIGATE,EAFQEO0o-0U,Black Red Torii Gate Logo,https://www.canva.com/templates/EAFQEO0o-0U-black-red-torii-gate-logo/,https://template.canva.com/EAFQEO0o-0U/1/0/800w-l8pJZ_ltnRI.jpg,true,0087_EAFQEO0o-0U.jpg,architecture/images/0087_EAFQEO0o-0U.jpg,2026-08-06T09:50:45.572Z
Architecture,Architecture & Real Estate,Takehiro,ocr,success,TAKEHIRO | CHIAKI | ARCHITECTS,EAFIeWBez-8,Black White Blue Modern Simple Minimalist Minimal Logo,https://www.canva.com/templates/EAFIeWBez-8-black-white-blue-modern-simple-minimalist-minimal-logo/,https://template.canva.com/EAFIeWBez-8/1/0/800w-IVum2ISpJN4.jpg,false,0042_EAFIeWBez-8.jpg,architecture/images/0042_EAFIeWBez-8.jpg,2026-08-06T09:49:54.834Z
Architecture,Architecture & Real Estate,Claudia Alves,ocr,success,Claudia Alves | interior designer,EAFWyYGBw4k,Black White Minimalist Elegant Interior Design Logo,https://www.canva.com/templates/EAFWyYGBw4k-black-white-minimalist-elegant-interior-design-logo/,https://template.canva.com/EAFWyYGBw4k/1/0/800w-5RzfJLva6EA.jpg,true,0062_EAFWyYGBw4k.jpg,architecture/images/0062_EAFWyYGBw4k.jpg,2026-08-06T09:50:13.861Z
Architecture,Architecture & Real Estate,eaco,ocr,success,eaco | interior design | since 200,EAE4KmdKcB4,Black White Minimalist Interior Design Logo,https://www.canva.com/templates/EAE4KmdKcB4-black-white-minimalist-interior-design-logo/,https://template.canva.com/EAE4KmdKcB4/2/0/800w-aN676b7b7bM.jpg,true,0012_EAE4KmdKcB4.jpg,architecture/images/0012_EAE4KmdKcB4.jpg,2026-08-06T09:49:17.246Z
Architecture,Architecture & Real Estate,Hoome,ocr,success,HOOME | PROPERTY SOLUTIONS,EAFOwKjBCuI,Black White Minimalist Property Solutions Logo,https://www.canva.com/templates/EAFOwKjBCuI-black-white-minimalist-property-solutions-logo/,https://template.canva.com/EAFOwKjBCuI/1/0/800w-WPVwco3TEJ8.jpg,false,0019_EAFOwKjBCuI.jpg,architecture/images/0019_EAFOwKjBCuI.jpg,2026-08-06T09:49:33.775Z
Architecture,Architecture & Real Estate,Hammer Line,ocr,success,HAMMER LINE | CONSTRUCTION,EAFQ20-SCio,Black White Red Minimalist Hammer Line Logo,https://www.canva.com/templates/EAFQ20-SCio-black-white-red-minimalist-hammer-line-logo/,https://template.canva.com/EAFQ20-SCio/1/0/800w-R01t_daEtdg.jpg,true,0091_EAFQ20-SCio.jpg,architecture/images/0091_EAFQ20-SCio.jpg,2026-08-06T09:50:56.064Z
Architecture,Architecture & Real Estate,D'Intérieur,ocr,success,D'INTÉRIEUR | DÉCORATEUR,EAFD0UMCgBs,Black White Square Interior Designer Logo,https://www.canva.com/templates/EAFD0UMCgBs-black-white-square-interior-designer-logo/,https://template.canva.com/EAFD0UMCgBs/1/0/800w-D5tmqIAuNts.jpg,true,0013_EAFD0UMCgBs.jpg,architecture/images/0013_EAFD0UMCgBs.jpg,2026-08-06T09:49:17.836Z
Architecture,Architecture & Real Estate,Mountain House,ocr,success,MOUNTAIN HOUSE | BUILDING,EAFR-9vkw5U,Black Yellow Minimalist Mountain House Logo,https://www.canva.com/templates/EAFR-9vkw5U-black-yellow-minimalist-mountain-house-logo/,https://template.canva.com/EAFR-9vkw5U/1/0/800w-ASBB6L4qrJs.jpg,true,0090_EAFR-9vkw5U.jpg,architecture/images/0090_EAFR-9vkw5U.jpg,2026-08-06T09:50:46.043Z
Architecture,Architecture & Real Estate,Sunview,ocr,success,CURTIN | SUNVIEW | Design Academy,EADajg048J0,Blue and Yellow Modern Education Logo,https://www.canva.com/templates/EADajg048J0-blue-and-yellow-modern-education-logo/,https://template.canva.com/EADajg048J0/2/0/800w-MI4sUI_0ypE.jpg,false,0004_EADajg048J0.jpg,architecture/images/0004_EADajg048J0.jpg,2026-08-06T09:49:04.967Z
Architecture,Architecture & Real Estate,Smart City,ocr,success,SMART CITY | BUILDING,EAFL-911xVw,Blue Black Minimalist Smart City Logo Design,https://www.canva.com/templates/EAFL-911xVw-blue-black-minimalist-smart-city-logo-design/,https://template.canva.com/EAFL-911xVw/1/0/800w-d4Au2srsxQM.jpg,true,0066_EAFL-911xVw.jpg,architecture/images/0066_EAFL-911xVw.jpg,2026-08-06T09:50:22.509Z
Architecture,Architecture & Real Estate,Gallego & Partner,ocr,success,Gallego & Partner | Architects,EAFEapuJhL4,Blue Black White Minimalistic Line House Architect Logo,https://www.canva.com/templates/EAFEapuJhL4-blue-black-white-minimalistic-line-house-architect-logo/,https://template.canva.com/EAFEapuJhL4/2/0/800w-OQlUlab7MBI.jpg,false,0029_EAFEapuJhL4.jpg,architecture/images/0029_EAFEapuJhL4.jpg,2026-08-06T09:49:45.103Z
Architecture,Architecture & Real Estate,Designatap,ocr,success,DESIGNATAP | ARCHITECTURE,EAE2crkmJ1U,Blue Creative House Studio Logo,https://www.canva.com/templates/EAE2crkmJ1U-blue-creative-house-studio-logo/,https://template.canva.com/EAE2crkmJ1U/2/0/800w-gcNn7YuNfcQ.jpg,true,0093_EAE2crkmJ1U.jpg,architecture/images/0093_EAE2crkmJ1U.jpg,2026-08-06T09:50:56.376Z
Architecture,Architecture & Real Estate,Home Build,ocr,success,HOME BUILD | ARCHITECTURE,EAE6TmEZHYI,Blue Gray Home Build Logo,https://www.canva.com/templates/EAE6TmEZHYI-blue-gray-home-build-logo/,https://template.canva.com/EAE6TmEZHYI/1/0/800w-jdqPSdT8-sc.jpg,true,0085_EAE6TmEZHYI.jpg,architecture/images/0085_EAE6TmEZHYI.jpg,2026-08-06T09:50:45.286Z
Architecture,Architecture & Real Estate,Fauget,ocr,success,FAUGET | CONSTRUCTION -,EAFEJsZ6B6U,Blue Grey Modern Abstract Construction Building Company Logo,https://www.canva.com/templates/EAFEJsZ6B6U-blue-grey-modern-abstract-construction-building-company-logo/,https://template.canva.com/EAFEJsZ6B6U/1/0/800w-WUB0Gnrnmhg.jpg,true,0059_EAFEJsZ6B6U.jpg,architecture/images/0059_EAFEJsZ6B6U.jpg,2026-08-06T09:50:13.257Z
Architecture,Architecture & Real Estate,Borcelle,ocr,success,BORCELLE | CONSTRUCTION -,EAFDrNIw4As,Blue Grey Modern Minimalist Construction Building Company Logo,https://www.canva.com/templates/EAFDrNIw4As-blue-grey-modern-minimalist-construction-building-company-logo/,https://template.canva.com/EAFDrNIw4As/1/0/800w-RIqSXspid14.jpg,true,0011_EAFDrNIw4As.jpg,architecture/images/0011_EAFDrNIw4As.jpg,2026-08-06T09:49:16.788Z
Architecture,Architecture & Real Estate,nh,ocr,success,nh | TIMMERMAN | CONSTRUCTION -,EAFAj8eR8Bs,Blue Grey Modern Minimalist Construction Building Company Logo,https://www.canva.com/templates/EAFAj8eR8Bs-blue-grey-modern-minimalist-construction-building-company-logo/,https://template.canva.com/EAFAj8eR8Bs/1/0/800w-cdEsP98SyUI.jpg,true,0074_EAFAj8eR8Bs.jpg,architecture/images/0074_EAFAj8eR8Bs.jpg,2026-08-06T09:50:32.503Z
Architecture,Architecture & Real Estate,Ginyard,ocr,success,GINYARD | REAL ESTATE,EAFAj6Mzh1c,Blue Grey Modern Minimalist Real Estate Company Logo,https://www.canva.com/templates/EAFAj6Mzh1c-blue-grey-modern-minimalist-real-estate-company-logo/,https://template.canva.com/EAFAj6Mzh1c/1/0/800w-Xa-EYQ9N7AU.jpg,true,0099_EAFAj6Mzh1c.jpg,architecture/images/0099_EAFAj6Mzh1c.jpg,2026-08-06T09:50:57.220Z
Architecture,Architecture & Real Estate,Juliana Silva,ocr,success,Juliana Silva | INTERIOR DESIGN,EAE3Gk-NhNA,Blue Interior Design Brand Logo,https://www.canva.com/templates/EAE3Gk-NhNA-blue-interior-design-brand-logo/,https://template.canva.com/EAE3Gk-NhNA/2/0/800w-1h0dlsG38rI.jpg,false,0026_EAE3Gk-NhNA.jpg,architecture/images/0026_EAE3Gk-NhNA.jpg,2026-08-06T09:49:35.800Z
Architecture,Architecture & Real Estate,binocular,ocr,success,binocular | NAVIGATION,EAFQr6nfC2Q,Blue Minimalist Binocular Logo,https://www.canva.com/templates/EAFQr6nfC2Q-blue-minimalist-binocular-logo/,https://template.canva.com/EAFQr6nfC2Q/1/0/800w-_tdHIngRumY.jpg,true,0035_EAFQr6nfC2Q.jpg,architecture/images/0035_EAFQr6nfC2Q.jpg,2026-08-06T09:49:45.985Z
Architecture,Architecture & Real Estate,Decolamp,ocr,success,DECOLAMP | LIGHTING GALLERY,EAEmz6-BQDs,Blue Minimalist Decoration Lamp Logo,https://www.canva.com/templates/EAEmz6-BQDs-blue-minimalist-decoration-lamp-logo/,https://template.canva.com/EAEmz6-BQDs/1/0/800w-jVvjL2oCRTg.jpg,true,0079_EAEmz6-BQDs.jpg,architecture/images/0079_EAEmz6-BQDs.jpg,2026-08-06T09:50:33.259Z
Architecture,Architecture & Real Estate,Glasshouse,ocr,success,GLASSHOUSE | ART & DECOR,EAFGQYOVDek,Blue Minimalist Glasshouse Art and Decor Logo,https://www.canva.com/templates/EAFGQYOVDek-blue-minimalist-glasshouse-art-and-decor-logo/,https://template.canva.com/EAFGQYOVDek/1/0/800w-oKsve__AizE.jpg,false,0039_EAFGQYOVDek.jpg,architecture/images/0039_EAFGQYOVDek.jpg,2026-08-06T09:49:54.261Z
Architecture,Architecture & Real Estate,Real Estate,ocr,success,A | REAL ESTATE | ARCHITECTURE,EAFNmcPsOIE,Blue Minimalist Real Estate Logo,https://www.canva.com/templates/EAFNmcPsOIE-blue-minimalist-real-estate-logo/,https://template.canva.com/EAFNmcPsOIE/1/0/800w-D3FH5LIFAMw.jpg,true,0036_EAFNmcPsOIE.jpg,architecture/images/0036_EAFNmcPsOIE.jpg,2026-08-06T09:49:46.128Z
Architecture,Architecture & Real Estate,Aldenaires,ocr,success,Aldenaires | ARCHITECTURE,EAFIuz_NX7E,Blue Modern Architecture Office Company Logo,https://www.canva.com/templates/EAFIuz_NX7E-blue-modern-architecture-office-company-logo/,https://template.canva.com/EAFIuz_NX7E/1/0/800w-JAdS7SvcoIE.jpg,false,0043_EAFIuz_NX7E.jpg,architecture/images/0043_EAFIuz_NX7E.jpg,2026-08-06T09:49:55.021Z
Architecture,Architecture & Real Estate,Apartment,ocr,success,APARTMENT | NATURE,EAFPGv0tBYA,Blue modern nature apartment logo,https://www.canva.com/templates/EAFPGv0tBYA-blue-modern-nature-apartment-logo/,https://template.canva.com/EAFPGv0tBYA/1/0/800w-U2tONB4kKr4.jpg,true,0056_EAFPGv0tBYA.jpg,architecture/images/0056_EAFPGv0tBYA.jpg,2026-08-06T09:50:12.605Z
Architecture,Architecture & Real Estate,Hanover,ocr,success,HANOVER | CONSTRUCTION -,EAFDrCdwoeY,Blue Pink Modern Minimalist Construction Building Company Logo,https://www.canva.com/templates/EAFDrCdwoeY-blue-pink-modern-minimalist-construction-building-company-logo/,https://template.canva.com/EAFDrCdwoeY/1/0/800w-xgpla8N_LtA.jpg,true,0058_EAFDrCdwoeY.jpg,architecture/images/0058_EAFDrCdwoeY.jpg,2026-08-06T09:50:13.054Z
Architecture,Architecture & Real Estate,Orcelle,ocr,success,ORCELLE | RCHITECTURE | ARCHITECTURE STUDIO,EAFT9m_HlYE,Blue Yellow Letter Architecture Studio Logo,https://www.canva.com/templates/EAFT9m_HlYE-blue-yellow-letter-architecture-studio-logo/,https://template.canva.com/EAFT9m_HlYE/1/0/800w-DBe1k52xdfY.jpg,true,0076_EAFT9m_HlYE.jpg,architecture/images/0076_EAFT9m_HlYE.jpg,2026-08-06T09:50:32.795Z
Architecture,Architecture & Real Estate,Moderno,ocr,success,MODERNO | ARCHITECTURE,EAFhw9ktofM,Brown and Black Flat Illustrative Home Furnishing and Architecture Logo,https://www.canva.com/templates/EAFhw9ktofM-brown-and-black-flat-illustrative-home-furnishing-and-architecture-logo/,https://template.canva.com/EAFhw9ktofM/1/0/800w-cLb112esKtA.jpg,true,0047_EAFhw9ktofM.jpg,architecture/images/0047_EAFhw9ktofM.jpg,2026-08-06T09:50:03.036Z
Architecture,Architecture & Real Estate,Building,ocr,success,BUILDING | REAL ESTATE,EAFSivfaw5U,brown black minimalist building real estate logo,https://www.canva.com/templates/EAFSivfaw5U-brown-black-minimalist-building-real-estate-logo/,https://template.canva.com/EAFSivfaw5U/1/0/800w-A0msNUku9tE.jpg,true,0071_EAFSivfaw5U.jpg,architecture/images/0071_EAFSivfaw5U.jpg,2026-08-06T09:50:23.359Z
Architecture,Architecture & Real Estate,Modern Building,ocr,success,MODERN BUILDING,EAFPW06ct6I,Brown Black Minimalist Modern Building Logo Design,https://www.canva.com/templates/EAFPW06ct6I-brown-black-minimalist-modern-building-logo-design/,https://template.canva.com/EAFPW06ct6I/1/0/800w-W7N2DJu4z3Q.jpg,true,0068_EAFPW06ct6I.jpg,architecture/images/0068_EAFPW06ct6I.jpg,2026-08-06T09:50:22.917Z
Architecture,Architecture & Real Estate,Building Architecture,ocr,success,BUILDING ARCHITECTURE,EAFDZdJfFlU,Brown Green Simple Modern Architecture Logo,https://www.canva.com/templates/EAFDZdJfFlU-brown-green-simple-modern-architecture-logo/,https://template.canva.com/EAFDZdJfFlU/1/0/800w-K1ubhGl5tZ8.jpg,true,0025_EAFDZdJfFlU.jpg,architecture/images/0025_EAFDZdJfFlU.jpg,2026-08-06T09:49:35.473Z
Architecture,Architecture & Real Estate,Borcelle,ocr,success,Borcelle | ARCHITECTURE,EAFI3WlDISU,Brown Modern Architecture Logo,https://www.canva.com/templates/EAFI3WlDISU-brown-modern-architecture-logo/,https://template.canva.com/EAFI3WlDISU/1/0/800w-I1ow5jNUPCQ.jpg,false,0041_EAFI3WlDISU.jpg,architecture/images/0041_EAFI3WlDISU.jpg,2026-08-06T09:49:54.606Z
Architecture,Architecture & Real Estate,Rooftop,ocr,success,Rooftop | Cafe Restaurant,EAE_KD7VFk0,Brown Modern Business Cafe Negative Space Logo,https://www.canva.com/templates/EAE_KD7VFk0-brown-modern-business-cafe-negative-space-logo/,https://template.canva.com/EAE_KD7VFk0/1/0/800w-swIAvc_5YYM.jpg,true,0052_EAE_KD7VFk0.jpg,architecture/images/0052_EAE_KD7VFk0.jpg,2026-08-06T09:50:03.877Z
Architecture,Banking & Finance,Building,ocr,success,BUILDING | FINANCIAL,EAE3S5JTrmc,Building financial,https://www.canva.com/templates/EAE3S5JTrmc-building-financial/,https://template.canva.com/EAE3S5JTrmc/2/0/800w-CNoCeP4GqtM.jpg,false,0045_EAE3S5JTrmc.jpg,architecture/images/0045_EAE3S5JTrmc.jpg,2026-08-06T09:49:55.330Z
Architecture,Architecture & Real Estate,Building,ocr,success,BUILDING | VINTAGE,EAFLv2E2Muk,Building Vintage Logo,https://www.canva.com/templates/EAFLv2E2Muk-building-vintage-logo/,https://template.canva.com/EAFLv2E2Muk/1/0/800w-BW6Zlys_rUE.jpg,true,0096_EAFLv2E2Muk.jpg,architecture/images/0096_EAFLv2E2Muk.jpg,2026-08-06T09:50:56.794Z
Architecture,Architecture & Real Estate,buildings,ocr,success,buildings | creative,EAE8st7YrQo,buildings creative,https://www.canva.com/templates/EAE8st7YrQo-buildings-creative/,https://template.canva.com/EAE8st7YrQo/1/0/800w-uOiNSQC2iqw.jpg,false,0001_EAE8st7YrQo.jpg,architecture/images/0001_EAE8st7YrQo.jpg,2026-08-06T09:49:03.492Z
Architecture,Architecture & Real Estate,construction,ocr,success,construction | center,EAE5OMiti-w,construction center illustration logo design,https://www.canva.com/templates/EAE5OMiti-w-construction-center-illustration-logo-design/,https://template.canva.com/EAE5OMiti-w/3/0/800w-AWJ_-gnxXpU.jpg,false,0028_EAE5OMiti-w.jpg,architecture/images/0028_EAE5OMiti-w.jpg,2026-08-06T09:49:44.962Z
Architecture,Architecture & Real Estate,Construction,ocr,success,CONSTRUCTION | PROPERTY,EAFJ5QicR7k,Construction Logo,https://www.canva.com/templates/EAFJ5QicR7k-construction-logo/,https://template.canva.com/EAFJ5QicR7k/1/0/800w-07SI6re5lSs.jpg,true,0050_EAFJ5QicR7k.jpg,architecture/images/0050_EAFJ5QicR7k.jpg,2026-08-06T09:50:03.539Z
Architecture,Architecture & Real Estate,Construction,ocr,success,CONSTRUCTION | REAL ESTATE,EAFJ5U0QF5I,Construction Logo,https://www.canva.com/templates/EAFJ5U0QF5I-construction-logo/,https://template.canva.com/EAFJ5U0QF5I/1/0/800w-IK_7TRuWO3E.jpg,true,0053_EAFJ5U0QF5I.jpg,architecture/images/0053_EAFJ5U0QF5I.jpg,2026-08-06T09:50:04.077Z
Architecture,Architecture & Real Estate,Architecture,ocr,success,Design Agency | Architecture | 1990 | EST. | WARNER & SPENCER,EAFJUsAVxSU,Dark Blue Professional Geometrical Tools Design Agency Architecture Logo,https://www.canva.com/templates/EAFJUsAVxSU-dark-blue-professional-geometrical-tools-design-agency-architecture-logo/,https://template.canva.com/EAFJUsAVxSU/1/0/800w-aixaiQ-cJec.jpg,false,0027_EAFJUsAVxSU.jpg,architecture/images/0027_EAFJUsAVxSU.jpg,2026-08-06T09:49:36.168Z
Architecture,Architecture & Real Estate,Montania,ocr,success,MONTANIA | HOME INTERIOR,EAEm2quBHtI,Elegant Home Interior Decoration Company Logo,https://www.canva.com/templates/EAEm2quBHtI-elegant-home-interior-decoration-company-logo/,https://template.canva.com/EAEm2quBHtI/1/0/800w-Yc9PhtDTzLM.jpg,true,0009_EAEm2quBHtI.jpg,architecture/images/0009_EAEm2quBHtI.jpg,2026-08-06T09:49:07.348Z
Architecture,Architecture & Real Estate,Eternity,ocr,success,ETERNITY | properties,EAE7ak78fRM,Emerald Black Eternity Logo,https://www.canva.com/templates/EAE7ak78fRM-emerald-black-eternity-logo/,https://template.canva.com/EAE7ak78fRM/1/0/800w-0sRLzQansZc.jpg,true,0054_EAE7ak78fRM.jpg,architecture/images/0054_EAE7ak78fRM.jpg,2026-08-06T09:50:04.286Z
Architecture,Architecture & Real Estate,Miho,ocr,success,Miho | ARCHITECTURE,EAFOtUpe0Ew,Gold Black Minimalist Architecture Logo,https://www.canva.com/templates/EAFOtUpe0Ew-gold-black-minimalist-architecture-logo/,https://template.canva.com/EAFOtUpe0Ew/2/0/800w-xVnZapLcbqg.jpg,true,0080_EAFOtUpe0Ew.jpg,architecture/images/0080_EAFOtUpe0Ew.jpg,2026-08-06T09:50:33.410Z
Architecture,Architecture & Real Estate,Real Estate,ocr,success,Real Estate | APARTMENT,EAFMqsiO5rk,Gold minimalist real estate logo,https://www.canva.com/templates/EAFMqsiO5rk-gold-minimalist-real-estate-logo/,https://template.canva.com/EAFMqsiO5rk/1/0/800w-UjVC2jT4zbQ.jpg,true,0067_EAFMqsiO5rk.jpg,architecture/images/0067_EAFMqsiO5rk.jpg,2026-08-06T09:50:22.728Z
Architecture,Architecture & Real Estate,Thynk Unlimited,ocr,success,THYNK UNLIMITED | ARCHITECTURE,EAFR5Wa6q24,Gold Modern Architecture Logo,https://www.canva.com/templates/EAFR5Wa6q24-gold-modern-architecture-logo/,https://template.canva.com/EAFR5Wa6q24/1/0/800w-BeycBbF-22U.jpg,false,0017_EAFR5Wa6q24.jpg,architecture/images/0017_EAFR5Wa6q24.jpg,2026-08-06T09:49:20.581Z
Architecture,Architecture & Real Estate,ulliul,ocr,success,ulliul | QWIRANA | HOTEL & APARTMENT,EAE1zLIMFhA,Gold Modern Simple Design Hotel and Resort Logo - Logos,https://www.canva.com/templates/EAE1zLIMFhA-gold-modern-simple-design-hotel-and-resort-logo-logos/,https://template.canva.com/EAE1zLIMFhA/1/0/800w-mqbnJv22OfI.jpg,false,0033_EAE1zLIMFhA.jpg,architecture/images/0033_EAE1zLIMFhA.jpg,2026-08-06T09:49:45.702Z
Architecture,Architecture & Real Estate,Industry House,ocr,success,INDUSTRY HOUSE,EAFOt9PwKHI,Gray Black Minimalist Industry House Logo,https://www.canva.com/templates/EAFOt9PwKHI-gray-black-minimalist-industry-house-logo/,https://template.canva.com/EAFOt9PwKHI/2/0/800w-kKzjGCkVQoo.jpg,true,0055_EAFOt9PwKHI.jpg,architecture/images/0055_EAFOt9PwKHI.jpg,2026-08-06T09:50:12.351Z
Architecture,Architecture & Real Estate,Skyscraper House,ocr,success,SKYSCRAPER HOUSE | BULDEN | C,EAFL_L7H55k,gray blue minimalist skyscraper house logo design,https://www.canva.com/templates/EAFL_L7H55k-gray-blue-minimalist-skyscraper-house-logo-design/,https://template.canva.com/EAFL_L7H55k/1/0/800w-J-VQ7EzRRTs.jpg,true,0081_EAFL_L7H55k.jpg,architecture/images/0081_EAFL_L7H55k.jpg,2026-08-06T09:50:33.576Z
Architecture,Architecture & Real Estate,Modern,ocr,success,MODERN | REAL ESTATE,EAExL9Q4mgU,Gray Geometric Modern Real Estate Logo,https://www.canva.com/templates/EAExL9Q4mgU-gray-geometric-modern-real-estate-logo/,https://template.canva.com/EAExL9Q4mgU/1/0/800w-lXwdzxEFyTA.jpg,true,0037_EAExL9Q4mgU.jpg,architecture/images/0037_EAExL9Q4mgU.jpg,2026-08-06T09:49:53.848Z
Architecture,Architecture & Real Estate,Building B,ocr,success,BUILDING B | MONOGRAM,EAFSKigKyU8,gray red minimalist building B logo design,https://www.canva.com/templates/EAFSKigKyU8-gray-red-minimalist-building-b-logo-design/,https://template.canva.com/EAFSKigKyU8/1/0/800w-beE9a4HxZX8.jpg,true,0077_EAFSKigKyU8.jpg,architecture/images/0077_EAFSKigKyU8.jpg,2026-08-06T09:50:32.963Z
Architecture,Architecture & Real Estate,Architect,ocr,success,ARCHITECT | SOLUTIONS | WE MAKE DREAMS COME TRUE,EAFIkWstO98,Green Architect Solutions Logo,https://www.canva.com/templates/EAFIkWstO98-green-architect-solutions-logo/,https://template.canva.com/EAFIkWstO98/1/0/800w-2OF6GgJwE2c.jpg,true,0070_EAFIkWstO98.jpg,architecture/images/0070_EAFIkWstO98.jpg,2026-08-06T09:50:23.205Z
Architecture,Architecture & Real Estate,Ap,ocr,success,AP,EAFPyelHLmk,Green Circle Minimalist Name Logo,https://www.canva.com/templates/EAFPyelHLmk-green-circle-minimalist-name-logo/,https://template.canva.com/EAFPyelHLmk/1/0/800w-l5U_DwOAAg0.jpg,false,0018_EAFPyelHLmk.jpg,architecture/images/0018_EAFPyelHLmk.jpg,2026-08-06T09:49:21.937Z
Architecture,Architecture & Real Estate,Hanover,ocr,success,HANOVER | CONSTRUCTION -,EAFDrDY0XcM,Green Grey Abstract Minimalist Construction Building Company Logo,https://www.canva.com/templates/EAFDrDY0XcM-green-grey-abstract-minimalist-construction-building-company-logo/,https://template.canva.com/EAFDrDY0XcM/1/0/800w-JxxpNRbHO4g.jpg,true,0083_EAFDrDY0XcM.jpg,architecture/images/0083_EAFDrDY0XcM.jpg,2026-08-06T09:50:45.005Z
Architecture,Architecture & Real Estate,Design &,ocr,success,Arowwai | Design & | Architecture,EAFDbs6UTuo,Green Minimalist Architecture Company Logo,https://www.canva.com/templates/EAFDbs6UTuo-green-minimalist-architecture-company-logo/,https://template.canva.com/EAFDbs6UTuo/4/0/800w-zJYAtWSKL00.jpg,false,0002_EAFDbs6UTuo.jpg,architecture/images/0002_EAFDbs6UTuo.jpg,2026-08-06T09:49:03.956Z
Architecture,Architecture & Real Estate,Aron Loeb,ocr,success,Aron Loeb | ARCHITECTURE,EAFUIWxsMIE,Green Simple Architecture Logo,https://www.canva.com/templates/EAFUIWxsMIE-green-simple-architecture-logo/,https://template.canva.com/EAFUIWxsMIE/1/0/800w-CsIxfnBVKSc.jpg,false,0015_EAFUIWxsMIE.jpg,architecture/images/0015_EAFUIWxsMIE.jpg,2026-08-06T09:49:19.020Z
Architecture,Architecture & Real Estate,Stay,ocr,success,STAY | HERE | FURNITURE - ARCHITECT,EAFGIK5kIhg,Green Simple Line Architecture Furniture Find Logo,https://www.canva.com/templates/EAFGIK5kIhg-green-simple-line-architecture-furniture-find-logo/,https://template.canva.com/EAFGIK5kIhg/1/0/800w-CGjrJYGIUvI.jpg,true,0073_EAFGIK5kIhg.jpg,architecture/images/0073_EAFGIK5kIhg.jpg,2026-08-06T09:50:32.363Z
Architecture,Architecture & Real Estate,Borcelle,ocr,success,BORCELLE | INTERIOR DESIGN,EAFXtEVhunk,Grey Black Simple Home Line Art Interior Design Logo,https://www.canva.com/templates/EAFXtEVhunk-grey-black-simple-home-line-art-interior-design-logo/,https://template.canva.com/EAFXtEVhunk/1/0/800w-ZE5hj9TKLd4.jpg,false,0040_EAFXtEVhunk.jpg,architecture/images/0040_EAFXtEVhunk.jpg,2026-08-06T09:49:54.438Z
Architecture,Architecture & Real Estate,Warner & Spencer,ocr,success,Warner & Spencer | ARCHITECTURE STUDIO,EAFM4JADap8,Grey White Corporate Architecture Studio Logotype,https://www.canva.com/templates/EAFM4JADap8-grey-white-corporate-architecture-studio-logotype/,https://template.canva.com/EAFM4JADap8/1/0/800w-V227kDAc0CQ.jpg,true,0008_EAFM4JADap8.jpg,architecture/images/0008_EAFM4JADap8.jpg,2026-08-06T09:49:07.003Z
Architecture,Architecture & Real Estate,In Construction,ocr,success,IN CONSTRUCTION | CONSTRUCTIO,EAE_Xyl1YTk,home build construction logo,https://www.canva.com/templates/EAE_Xyl1YTk-home-build-construction-logo/,https://template.canva.com/EAE_Xyl1YTk/1/0/800w-kpi83dDqOyg.jpg,true,0007_EAE_Xyl1YTk.jpg,architecture/images/0007_EAE_Xyl1YTk.jpg,2026-08-06T09:49:06.585Z
Architecture,Architecture & Real Estate,Boho Moda,ocr,success,BOHO MODA | Interior Design Consultant,EAEgTwwl25s,Interior Design Consultant Modern Geometric Logo,https://www.canva.com/templates/EAEgTwwl25s-interior-design-consultant-modern-geometric-logo/,https://template.canva.com/EAEgTwwl25s/1/0/800w-A3lXGZs80OM.jpg,true,0094_EAEgTwwl25s.jpg,architecture/images/0094_EAEgTwwl25s.jpg,2026-08-06T09:50:56.518Z
Architecture,Architecture & Real Estate,Unknown EAE8IYTAl1k,ocr_failed,success,,EAE8IYTAl1k,Luxury The Residence Apartment Logo,https://www.canva.com/templates/EAE8IYTAl1k-luxury-the-residence-apartment-logo/,https://template.canva.com/EAE8IYTAl1k/1/0/800w-blFCjO-6LXQ.jpg,false,0044_EAE8IYTAl1k.jpg,architecture/images/0044_EAE8IYTAl1k.jpg,2026-08-06T09:49:55.175Z
Architecture,Architecture & Real Estate,construction-,ocr,success,construction-,EAE8IX_rFw0,Minimalist Blue Building Construction Logo,https://www.canva.com/templates/EAE8IX_rFw0-minimalist-blue-building-construction-logo/,https://template.canva.com/EAE8IX_rFw0/1/0/800w--zbGVarNsNU.jpg,false,0020_EAE8IX_rFw0.jpg,architecture/images/0020_EAE8IX_rFw0.jpg,2026-08-06T09:49:34.043Z
Architecture,Architecture & Real Estate,Hadid,ocr,success,SAMIRA | HADID | LANDSCAPE ARCHITECT,EAE4KlnSYPo,Minimalist Landscape Architecture Logo,https://www.canva.com/templates/EAE4KlnSYPo-minimalist-landscape-architecture-logo/,https://template.canva.com/EAE4KlnSYPo/1/0/800w-iE6pIZKtzSs.jpg,true,0078_EAE4KlnSYPo.jpg,architecture/images/0078_EAE4KlnSYPo.jpg,2026-08-06T09:50:33.116Z
Architecture,Architecture & Real Estate,Summer,ocr,success,SUMMER | HOUSE,EAEm5KFNunY,Minimalist Outline Summer House Logo,https://www.canva.com/templates/EAEm5KFNunY-minimalist-outline-summer-house-logo/,https://template.canva.com/EAEm5KFNunY/1/0/800w-vMpdvKQsxYo.jpg,true,0061_EAEm5KFNunY.jpg,architecture/images/0061_EAEm5KFNunY.jpg,2026-08-06T09:50:13.650Z
Architecture,Architecture & Real Estate,Architect,ocr,success,Architect | Design & Build,EAE8EN_EMb8,Modern Architect Logo,https://www.canva.com/templates/EAE8EN_EMb8-modern-architect-logo/,https://template.canva.com/EAE8EN_EMb8/1/0/800w-Vs_bsSApo7o.jpg,true,0064_EAE8EN_EMb8.jpg,architecture/images/0064_EAE8EN_EMb8.jpg,2026-08-06T09:50:22.104Z
Architecture,Architecture & Real Estate,Arrowai,ocr,success,ARROWAI | INTERIOR DESIGN,EAE0fZPDqWk,Modern Clean House Logo,https://www.canva.com/templates/EAE0fZPDqWk-modern-clean-house-logo/,https://template.canva.com/EAE0fZPDqWk/1/0/800w-bMAtz2HNoqo.jpg,true,0057_EAE0fZPDqWk.jpg,architecture/images/0057_EAE0fZPDqWk.jpg,2026-08-06T09:50:12.833Z
Architecture,Architecture & Real Estate,Homeflat,ocr,success,HOMEFLAT | PROPERTY,EAE6TejGv-c,modern homeflat logo,https://www.canva.com/templates/EAE6TejGv-c-modern-homeflat-logo/,https://template.canva.com/EAE6TejGv-c/1/0/800w-Man4X8fdRSI.jpg,true,0048_EAE6TejGv-c.jpg,architecture/images/0048_EAE6TejGv-c.jpg,2026-08-06T09:50:03.184Z
Architecture,Architecture & Real Estate,Bella,ocr,success,BELLA | CASA,EAE7a04yhNE,Orange Black Bella Casa Logo,https://www.canva.com/templates/EAE7a04yhNE-orange-black-bella-casa-logo/,https://template.canva.com/EAE7a04yhNE/1/0/800w-lEX8dABaiU8.jpg,true,0034_EAE7a04yhNE.jpg,architecture/images/0034_EAE7a04yhNE.jpg,2026-08-06T09:49:45.843Z
Architecture,Architecture & Real Estate,Hammer House,ocr,success,ESTD | 2022 | Hammer House | REAL ESTATE,EAFQrG1e_Ww,orange black minimalist hammer house logo design,https://www.canva.com/templates/EAFQrG1e_Ww-orange-black-minimalist-hammer-house-logo-design/,https://template.canva.com/EAFQrG1e_Ww/2/0/800w-_77o-X2cgXQ.jpg,true,0065_EAFQrG1e_Ww.jpg,architecture/images/0065_EAFQrG1e_Ww.jpg,2026-08-06T09:50:22.316Z
Architecture,Architecture & Real Estate,Mountain House,ocr,success,MOUNTAIN HOUSE,EAFSxSulzeE,orange black minimalist mountain house logo design,https://www.canva.com/templates/EAFSxSulzeE-orange-black-minimalist-mountain-house-logo-design/,https://template.canva.com/EAFSxSulzeE/1/0/800w-ALehi6FH29Y.jpg,true,0098_EAFSxSulzeE.jpg,architecture/images/0098_EAFSxSulzeE.jpg,2026-08-06T09:50:57.082Z
Architecture,Architecture & Real Estate,Architecture,ocr,success,ARCHITECTURE,EAFPAhuSX9g,Orange minimalist architecture logo,https://www.canva.com/templates/EAFPAhuSX9g-orange-minimalist-architecture-logo/,https://template.canva.com/EAFPAhuSX9g/1/0/800w-cDzjXyDD4XA.jpg,true,0097_EAFPAhuSX9g.jpg,architecture/images/0097_EAFPAhuSX9g.jpg,2026-08-06T09:50:56.940Z
Architecture,Architecture & Real Estate,Elevate,ocr,success,ELEVATE | INTERIOR DESIGN,EAFMFZE-s0k,Orange Modern Geometric Elevate Interior Design Logo,https://www.canva.com/templates/EAFMFZE-s0k-orange-modern-geometric-elevate-interior-design-logo/,https://template.canva.com/EAFMFZE-s0k/1/0/800w-XNRWHg3Hh8o.jpg,true,0010_EAFMFZE-s0k.jpg,architecture/images/0010_EAFMFZE-s0k.jpg,2026-08-06T09:49:16.221Z
Architecture,Architecture & Real Estate,juliana,ocr,success,juliana | architect,EAE5d6CrSBw,Pink Modern Juliana Architect | Interior Design | Engineer Logo Brand,https://www.canva.com/templates/EAE5d6CrSBw-pink-modern-juliana-architect-interior-design-engineer-logo-brand/,https://template.canva.com/EAE5d6CrSBw/2/0/800w-gzDDwjq_3L4.jpg,false,0005_EAE5d6CrSBw.jpg,architecture/images/0005_EAE5d6CrSBw.jpg,2026-08-06T09:49:05.592Z
Architecture,Architecture & Real Estate,San Dias Swing,ocr,success,San Dias Swing | DANCE ACADEMY,EADaovRex1E,Pink Stair Icon Art & Design Logo,https://www.canva.com/templates/EADaovRex1E-pink-stair-icon-art-design-logo/,https://template.canva.com/EADaovRex1E/1/0/800w-xQli52YyYTU.jpg,false,0006_EADaovRex1E.jpg,architecture/images/0006_EADaovRex1E.jpg,2026-08-06T09:49:06.111Z
Architecture,Architecture & Real Estate,Box,ocr,success,ON | BOX,EAE7a84lrmw,Red Black Box On Box Logo,https://www.canva.com/templates/EAE7a84lrmw-red-black-box-on-box-logo/,https://template.canva.com/EAE7a84lrmw/1/0/800w-wERCcYgAgxk.jpg,true,0095_EAE7a84lrmw.jpg,architecture/images/0095_EAE7a84lrmw.jpg,2026-08-06T09:50:56.659Z
Architecture,Architecture & Real Estate,Building House,ocr,success,BUILDING HOUSE | MODERN ARCHITECTURE,EAFQPqWvnIY,Red Black Minimalist Building House Logo,https://www.canva.com/templates/EAFQPqWvnIY-red-black-minimalist-building-house-logo/,https://template.canva.com/EAFQPqWvnIY/2/0/800w-1D_ZIXZjXto.jpg,true,0092_EAFQPqWvnIY.jpg,architecture/images/0092_EAFQPqWvnIY.jpg,2026-08-06T09:50:56.229Z
Architecture,Architecture & Real Estate,Love City,ocr,success,LOVE CITY | CITY BUILDING,EAFL-5mrelw,Red Black Minimalist Love City Logo,https://www.canva.com/templates/EAFL-5mrelw-red-black-minimalist-love-city-logo/,https://template.canva.com/EAFL-5mrelw/1/0/800w-ZYNFromEen8.jpg,true,0022_EAFL-5mrelw.jpg,architecture/images/0022_EAFL-5mrelw.jpg,2026-08-06T09:49:34.614Z
Architecture,Architecture & Real Estate,Ginyard,ocr,success,GINYARD | CONSTRUCTION -,EAFDrNX1uEU,Red Grey Modern Minimalist Construction Building Company Logo,https://www.canva.com/templates/EAFDrNX1uEU-red-grey-modern-minimalist-construction-building-company-logo/,https://template.canva.com/EAFDrNX1uEU/1/0/800w-8DZDq229wHQ.jpg,true,0086_EAFDrNX1uEU.jpg,architecture/images/0086_EAFDrNX1uEU.jpg,2026-08-06T09:50:45.432Z
Architecture,Architecture & Real Estate,Aldenaire,ocr,success,ALDENAIRE | ARCHITECTURE,EAFAj8onjcU,Red Grey Modern Minimalist Real Estate Company Logo,https://www.canva.com/templates/EAFAj8onjcU-red-grey-modern-minimalist-real-estate-company-logo/,https://template.canva.com/EAFAj8onjcU/1/0/800w-dHwulTiVo-Y.jpg,true,0049_EAFAj8onjcU.jpg,architecture/images/0049_EAFAj8onjcU.jpg,2026-08-06T09:50:03.338Z
Architecture,Architecture & Real Estate,Apartment,ocr,success,APARTMENT | LETTER E,EAFPAkxGBHw,Red minimalist apartment letter logo,https://www.canva.com/templates/EAFPAkxGBHw-red-minimalist-apartment-letter-logo/,https://template.canva.com/EAFPAkxGBHw/1/0/800w-0ACcTC93jjs.jpg,true,0069_EAFPAkxGBHw.jpg,architecture/images/0069_EAFPAkxGBHw.jpg,2026-08-06T09:50:23.063Z
Architecture,Architecture & Real Estate,starhomes,ocr,success,starhomes | studio,EAE8B039_Ok,Red Star Homes Logo,https://www.canva.com/templates/EAE8B039_Ok-red-star-homes-logo/,https://template.canva.com/EAE8B039_Ok/1/0/800w-QB6j-3CXmLI.jpg,false,0032_EAE8B039_Ok.jpg,architecture/images/0032_EAE8B039_Ok.jpg,2026-08-06T09:49:45.559Z
Architecture,Architecture & Real Estate,State,ocr,success,7 | 1 | STATE,EAEYfcf_Yhs,Slate Real Estate Logo,https://www.canva.com/templates/EAEYfcf_Yhs-slate-real-estate-logo/,https://template.canva.com/EAEYfcf_Yhs/2/0/800w-CXnwGhxvkPQ.jpg,true,0075_EAEYfcf_Yhs.jpg,architecture/images/0075_EAEYfcf_Yhs.jpg,2026-08-06T09:50:32.643Z
Architecture,Architecture & Real Estate,skyscraper,ocr,success,skyscraper | MODERN BUILDING,EAFPHfA-XJU,Turquoise Minimalist Skyscraper Logo Design,https://www.canva.com/templates/EAFPHfA-XJU-turquoise-minimalist-skyscraper-logo-design/,https://template.canva.com/EAFPHfA-XJU/1/0/800w-7435q1I_DBA.jpg,true,0063_EAFPHfA-XJU.jpg,architecture/images/0063_EAFPHfA-XJU.jpg,2026-08-06T09:50:14.050Z
Architecture,Architecture & Real Estate,Home,ocr,success,HOME | living,EAFXNllCHy8,Vintage House With Inscription Home Living Modern Brand Logo,https://www.canva.com/templates/EAFXNllCHy8-vintage-house-with-inscription-home-living-modern-brand-logo/,https://template.canva.com/EAFXNllCHy8/1/0/800w-1oLbJjnGltY.jpg,true,0051_EAFXNllCHy8.jpg,architecture/images/0051_EAFXNllCHy8.jpg,2026-08-06T09:50:03.706Z
Architecture,Architecture & Real Estate,Blueprint,ocr,success,BLUEPRINT | CONSTRUCTION,EAFFC4obXT8,White Black Geometric Building Construction Logo,https://www.canva.com/templates/EAFFC4obXT8-white-black-geometric-building-construction-logo/,https://template.canva.com/EAFFC4obXT8/1/0/800w-ksn2HQNKJH0.jpg,true,0060_EAFFC4obXT8.jpg,architecture/images/0060_EAFFC4obXT8.jpg,2026-08-06T09:50:13.446Z
Architecture,Architecture & Real Estate,Leaf House,ocr,success,LEAF HOUSE,EAFNsjtuBPc,White Green Minimalist Leaf House Logo,https://www.canva.com/templates/EAFNsjtuBPc-white-green-minimalist-leaf-house-logo/,https://template.canva.com/EAFNsjtuBPc/1/0/800w-P3JjPAiY_qg.jpg,true,0089_EAFNsjtuBPc.jpg,architecture/images/0089_EAFNsjtuBPc.jpg,2026-08-06T09:50:45.904Z
Architecture,Architecture & Real Estate,Homebuild,ocr,success,HOMEBUILD | PROPERTY,EAE6Tdr1W0A,White Minimalist Homebuild Logo,https://www.canva.com/templates/EAE6Tdr1W0A-white-minimalist-homebuild-logo/,https://template.canva.com/EAE6Tdr1W0A/1/0/800w-Ch9EVW5-HHI.jpg,true,0046_EAE6Tdr1W0A.jpg,architecture/images/0046_EAE6Tdr1W0A.jpg,2026-08-06T09:50:02.836Z
Architecture,Architecture & Real Estate,Architect,ocr,success,MORGAN | ARCHITECT,EAFOXMzyk0Y,White Simple Architect Logo,https://www.canva.com/templates/EAFOXMzyk0Y-white-simple-architect-logo/,https://template.canva.com/EAFOXMzyk0Y/1/0/800w-oeg4xs4tnfE.jpg,true,0088_EAFOXMzyk0Y.jpg,architecture/images/0088_EAFOXMzyk0Y.jpg,2026-08-06T09:50:45.744Z
Architecture,Architecture & Real Estate,Forest House,ocr,success,FOREST HOUSE | LDING,EAFPFBkDzGs,yellow brown minimalist forest house logo design,https://www.canva.com/templates/EAFPFBkDzGs-yellow-brown-minimalist-forest-house-logo-design/,https://template.canva.com/EAFPFBkDzGs/1/0/800w-aXsekis1ETs.jpg,true,0072_EAFPFBkDzGs.jpg,architecture/images/0072_EAFPFBkDzGs.jpg,2026-08-06T09:50:23.528Z
Architecture,Architecture & Real Estate,homecottage,ocr,success,homecottage | Cabin in The Woods,EAE3k79RaDI,Yellow Minimalist Home Illustration Rent Villa Logoilla Logo,https://www.canva.com/templates/EAE3k79RaDI-yellow-minimalist-home-illustration-rent-villa-logoilla-logo/,https://template.canva.com/EAE3k79RaDI/2/0/800w-GNrB2kyTCAQ.jpg,false,0030_EAE3k79RaDI.jpg,architecture/images/0030_EAE3k79RaDI.jpg,2026-08-06T09:49:45.244Z
Biology,Technology & Electronics,Marceline,ocr,success,MARCELINE | TECHNOLOGY,EAFHPa7vR_o,Abstract Microscope Logo,https://www.canva.com/templates/EAFHPa7vR_o-abstract-microscope-logo/,https://template.canva.com/EAFHPa7vR_o/1/0/800w-BLIKO5TVoU0.jpg,true,0023_EAFHPa7vR_o.jpg,biology/images/0023_EAFHPa7vR_o.jpg,2026-08-06T10:03:22.237Z
Biology,Science & Environment,Benjamin,ocr,success,BENJAMIN | CREATIVE,EAFHgXX2hlk,Biological Human Brain Logo,https://www.canva.com/templates/EAFHgXX2hlk-biological-human-brain-logo/,https://template.canva.com/EAFHgXX2hlk/1/0/800w-l72TNmgFPpA.jpg,true,0028_EAFHgXX2hlk.jpg,biology/images/0028_EAFHgXX2hlk.jpg,2026-08-06T10:03:27.078Z
Biology,Science & Environment,Brigitte,ocr,success,BRIGITTE | MEDICAL,EAFIXtYDGD0,Biological Human Skeleton Logo,https://www.canva.com/templates/EAFIXtYDGD0-biological-human-skeleton-logo/,https://template.canva.com/EAFIXtYDGD0/1/0/800w-RJupFwAtgcI.jpg,true,0017_EAFIXtYDGD0.jpg,biology/images/0017_EAFIXtYDGD0.jpg,2026-08-06T10:03:15.167Z
Biology,Science & Environment,Science,ocr,success,Science | LABORATORY,EAFRMsC6ro8,Blue Brown Minimalist Science Laboratory Brain Logo,https://www.canva.com/templates/EAFRMsC6ro8-blue-brown-minimalist-science-laboratory-brain-logo/,https://template.canva.com/EAFRMsC6ro8/1/0/800w-BBGOTvPbuyA.jpg,true,0014_EAFRMsC6ro8.jpg,biology/images/0014_EAFRMsC6ro8.jpg,2026-08-06T10:03:14.728Z
Biology,Science & Environment,biology cell,ocr,success,biology cell | MOLECULE | GENETIC,EAFQHVBoqxI,blue minimalist biology cell logo design,https://www.canva.com/templates/EAFQHVBoqxI-blue-minimalist-biology-cell-logo-design/,https://template.canva.com/EAFQHVBoqxI/1/0/800w-ImNnqSTnCRI.jpg,true,0002_EAFQHVBoqxI.jpg,biology/images/0002_EAFQHVBoqxI.jpg,2026-08-06T10:03:07.845Z
Biology,Science & Environment,Science,ocr,success,SCIENCE | LABORATORY,EAFRMlky_KQ,Blue Minimalist Science Laboratory Brain Logo,https://www.canva.com/templates/EAFRMlky_KQ-blue-minimalist-science-laboratory-brain-logo/,https://template.canva.com/EAFRMlky_KQ/1/0/800w-u-ZcJ8q7_SU.jpg,true,0001_EAFRMlky_KQ.jpg,biology/images/0001_EAFRMlky_KQ.jpg,2026-08-06T10:03:07.703Z
Biology,Science & Environment,Science,ocr,success,Science | Laboratory,EAFRMrp6nrg,Blue Minimalist Science Laboratory Brain Logo,https://www.canva.com/templates/EAFRMrp6nrg-blue-minimalist-science-laboratory-brain-logo/,https://template.canva.com/EAFRMrp6nrg/1/0/800w-wuPmQmAm3fE.jpg,true,0016_EAFRMrp6nrg.jpg,biology/images/0016_EAFRMrp6nrg.jpg,2026-08-06T10:03:15.014Z
Biology,Science & Environment,Science,ocr,success,Science | LABORATORY,EAFRMvpcWkY,Blue Minimalist Science Laboratory Brain Logo,https://www.canva.com/templates/EAFRMvpcWkY-blue-minimalist-science-laboratory-brain-logo/,https://template.canva.com/EAFRMvpcWkY/1/0/800w-810qO9YA1FY.jpg,true,0021_EAFRMvpcWkY.jpg,biology/images/0021_EAFRMvpcWkY.jpg,2026-08-06T10:03:21.963Z
Biology,Technology & Electronics,Brain Tech,ocr,success,Brain Tech | Consulting,EAE0M6SJBCg,Blue Modern Brain Genius And Technology Smart Mind Business Logo Template,https://www.canva.com/templates/EAE0M6SJBCg-blue-modern-brain-genius-and-technology-smart-mind-business-logo-template/,https://template.canva.com/EAE0M6SJBCg/1/0/800w-FZgTyIYxsFA.jpg,false,0013_EAE0M6SJBCg.jpg,biology/images/0013_EAE0M6SJBCg.jpg,2026-08-06T10:03:14.591Z
Biology,Science & Environment,Biotech,ocr,success,Biotech | Artificial Intelligence Solution,EAEZEm8BgoA,Blue White Medical or Science Logo,https://www.canva.com/templates/EAEZEm8BgoA-blue-white-medical-or-science-logo/,https://template.canva.com/EAEZEm8BgoA/1/0/800w-NudVs9Z19yc.jpg,true,0022_EAEZEm8BgoA.jpg,biology/images/0022_EAEZEm8BgoA.jpg,2026-08-06T10:03:22.096Z
Biology,Graphic Design & Creative Services,Achn,ocr,success,ACHN,EAE9i4_06t4,Brown Elegant Lettering Badge Illustration Logo,https://www.canva.com/templates/EAE9i4_06t4-brown-elegant-lettering-badge-illustration-logo/,https://template.canva.com/EAE9i4_06t4/2/0/800w-2OylGJtv-Pc.jpg,false,0024_EAE9i4_06t4.jpg,biology/images/0024_EAE9i4_06t4.jpg,2026-08-06T10:03:22.393Z
Biology,Science & Environment,Manhattan,ocr,success,MANHATTAN | LABORATORY,EAEVPhwbcWQ,Cyan Minimal Laboratory Logo,https://www.canva.com/templates/EAEVPhwbcWQ-cyan-minimal-laboratory-logo/,https://template.canva.com/EAEVPhwbcWQ/1/0/800w-AO4OY6RNI7Q.jpg,true,0011_EAEVPhwbcWQ.jpg,biology/images/0011_EAEVPhwbcWQ.jpg,2026-08-06T10:03:14.311Z
Biology,Science & Environment,Hanover,ocr,success,HANOVER | AND TYKE,EAE7AoYwX1M,Green Dot Square Recipe,https://www.canva.com/templates/EAE7AoYwX1M-green-dot-square-recipe/,https://template.canva.com/EAE7AoYwX1M/1/0/800w-peKDVilb0ck.jpg,true,0015_EAE7AoYwX1M.jpg,biology/images/0015_EAE7AoYwX1M.jpg,2026-08-06T10:03:14.869Z
Biology,Science & Environment,Leaf Lab,ocr,success,LEAF LAB | EXPERIMENT,EAFNUpdR-6A,Green minimalist leaf lab logo,https://www.canva.com/templates/EAFNUpdR-6A-green-minimalist-leaf-lab-logo/,https://template.canva.com/EAFNUpdR-6A/1/0/800w-A5svinb_Llc.jpg,true,0003_EAFNUpdR-6A.jpg,biology/images/0003_EAFNUpdR-6A.jpg,2026-08-06T10:03:07.999Z
Biology,Graphic Design & Creative Services,Microscope,ocr,success,MICROSCOPE | ILLUSTRATION,EAFLuU3ur78,Green Minimalist Microscope Logo,https://www.canva.com/templates/EAFLuU3ur78-green-minimalist-microscope-logo/,https://template.canva.com/EAFLuU3ur78/1/0/800w-ASRhAnreWlU.jpg,true,0008_EAFLuU3ur78.jpg,biology/images/0008_EAFLuU3ur78.jpg,2026-08-06T10:03:08.708Z
Biology,Science & Environment,Wonderkids,ocr,success,Wonderkids | CHILDREN,EAFLu-KahUA,Green Pink Minimalist Wonderkids Logo,https://www.canva.com/templates/EAFLu-KahUA-green-pink-minimalist-wonderkids-logo/,https://template.canva.com/EAFLu-KahUA/1/0/800w-GVhEdpIwe-0.jpg,true,0027_EAFLu-KahUA.jpg,biology/images/0027_EAFLu-KahUA.jpg,2026-08-06T10:03:23.142Z
Biology,Science & Environment,Kidney Care,ocr,success,Kidney Care | Slogan Here,EAEzmxjMVn4,Kidney Care logo,https://www.canva.com/templates/EAEzmxjMVn4-kidney-care-logo/,https://template.canva.com/EAEzmxjMVn4/1/0/800w-tDQUn2Qc7mY.jpg,false,0006_EAEzmxjMVn4.jpg,biology/images/0006_EAEzmxjMVn4.jpg,2026-08-06T10:03:08.419Z
Biology,Technology & Electronics,Molecule,ocr,success,Molecule | NANO TECHNOLOGY,EAE14zqIY9k,"Letter M with Dot and Curve ,Circles shape connected, Molecule and Nano Technology logotype",https://www.canva.com/templates/EAE14zqIY9k-letter-m-with-dot-and-curve-circles-shape-connected-molecule-and-nano-technology-logotype/,https://template.canva.com/EAE14zqIY9k/1/0/800w-J5B37d-okBo.jpg,false,0012_EAE14zqIY9k.jpg,biology/images/0012_EAE14zqIY9k.jpg,2026-08-06T10:03:14.453Z
Biology,Science & Environment,Margarita,ocr,success,MARGARITA | LABORATORY,EAFHEzgfjbA,Minimal Microscope Logo,https://www.canva.com/templates/EAFHEzgfjbA-minimal-microscope-logo/,https://template.canva.com/EAFHEzgfjbA/1/0/800w-_vUe58o84Sk.jpg,true,0029_EAFHEzgfjbA.jpg,biology/images/0029_EAFHEzgfjbA.jpg,2026-08-06T10:03:27.249Z
Biology,Science & Environment,Chemical,ocr,success,Chemical | DANGER AREA,EAEn1mpl2eA,Minimalist Laboratory Chemical Area Logo,https://www.canva.com/templates/EAEn1mpl2eA-minimalist-laboratory-chemical-area-logo/,https://template.canva.com/EAEn1mpl2eA/1/0/800w-FHdE90AqrrA.jpg,true,0019_EAEn1mpl2eA.jpg,biology/images/0019_EAEn1mpl2eA.jpg,2026-08-06T10:03:21.686Z
Biology,Technology & Electronics,Murad Naser,ocr,success,SINCE | 2022 | MURAD NASER | LABORATORY,EAFR6KiczFs,Modern White Microscope Technology Logo,https://www.canva.com/templates/EAFR6KiczFs-modern-white-microscope-technology-logo/,https://template.canva.com/EAFR6KiczFs/1/0/800w-bW5H5EayKpI.jpg,true,0026_EAFR6KiczFs.jpg,biology/images/0026_EAFR6KiczFs.jpg,2026-08-06T10:03:22.853Z
Biology,Science & Environment,Science,ocr,success,Science,EAFRMlmDZv8,Orange Blue Minimalist Science Laboratory Brain Logo,https://www.canva.com/templates/EAFRMlmDZv8-orange-blue-minimalist-science-laboratory-brain-logo/,https://template.canva.com/EAFRMlmDZv8/1/0/800w-BmzERATXMp0.jpg,true,0025_EAFRMlmDZv8.jpg,biology/images/0025_EAFRMlmDZv8.jpg,2026-08-06T10:03:22.529Z
Biology,Science & Environment,Science,ocr,success,Science | LABORATORY,EAFRMoLJ0dk,Orange Brown Minimalist Science Laboratory Brain Logo,https://www.canva.com/templates/EAFRMoLJ0dk-orange-brown-minimalist-science-laboratory-brain-logo/,https://template.canva.com/EAFRMoLJ0dk/1/0/800w-blLzbgt2tmc.jpg,true,0010_EAFRMoLJ0dk.jpg,biology/images/0010_EAFRMoLJ0dk.jpg,2026-08-06T10:03:14.165Z
Biology,Science & Environment,Organic,ocr,success,Organic | SCIENCE,EAE48sTGoH8,Organic lab Logo Design Concept. Creative Lab with leaf Logo Template,https://www.canva.com/templates/EAE48sTGoH8-organic-lab-logo-design-concept-creative-lab-with-leaf-logo-template/,https://template.canva.com/EAE48sTGoH8/1/0/800w-oexWf73cG6Q.jpg,false,0018_EAE48sTGoH8.jpg,biology/images/0018_EAE48sTGoH8.jpg,2026-08-06T10:03:15.331Z
Biology,Science & Environment,Search Lab,ocr,success,SEARCH LAB,EAFRQhjJE1g,Pink blue minimalist search lab logo,https://www.canva.com/templates/EAFRQhjJE1g-pink-blue-minimalist-search-lab-logo/,https://template.canva.com/EAFRQhjJE1g/1/0/800w-RDTkrbRduSo.jpg,true,0020_EAFRQhjJE1g.jpg,biology/images/0020_EAFRQhjJE1g.jpg,2026-08-06T10:03:21.820Z
Biology,Science & Environment,Lab Bottle,ocr,success,Lab Bottle | EXPERIMENT,EAFP8jOjeRI,Purple blue minimalist lab bottle logo,https://www.canva.com/templates/EAFP8jOjeRI-purple-blue-minimalist-lab-bottle-logo/,https://template.canva.com/EAFP8jOjeRI/1/0/800w-dU9XA-JBSD8.jpg,true,0004_EAFP8jOjeRI.jpg,biology/images/0004_EAFP8jOjeRI.jpg,2026-08-06T10:03:08.141Z
Biology,Science & Environment,lab science,ocr,success,lab science,EAFQOpEvl68,Purple Creative Lab Science Logo,https://www.canva.com/templates/EAFQOpEvl68-purple-creative-lab-science-logo/,https://template.canva.com/EAFQOpEvl68/2/0/800w-4FYF0dS8yN0.jpg,true,0009_EAFQOpEvl68.jpg,biology/images/0009_EAFQOpEvl68.jpg,2026-08-06T10:03:08.841Z
Biology,Science & Environment,Simple Scientist,ocr,success,SIMPLE SCIENTIST | RESEARCH GROUP,EAET2VkwPLQ,Scientist Logo Template,https://www.canva.com/templates/EAET2VkwPLQ-scientist-logo-template/,https://template.canva.com/EAET2VkwPLQ/1/0/800w-eb0EAgaV4sc.jpg,true,0005_EAET2VkwPLQ.jpg,biology/images/0005_EAET2VkwPLQ.jpg,2026-08-06T10:03:08.288Z
Biology,Technology & Electronics,SpineTech,ocr,success,SpineTech | HEADACHE AND SPINE CENTER,EAE1SbuNqlE,"spine tech logo, creative spine clinic vector",https://www.canva.com/templates/EAE1SbuNqlE-spine-tech-logo-creative-spine-clinic-vector/,https://template.canva.com/EAE1SbuNqlE/1/0/800w-fSwdSegrv9c.jpg,false,0007_EAE1SbuNqlE.jpg,biology/images/0007_EAE1SbuNqlE.jpg,2026-08-06T10:03:08.568Z
Brand,General Business,Bloom,ocr,success,BLOOM | YOUR SLOGAN,EAFJrdFzTx8,Aesthetic & Fun Brand Logo,https://www.canva.com/templates/EAFJrdFzTx8-aesthetic-fun-brand-logo/,https://template.canva.com/EAFJrdFzTx8/1/0/800w-eFyUzYoi2Z0.jpg,false,0016_EAFJrdFzTx8.jpg,brand/images/0016_EAFJrdFzTx8.jpg,2026-08-06T09:47:05.121Z
Brand,General Business,atrina,ocr,success,atrina | Florist Shop,EAEuSEKubFo,Aesthetic Florist Shop Logo,https://www.canva.com/templates/EAEuSEKubFo-aesthetic-florist-shop-logo/,https://template.canva.com/EAEuSEKubFo/1/0/800w-oY8N0lqnEPs.jpg,false,0070_EAEuSEKubFo.jpg,brand/images/0070_EAEuSEKubFo.jpg,2026-08-06T09:48:02.080Z
Brand,General Business,Les ele,ocr,success,Les ele | FAUGET | COMPANY-,EAFGRxDg9V0,Beige & Black Elegant Company Logo,https://www.canva.com/templates/EAFGRxDg9V0-beige-black-elegant-company-logo/,https://template.canva.com/EAFGRxDg9V0/1/0/800w--jVH-4mSwe8.jpg,false,0028_EAFGRxDg9V0.jpg,brand/images/0028_EAFGRxDg9V0.jpg,2026-08-06T09:47:22.363Z
Brand,Fashion & Apparel,Hannah Morales,ocr,success,Hannah Morales | Fashion Brand,EAFLsxXJl5Y,Beige & Black Minimalist Fashion Brand Logo,https://www.canva.com/templates/EAFLsxXJl5Y-beige-black-minimalist-fashion-brand-logo/,https://template.canva.com/EAFLsxXJl5Y/1/0/800w-ONNCyyYedik.jpg,false,0032_EAFLsxXJl5Y.jpg,brand/images/0032_EAFLsxXJl5Y.jpg,2026-08-06T09:47:22.941Z
Brand,Fashion & Apparel,Barcelle,ocr,success,Barcelle | FASHION,EAFLbyH0vZk,Beige and Brown Minimalist Fashion Brand Logo,https://www.canva.com/templates/EAFLbyH0vZk-beige-and-brown-minimalist-fashion-brand-logo/,https://template.canva.com/EAFLbyH0vZk/1/0/800w-JIWijheo-zs.jpg,false,0046_EAFLbyH0vZk.jpg,brand/images/0046_EAFLbyH0vZk.jpg,2026-08-06T09:47:39.635Z
Brand,General Business,Iw,ocr,success,IW | OLIVIA WILSON,EAFHni5p0vE,Beige and Orange Playful Logo,https://www.canva.com/templates/EAFHni5p0vE-beige-and-orange-playful-logo/,https://template.canva.com/EAFHni5p0vE/1/0/800w-mtqpICsIoSQ.jpg,false,0038_EAFHni5p0vE.jpg,brand/images/0038_EAFHni5p0vE.jpg,2026-08-06T09:47:30.489Z
Brand,Graphic Design & Creative Services,Nature,ocr,success,1444119. | NATURE | INTO THE WILD,EAFF0sZtqOA,Beige Colorful Illustrated Adventure Logo,https://www.canva.com/templates/EAFF0sZtqOA-beige-colorful-illustrated-adventure-logo/,https://template.canva.com/EAFF0sZtqOA/1/0/800w-PRwCgIfVXow.jpg,false,0041_EAFF0sZtqOA.jpg,brand/images/0041_EAFF0sZtqOA.jpg,2026-08-06T09:47:31.079Z
Brand,Beauty & Cosmetics,Avery Davis,ocr,success,AVERY DAVIS | NATURAL SKINCARE,EAFBxOAQblM,Beige Elegant Minimalist Skincare Logo,https://www.canva.com/templates/EAFBxOAQblM-beige-elegant-minimalist-skincare-logo/,https://template.canva.com/EAFBxOAQblM/1/0/800w-4e9O5OhzQG4.jpg,false,0076_EAFBxOAQblM.jpg,brand/images/0076_EAFBxOAQblM.jpg,2026-08-06T09:48:10.133Z
Brand,Advertising & Marketing,Heritage Fashion,ocr,success,HERITAGE FASHION | EST. 2022,EAFJyH5OA6E,Beige Marketing Typography Logo,https://www.canva.com/templates/EAFJyH5OA6E-beige-marketing-typography-logo/,https://template.canva.com/EAFJyH5OA6E/1/0/800w-v-50jODsIIU.jpg,false,0009_EAFJyH5OA6E.jpg,brand/images/0009_EAFJyH5OA6E.jpg,2026-08-06T09:46:54.240Z
Brand,Advertising & Marketing,Ry,ocr,success,Ry | COFFEE AND EATERY,EAFJyCACeBE,Beige Marketing Typography Logo,https://www.canva.com/templates/EAFJyCACeBE-beige-marketing-typography-logo/,https://template.canva.com/EAFJyCACeBE/1/0/800w-wX3BjK7dQao.jpg,false,0058_EAFJyCACeBE.jpg,brand/images/0058_EAFJyCACeBE.jpg,2026-08-06T09:47:50.384Z
Brand,Food & Beverage,Nora,ocr,success,NORA | CAKES | COFFEE | EST - 2021,EAFGBInBhDQ,Beige Minimalist Cafe Cake Shop Logo,https://www.canva.com/templates/EAFGBInBhDQ-beige-minimalist-cafe-cake-shop-logo/,https://template.canva.com/EAFGBInBhDQ/1/0/800w-X6bnKSXqaek.jpg,false,0047_EAFGBInBhDQ.jpg,brand/images/0047_EAFGBInBhDQ.jpg,2026-08-06T09:47:39.780Z
Brand,General Business,Borcelle,ocr,success,BORCELLE | COMPANY,EAFJwgzECmA,Beige Navy and Gold Modern Company Logo,https://www.canva.com/templates/EAFJwgzECmA-beige-navy-and-gold-modern-company-logo/,https://template.canva.com/EAFJwgzECmA/1/0/800w-AwWwa15R-3U.jpg,false,0083_EAFJwgzECmA.jpg,brand/images/0083_EAFJwgzECmA.jpg,2026-08-06T09:48:19.339Z
Brand,General Business,Company,ocr,success,Borcelle | Company,EAFH34AHTd0,Black & Orange Modern Company Logo,https://www.canva.com/templates/EAFH34AHTd0-black-orange-modern-company-logo/,https://template.canva.com/EAFH34AHTd0/1/0/800w-1wcaDdow5R4.jpg,false,0049_EAFH34AHTd0.jpg,brand/images/0049_EAFH34AHTd0.jpg,2026-08-06T09:47:40.082Z
Brand,General Business,Olivia Wilson & Co.,ocr,success,Olivia Wilson & Co.,EAFHugUsEHU,Black & Pink Modern Minimalist Logo,https://www.canva.com/templates/EAFHugUsEHU-black-pink-modern-minimalist-logo/,https://template.canva.com/EAFHugUsEHU/1/0/800w-WstSgL3lgiU.jpg,false,0080_EAFHugUsEHU.jpg,brand/images/0080_EAFHugUsEHU.jpg,2026-08-06T09:48:10.791Z
Brand,General Business,"Larana, Inc.",ocr,success,"Larana, Inc. | COMPANY",EAFGRznj5NQ,Black & Yellow Elegant Company Logo,https://www.canva.com/templates/EAFGRznj5NQ-black-yellow-elegant-company-logo/,https://template.canva.com/EAFGRznj5NQ/1/0/800w-UJRlWeBOFCI.jpg,false,0012_EAFGRznj5NQ.jpg,brand/images/0012_EAFGRznj5NQ.jpg,2026-08-06T09:47:04.315Z
Brand,General Business,Arowwai,ocr,success,AROWWAI | COMPANY,EAFD2v3hcg8,Black And Gold Elegant Modern Company Logo,https://www.canva.com/templates/EAFD2v3hcg8-black-and-gold-elegant-modern-company-logo/,https://template.canva.com/EAFD2v3hcg8/1/0/800w-AUzH3njSW_U.jpg,false,0005_EAFD2v3hcg8.jpg,brand/images/0005_EAFD2v3hcg8.jpg,2026-08-06T09:46:53.628Z
Brand,Food & Beverage,Barcelle,ocr,success,Barcelle | Cafe & Resto | ESt. 2020,EAFSnQacBU4,Black and White Elegant and Simple Cafe and Resto Logo,https://www.canva.com/templates/EAFSnQacBU4-black-and-white-elegant-and-simple-cafe-and-resto-logo/,https://template.canva.com/EAFSnQacBU4/1/0/800w-rbZU3gzwaoI.jpg,false,0003_EAFSnQacBU4.jpg,brand/images/0003_EAFSnQacBU4.jpg,2026-08-06T09:46:53.246Z
Brand,General Business,Timmerman,ocr,success,TIMMERMAN | INDUSTRIES,EAFNa2u9qCo,Black and White Luxury Business Logo,https://www.canva.com/templates/EAFNa2u9qCo-black-and-white-luxury-business-logo/,https://template.canva.com/EAFNa2u9qCo/1/0/800w-3n1AorfHo0g.jpg,false,0061_EAFNa2u9qCo.jpg,brand/images/0061_EAFNa2u9qCo.jpg,2026-08-06T09:47:50.794Z
Brand,General Business,Co,ocr,success,CO,EAFLkk_1sQo,Black And White Modern Minimalist Logo,https://www.canva.com/templates/EAFLkk_1sQo-black-and-white-modern-minimalist-logo/,https://template.canva.com/EAFLkk_1sQo/2/0/800w-ApJR2ReV9Bo.jpg,false,0007_EAFLkk_1sQo.jpg,brand/images/0007_EAFLkk_1sQo.jpg,2026-08-06T09:46:53.925Z
Brand,General Business,Chiaki Sato,ocr,success,Chiaki Sato,EAFM2e7p1h8,Black And White Modern Minimalist Logo With Name Symbols Initials,https://www.canva.com/templates/EAFM2e7p1h8-black-and-white-modern-minimalist-logo-with-name-symbols-initials/,https://template.canva.com/EAFM2e7p1h8/1/0/800w-4RDu1x2qYgw.jpg,false,0077_EAFM2e7p1h8.jpg,brand/images/0077_EAFM2e7p1h8.jpg,2026-08-06T09:48:10.324Z
Brand,General Business,Takehiro Kanegi,ocr,success,K | TAKEHIRO KANEGI,EAFMlLV1ISA,Black And White Modern Minimalist Logo With Name Symbols Initials Letters,https://www.canva.com/templates/EAFMlLV1ISA-black-and-white-modern-minimalist-logo-with-name-symbols-initials-letters/,https://template.canva.com/EAFMlLV1ISA/1/0/800w-PZHp7CJDxTw.jpg,false,0043_EAFMlLV1ISA.jpg,brand/images/0043_EAFMlLV1ISA.jpg,2026-08-06T09:47:31.410Z
Brand,General Business,Av,ocr,success,AV | Studio,EAFIG-HmPh4,Black And White Modern Simple Minimalist Minimal Logo,https://www.canva.com/templates/EAFIG-HmPh4-black-and-white-modern-simple-minimalist-minimal-logo/,https://template.canva.com/EAFIG-HmPh4/1/0/800w-NuxGYVl7AUs.jpg,false,0001_EAFIG-HmPh4.jpg,brand/images/0001_EAFIG-HmPh4.jpg,2026-08-06T09:46:52.935Z
Brand,Food & Beverage,Eatery & Cafe,ocr,success,2011 | ESTD | BORCELLE'S | EATERY & CAFE,EAFGONvYiew,Black and White Vintage Eatery Cafe Shop Logo,https://www.canva.com/templates/EAFGONvYiew-black-and-white-vintage-eatery-cafe-shop-logo/,https://template.canva.com/EAFGONvYiew/1/0/800w-ERl2RTDHPCg.jpg,false,0050_EAFGONvYiew.jpg,brand/images/0050_EAFGONvYiew.jpg,2026-08-06T09:47:40.218Z
Brand,Graphic Design & Creative Services,Aldenaire,ocr,success,Aldenaire | Islamic Boarding School,EAF4o7A4T4M,Black Gold Minimalist Illustrated Islamic Boarding School Logo,https://www.canva.com/templates/EAF4o7A4T4M-black-gold-minimalist-illustrated-islamic-boarding-school-logo/,https://template.canva.com/EAF4o7A4T4M/2/0/800w-OsCCKmdCuoc.jpg,false,0072_EAF4o7A4T4M.jpg,brand/images/0072_EAF4o7A4T4M.jpg,2026-08-06T09:48:02.351Z
Brand,Education & Literacy,Book,ocr,success,BOOK | STORE,EAGsKXrl0sA,Black Gold Simple Book Store Logo,https://www.canva.com/templates/EAGsKXrl0sA-black-gold-simple-book-store-logo/,https://template.canva.com/EAGsKXrl0sA/1/0/800w-jAs9gmS0hCo.jpg,false,0027_EAGsKXrl0sA.jpg,brand/images/0027_EAGsKXrl0sA.jpg,2026-08-06T09:47:14.456Z
Brand,Graphic Design & Creative Services,Borcelle,ocr,success,BORCELLE | EDUCATION,EAGFzB-Cj_8,Black Illustrated School Logo,https://www.canva.com/templates/EAGFzB-Cj_8-black-illustrated-school-logo/,https://template.canva.com/EAGFzB-Cj_8/1/0/800w-gr0IhA7lTJM.jpg,false,0015_EAGFzB-Cj_8.jpg,brand/images/0015_EAGFzB-Cj_8.jpg,2026-08-06T09:47:04.946Z
Brand,Fashion & Apparel,Hb,ocr,success,HB | HANOVER FASHION | BRAND-,EAFLby9vE3M,Black Minimalist Fashion Brand Logo,https://www.canva.com/templates/EAFLby9vE3M-black-minimalist-fashion-brand-logo/,https://template.canva.com/EAFLby9vE3M/1/0/800w-2jIafyOkvr0.jpg,false,0036_EAFLby9vE3M.jpg,brand/images/0036_EAFLby9vE3M.jpg,2026-08-06T09:47:23.542Z
Brand,General Business,Unknown EAFMBk_YCdM,ocr_failed,success,,EAFMBk_YCdM,Black White Milky Silver Modern Elegant Floral Professional Logo,https://www.canva.com/templates/EAFMBk_YCdM-black-white-milky-silver-modern-elegant-floral-professional-logo/,https://template.canva.com/EAFMBk_YCdM/1/0/800w-jfM5pw_r9yQ.jpg,false,0097_EAFMBk_YCdM.jpg,brand/images/0097_EAFMBk_YCdM.jpg,2026-08-06T09:48:29.494Z
Brand,General Business,Unknown EAFOXT_eMcM,ocr_failed,success,,EAFOXT_eMcM,Black White Modern Minimalist Logo,https://www.canva.com/templates/EAFOXT_eMcM-black-white-modern-minimalist-logo/,https://template.canva.com/EAFOXT_eMcM/1/0/800w-7jrmJiWxPNw.jpg,false,0008_EAFOXT_eMcM.jpg,brand/images/0008_EAFOXT_eMcM.jpg,2026-08-06T09:46:54.078Z
Brand,General Business,Studio,ocr,success,STUDIO,EAFOujUmvpo,Black White Modern Minimalist Logo,https://www.canva.com/templates/EAFOujUmvpo-black-white-modern-minimalist-logo/,https://template.canva.com/EAFOujUmvpo/2/0/800w-gU6CjKPfZZM.jpg,false,0090_EAFOujUmvpo.jpg,brand/images/0090_EAFOujUmvpo.jpg,2026-08-06T09:48:20.314Z
Brand,General Business,Chiaki,ocr,success,CHIAKI | SAT,EAFLv_iNW_Q,Black White Red Modern Simple Minimalist Minimal Logo With Name,https://www.canva.com/templates/EAFLv_iNW_Q-black-white-red-modern-simple-minimalist-minimal-logo-with-name/,https://template.canva.com/EAFLv_iNW_Q/1/0/800w-pUFZOkefb_Q.jpg,false,0033_EAFLv_iNW_Q.jpg,brand/images/0033_EAFLv_iNW_Q.jpg,2026-08-06T09:47:23.094Z
Brand,General Business,Borcelle,ocr,success,BORCELLE | SHAVE TIME. SHAVE MONEY.,EAFepo5CXAc,Black White Simple Business Agency Logo,https://www.canva.com/templates/EAFepo5CXAc-black-white-simple-business-agency-logo/,https://template.canva.com/EAFepo5CXAc/1/0/800w-CkHTp6Hv1JM.jpg,false,0048_EAFepo5CXAc.jpg,brand/images/0048_EAFepo5CXAc.jpg,2026-08-06T09:47:39.939Z
Brand,Food & Beverage,Bb&q,ocr,success,BB&Q,EAFXUu5T9Mo,Black White Simple Grill Restaurant Logo,https://www.canva.com/templates/EAFXUu5T9Mo-black-white-simple-grill-restaurant-logo/,https://template.canva.com/EAFXUu5T9Mo/1/0/800w-YW2e-8CGsPk.jpg,false,0020_EAFXUu5T9Mo.jpg,brand/images/0020_EAFXUu5T9Mo.jpg,2026-08-06T09:47:13.460Z
Brand,Food & Beverage,Lloli,ocr,success,LLOLI | RAMEN,EAFXQXWosIQ,Black White Simple Ramen Food Business Logo,https://www.canva.com/templates/EAFXQXWosIQ-black-white-simple-ramen-food-business-logo/,https://template.canva.com/EAFXQXWosIQ/1/0/800w-ykRMDEGsRbQ.jpg,false,0092_EAFXQXWosIQ.jpg,brand/images/0092_EAFXQXWosIQ.jpg,2026-08-06T09:48:28.774Z
Brand,Food & Beverage,Veg,ocr,success,VEG | BOX,EAFXUt4qVek,Black White Simple Vegetable Food Business Logo,https://www.canva.com/templates/EAFXUt4qVek-black-white-simple-vegetable-food-business-logo/,https://template.canva.com/EAFXUt4qVek/1/0/800w-tW1f5OUd-ko.jpg,false,0085_EAFXUt4qVek.jpg,brand/images/0085_EAFXUt4qVek.jpg,2026-08-06T09:48:19.606Z
Brand,Food & Beverage,Auget,ocr,success,AUGET,EAFX_unoRig,Black Yellow Cute Korean Food Logo,https://www.canva.com/templates/EAFX_unoRig-black-yellow-cute-korean-food-logo/,https://template.canva.com/EAFX_unoRig/1/0/800w-eVpk1-jF49c.jpg,false,0096_EAFX_unoRig.jpg,brand/images/0096_EAFX_unoRig.jpg,2026-08-06T09:48:29.359Z
Brand,Graphic Design & Creative Services,Borcelle,ocr,success,BORCELLE | COMPANY,EAFJHcgKNPk,Blue & Yellow Illustration Company Logo,https://www.canva.com/templates/EAFJHcgKNPk-blue-yellow-illustration-company-logo/,https://template.canva.com/EAFJHcgKNPk/1/0/800w-R81H5utsU1g.jpg,false,0002_EAFJHcgKNPk.jpg,brand/images/0002_EAFJHcgKNPk.jpg,2026-08-06T09:46:53.101Z
Brand,General Business,Aery,ocr,success,AERY | AVERY DAVIS,EAFK_iWJ4I8,Blue And Pink Modern Business Logo,https://www.canva.com/templates/EAFK_iWJ4I8-blue-and-pink-modern-business-logo/,https://template.canva.com/EAFK_iWJ4I8/1/0/800w-92iasNoE82o.jpg,false,0081_EAFK_iWJ4I8.jpg,brand/images/0081_EAFK_iWJ4I8.jpg,2026-08-06T09:48:10.945Z
Brand,General Business,Liceria Glass,ocr,success,LICERIA GLASS,EAGUwHDNs8U,Blue and White Cute Modern Class Logo,https://www.canva.com/templates/EAGUwHDNs8U-blue-and-white-cute-modern-class-logo/,https://template.canva.com/EAGUwHDNs8U/1/0/800w-QNwhfUR1-Mk.jpg,false,0004_EAGUwHDNs8U.jpg,brand/images/0004_EAGUwHDNs8U.jpg,2026-08-06T09:46:53.435Z
Brand,Education & Literacy,Keithston,ocr,success,KEITHSTON | LANGUAGE COURSE,EAGURabTmcg,Blue and White Modern Education Logo,https://www.canva.com/templates/EAGURabTmcg-blue-and-white-modern-education-logo/,https://template.canva.com/EAGURabTmcg/1/0/800w-xkQY9h-0Wck.jpg,false,0057_EAGURabTmcg.jpg,brand/images/0057_EAGURabTmcg.jpg,2026-08-06T09:47:50.243Z
Brand,Advertising & Marketing,beacon,ocr,success,beacon | MARKETING AGENCY,EAFJfH1jSz8,Blue And White Modern Marketing Agency Logo,https://www.canva.com/templates/EAFJfH1jSz8-blue-and-white-modern-marketing-agency-logo/,https://template.canva.com/EAFJfH1jSz8/1/0/800w-AWea2ZDCk7w.jpg,false,0031_EAFJfH1jSz8.jpg,brand/images/0031_EAFJfH1jSz8.jpg,2026-08-06T09:47:22.796Z
Brand,General Business,Lage,ocr,success,PAYCEK | LAGE,EAFKxq1vq64,Blue Geometric Fisherman Business Logo,https://www.canva.com/templates/EAFKxq1vq64-blue-geometric-fisherman-business-logo/,https://template.canva.com/EAFKxq1vq64/1/0/800w-_r4hyLxZ_Uc.jpg,false,0030_EAFKxq1vq64.jpg,brand/images/0030_EAFKxq1vq64.jpg,2026-08-06T09:47:22.652Z
Brand,General Business,Thynk Unlimited,ocr,success,THYNK UNLIMITED | COMPANY,EAFF4hrdOE0,Blue Modern Simple Company Logo,https://www.canva.com/templates/EAFF4hrdOE0-blue-modern-simple-company-logo/,https://template.canva.com/EAFF4hrdOE0/1/0/800w-KAJQ5kvu-E0.jpg,false,0067_EAFF4hrdOE0.jpg,brand/images/0067_EAFF4hrdOE0.jpg,2026-08-06T09:48:01.677Z
Brand,General Business,Larana,ocr,success,LARANA | PRIVATE TUTORING,EAGua3sBnsQ,Blue Orange Modern Private Tutoring Logo,https://www.canva.com/templates/EAGua3sBnsQ-blue-orange-modern-private-tutoring-logo/,https://template.canva.com/EAGua3sBnsQ/1/0/800w-QNl37UlmwtE.jpg,false,0093_EAGua3sBnsQ.jpg,brand/images/0093_EAGua3sBnsQ.jpg,2026-08-06T09:48:28.921Z
Brand,General Business,Borcelle,ocr,success,Borcelle,EAFDUDcEB94,Blue Script Clean Stylish Logo,https://www.canva.com/templates/EAFDUDcEB94-blue-script-clean-stylish-logo/,https://template.canva.com/EAFDUDcEB94/2/0/800w-Q094IJXhY2A.jpg,false,0034_EAFDUDcEB94.jpg,brand/images/0034_EAFDUDcEB94.jpg,2026-08-06T09:47:23.254Z
Brand,General Business,Fauget,ocr,success,FAUGET | COMPANY,EAFJ1-xgK1M,Blue White Modern Company Logo,https://www.canva.com/templates/EAFJ1-xgK1M-blue-white-modern-company-logo/,https://template.canva.com/EAFJ1-xgK1M/1/0/800w-ItWQZCsfCX0.jpg,false,0055_EAFJ1-xgK1M.jpg,brand/images/0055_EAFJ1-xgK1M.jpg,2026-08-06T09:47:49.953Z
Brand,General Business,R'Floraville,ocr,success,EST | 2022 | R'FLORAVILLE | RESORT & VILLAS,EAFYTUTv-gA,Blue White Simple Resort and Villas Logo,https://www.canva.com/templates/EAFYTUTv-gA-blue-white-simple-resort-and-villas-logo/,https://template.canva.com/EAFYTUTv-gA/1/0/800w-f3L5kTKkw6A.jpg,false,0051_EAFYTUTv-gA.jpg,brand/images/0051_EAFYTUTv-gA.jpg,2026-08-06T09:47:40.352Z
Brand,Graphic Design & Creative Services,Larana,ocr,success,LARANA | KINDERGARTEN,EAGvGSqyTXM,Blue Yellow Illustrated Kindergarten Logo,https://www.canva.com/templates/EAGvGSqyTXM-blue-yellow-illustrated-kindergarten-logo/,https://template.canva.com/EAGvGSqyTXM/1/0/800w-ynvkwV_SKZI.jpg,false,0039_EAGvGSqyTXM.jpg,brand/images/0039_EAGvGSqyTXM.jpg,2026-08-06T09:47:30.673Z
Brand,Architecture & Real Estate,Arowwai,ocr,success,AROWWAI | REAL ESTATE,EAFMFbR-tJU,Brown Minimalist Real Estate Logo,https://www.canva.com/templates/EAFMFbR-tJU-brown-minimalist-real-estate-logo/,https://template.canva.com/EAFMFbR-tJU/1/0/800w-Bti6sG4dBX4.jpg,false,0023_EAFMFbR-tJU.jpg,brand/images/0023_EAFMFbR-tJU.jpg,2026-08-06T09:47:13.870Z
Brand,General Business,sorezzat,ocr,success,EST. 1977 | sorezzat | nra | WINE HOUSE,EAFFDzik8q0,Burgundy Minimalist Wine House Logo,https://www.canva.com/templates/EAFFDzik8q0-burgundy-minimalist-wine-house-logo/,https://template.canva.com/EAFFDzik8q0/1/0/800w-yHAoq9wvVBg.jpg,false,0014_EAFFDzik8q0.jpg,brand/images/0014_EAFFDzik8q0.jpg,2026-08-06T09:47:04.766Z
Brand,Graphic Design & Creative Services,"Larana, inc.",ocr,success,"PREMIUM DUALITY | Larana, inc. | YOUR BEST | RESTAURANT",EAFGQzh2vUY,Charcoal & White Illustration Restaurant Logo,https://www.canva.com/templates/EAFGQzh2vUY-charcoal-white-illustration-restaurant-logo/,https://template.canva.com/EAFGQzh2vUY/1/0/800w-EkcwjZTPAS0.jpg,false,0037_EAFGQzh2vUY.jpg,brand/images/0037_EAFGQzh2vUY.jpg,2026-08-06T09:47:30.296Z
Brand,Bakery & Desserts,Don And Beaut,ocr,success,DON AND BEAUT | ANNIE | 1938,EAEUkcdHPMA,Chocolate Gold Fashion Salon Minimal lettering logo,https://www.canva.com/templates/EAEUkcdHPMA-chocolate-gold-fashion-salon-minimal-lettering-logo/,https://template.canva.com/EAEUkcdHPMA/1/0/800w-1xc3ITOhzww.jpg,false,0075_EAEUkcdHPMA.jpg,brand/images/0075_EAEUkcdHPMA.jpg,2026-08-06T09:48:09.877Z
Brand,General Business,New York,ocr,success,NEW YORK,EAFGPhFYdZw,Cream Modern Company logo,https://www.canva.com/templates/EAFGPhFYdZw-cream-modern-company-logo/,https://template.canva.com/EAFGPhFYdZw/1/0/800w-QW1_Z-2hn60.jpg,false,0026_EAFGPhFYdZw.jpg,brand/images/0026_EAFGPhFYdZw.jpg,2026-08-06T09:47:14.318Z
Brand,Fashion & Apparel,accessories,ocr,success,accessories,EAFEVBZld9Q,Dark Green Elegant Accessories Logo,https://www.canva.com/templates/EAFEVBZld9Q-dark-green-elegant-accessories-logo/,https://template.canva.com/EAFEVBZld9Q/1/0/800w-c6xdaOEXWDw.jpg,false,0078_EAFEVBZld9Q.jpg,brand/images/0078_EAFEVBZld9Q.jpg,2026-08-06T09:48:10.472Z
Brand,Beauty & Cosmetics,Estelle Darcy,ocr,success,EST. | 2022 | ESTELLE DARCY | BEAUTY & SPA,EAFCyKnOTUI,Feminine Beauty and Spa Logo,https://www.canva.com/templates/EAFCyKnOTUI-feminine-beauty-and-spa-logo/,https://template.canva.com/EAFCyKnOTUI/3/0/800w-98ylrQP2crg.jpg,false,0073_EAFCyKnOTUI.jpg,brand/images/0073_EAFCyKnOTUI.jpg,2026-08-06T09:48:09.570Z
Brand,General Business,Hanover Company,ocr,success,Hanover Company | YOUR SLOGAN HERE,EAFGShuUDGU,Gold Elegant Company Logo,https://www.canva.com/templates/EAFGShuUDGU-gold-elegant-company-logo/,https://template.canva.com/EAFGShuUDGU/1/0/800w-HayFpMt4W1E.jpg,false,0059_EAFGShuUDGU.jpg,brand/images/0059_EAFGShuUDGU.jpg,2026-08-06T09:47:50.528Z
Brand,Fashion & Apparel,Mitchell,ocr,success,MITCHELL | PREMIUM FASHION,EAFL0JXoas0,Gold Line Simple Premium Fashion Collect Logoion,https://www.canva.com/templates/EAFL0JXoas0-gold-line-simple-premium-fashion-collect-logoion/,https://template.canva.com/EAFL0JXoas0/1/0/800w-ROLPiemLXlc.jpg,false,0095_EAFL0JXoas0.jpg,brand/images/0095_EAFL0JXoas0.jpg,2026-08-06T09:48:29.219Z
Brand,General Business,Larana.inc,ocr,success,LARANA.INC | Company,EAFE7ms4GIU,Gray and Black Minimalist Simple Professional Company Logo,https://www.canva.com/templates/EAFE7ms4GIU-gray-and-black-minimalist-simple-professional-company-logo/,https://template.canva.com/EAFE7ms4GIU/2/0/800w-Fpx9k6lVkPI.jpg,false,0045_EAFE7ms4GIU.jpg,brand/images/0045_EAFE7ms4GIU.jpg,2026-08-06T09:47:31.707Z
Brand,Graphic Design & Creative Services,Resh,ocr,success,FRADEL | RESH | R K,EAFJYFdcKU0,Green Illustration Fresh Market Branding Logo,https://www.canva.com/templates/EAFJYFdcKU0-green-illustration-fresh-market-branding-logo/,https://template.canva.com/EAFJYFdcKU0/1/0/800w-9kNdSkaKMis.jpg,false,0087_EAFJYFdcKU0.jpg,brand/images/0087_EAFJYFdcKU0.jpg,2026-08-06T09:48:19.873Z
Brand,Beauty & Cosmetics,Nordic Skin Co.,ocr,success,NORDIC SKIN CO.,EAFJrMTzsC8,Green Minimalist Beauty Brand Logo,https://www.canva.com/templates/EAFJrMTzsC8-green-minimalist-beauty-brand-logo/,https://template.canva.com/EAFJrMTzsC8/1/0/800w-9CGQbPBetRU.jpg,false,0098_EAFJrMTzsC8.jpg,brand/images/0098_EAFJrMTzsC8.jpg,2026-08-06T09:48:29.623Z
Brand,Banking & Finance,Paucek & Lage,ocr,success,Paucek & Lage | CONSULTING,EAFGHiTLy8g,Green Minimalist Financial Consulting Firm Logo,https://www.canva.com/templates/EAFGHiTLy8g-green-minimalist-financial-consulting-firm-logo/,https://template.canva.com/EAFGHiTLy8g/1/0/800w-R6akw48HYSI.jpg,false,0040_EAFGHiTLy8g.jpg,brand/images/0040_EAFGHiTLy8g.jpg,2026-08-06T09:47:30.866Z
Brand,Food & Beverage,Coffee Sho,ocr,success,PURCELLE S | 20 | 16 | COFFEE SHO,EAFGOGVcTo4,Green Modern Coffee Shop Brand Logo,https://www.canva.com/templates/EAFGOGVcTo4-green-modern-coffee-shop-brand-logo/,https://template.canva.com/EAFGOGVcTo4/1/0/800w-rABMVNSDW_U.jpg,false,0021_EAFGOGVcTo4.jpg,brand/images/0021_EAFGOGVcTo4.jpg,2026-08-06T09:47:13.593Z
Brand,General Business,Market,ocr,success,TYKE | MARKET | PROVIDE ALL YOUR NEEDS,EAFYrWDsB4I,Green Red Modern Design Market Logo,https://www.canva.com/templates/EAFYrWDsB4I-green-red-modern-design-market-logo/,https://template.canva.com/EAFYrWDsB4I/1/0/800w-jdadkG96ZFM.jpg,false,0082_EAFYrWDsB4I.jpg,brand/images/0082_EAFYrWDsB4I.jpg,2026-08-06T09:48:19.203Z
Brand,General Business,Olivia Aholerson,ocr,success,Olivia Aholerson,EAFNPlCrP54,Grey Pink Modern Minimalist Logo With Name,https://www.canva.com/templates/EAFNPlCrP54-grey-pink-modern-minimalist-logo-with-name/,https://template.canva.com/EAFNPlCrP54/1/0/800w-YthZexruKZU.jpg,false,0063_EAFNPlCrP54.jpg,brand/images/0063_EAFNPlCrP54.jpg,2026-08-06T09:47:51.078Z
Brand,Beauty & Cosmetics,Magnolia,ocr,success,MAGNOLIA | beauty studio,EAE-mIQ5nyA,Logo Brand Beauty Studio Elegant Women Aesthetic Feminine Minimalist Beige Template,https://www.canva.com/templates/EAE-mIQ5nyA-logo-brand-beauty-studio-elegant-women-aesthetic-feminine-minimalist-beige-template/,https://template.canva.com/EAE-mIQ5nyA/1/0/800w-jUJ6T7rwi6M.jpg,false,0084_EAE-mIQ5nyA.jpg,brand/images/0084_EAE-mIQ5nyA.jpg,2026-08-06T09:48:19.468Z
Brand,General Business,Salford & Co.,ocr,success,Salford & Co. | WORKSPACE SOLUTIONS,EAFBxTBts6Y,Minimalist Geometric Coworking Logo,https://www.canva.com/templates/EAFBxTBts6Y-minimalist-geometric-coworking-logo/,https://template.canva.com/EAFBxTBts6Y/1/0/800w-imUmk_CdNIs.jpg,false,0022_EAFBxTBts6Y.jpg,brand/images/0022_EAFBxTBts6Y.jpg,2026-08-06T09:47:13.729Z
Brand,Fashion & Apparel,augus,ocr,success,Est. 22 | augus | apparel,EAFGGiIsfpQ,Minimalist Luxury Apparel Fashion Logo,https://www.canva.com/templates/EAFGGiIsfpQ-minimalist-luxury-apparel-fashion-logo/,https://template.canva.com/EAFGGiIsfpQ/1/0/800w-IFGOElkn4qo.jpg,false,0079_EAFGGiIsfpQ.jpg,brand/images/0079_EAFGGiIsfpQ.jpg,2026-08-06T09:48:10.610Z
Brand,Architecture & Real Estate,Spencer,ocr,success,WARNER & | SPENCER | REAL ESTATE,EAFBxcEc_mk,Minimalist Real Estate Logo,https://www.canva.com/templates/EAFBxcEc_mk-minimalist-real-estate-logo/,https://template.canva.com/EAFBxcEc_mk/1/0/800w-8nqUQJ2CtrE.jpg,false,0011_EAFBxcEc_mk.jpg,brand/images/0011_EAFBxcEc_mk.jpg,2026-08-06T09:47:04.091Z
Brand,General Business,Larana,ocr,success,LARANA | LAUNDRY,EAFMBI_m-Mk,Modern and Simple Laundry Business Logo,https://www.canva.com/templates/EAFMBI_m-Mk-modern-and-simple-laundry-business-logo/,https://template.canva.com/EAFMBI_m-Mk/1/0/800w-R04fQCO-goM.jpg,false,0053_EAFMBI_m-Mk.jpg,brand/images/0053_EAFMBI_m-Mk.jpg,2026-08-06T09:47:40.641Z
Brand,Fashion & Apparel,Hannah,ocr,success,HANNAH | MORALES | SUSTAINABLE FASHION,EAFBxT7QLrU,Modern Leaves Pattern Fashion Logo,https://www.canva.com/templates/EAFBxT7QLrU-modern-leaves-pattern-fashion-logo/,https://template.canva.com/EAFBxT7QLrU/1/0/800w-Ovs6WdO7syM.jpg,false,0064_EAFBxT7QLrU.jpg,brand/images/0064_EAFBxT7QLrU.jpg,2026-08-06T09:48:01.262Z
Brand,General Business,Crocery Stone,ocr,success,KEITHSTON | CROCERY STONE,EAFGLu6k8WE,Modern Minimalist Grocery Shop Logo,https://www.canva.com/templates/EAFGLu6k8WE-modern-minimalist-grocery-shop-logo/,https://template.canva.com/EAFGLu6k8WE/1/0/800w-5TY1kHI1GRY.jpg,false,0099_EAFGLu6k8WE.jpg,brand/images/0099_EAFGLu6k8WE.jpg,2026-08-06T09:48:29.781Z
Brand,Architecture & Real Estate,Liceria & Co.,ocr,success,LICERIA & CO. | Real Estate,EAE-W9m-0Vw,Navy And White Elegant Modern Real Estate,https://www.canva.com/templates/EAE-W9m-0Vw-navy-and-white-elegant-modern-real-estate/,https://template.canva.com/EAE-W9m-0Vw/1/0/800w-12oys-j2GUM.jpg,false,0066_EAE-W9m-0Vw.jpg,brand/images/0066_EAE-W9m-0Vw.jpg,2026-08-06T09:48:01.542Z
Brand,General Business,grand,ocr,success,AESTHETIC | grand,EAFPw_WN5MU,Navy White Modern Aesthetic Logo,https://www.canva.com/templates/EAFPw_WN5MU-navy-white-modern-aesthetic-logo/,https://template.canva.com/EAFPw_WN5MU/1/0/800w-rG5aOi5_lGo.jpg,false,0068_EAFPw_WN5MU.jpg,brand/images/0068_EAFPw_WN5MU.jpg,2026-08-06T09:48:01.810Z
Brand,Fashion & Apparel,Rimberio,ocr,success,Rimberio,EAFTxaVoUh4,Navy Yellow Simple Fashion Logo,https://www.canva.com/templates/EAFTxaVoUh4-navy-yellow-simple-fashion-logo/,https://template.canva.com/EAFTxaVoUh4/1/0/800w-Rl4y35suEV0.jpg,false,0089_EAFTxaVoUh4.jpg,brand/images/0089_EAFTxaVoUh4.jpg,2026-08-06T09:48:20.169Z
Brand,Fashion & Apparel,Juliana Silva,ocr,success,28 | Juliana Silva | Fashion Brand,EAFLsgpbO4I,Orange and Black Minimalist Fashion Brand Logo,https://www.canva.com/templates/EAFLsgpbO4I-orange-and-black-minimalist-fashion-brand-logo/,https://template.canva.com/EAFLsgpbO4I/1/0/800w-6ID7HEgx5FI.jpg,false,0062_EAFLsgpbO4I.jpg,brand/images/0062_EAFLsgpbO4I.jpg,2026-08-06T09:47:50.941Z
Brand,General Business,Wardiere Inc.,ocr,success,WARDIERE INC.,EAFMExO2rLo,Orange And Blue Modern Company Logo,https://www.canva.com/templates/EAFMExO2rLo-orange-and-blue-modern-company-logo/,https://template.canva.com/EAFMExO2rLo/1/0/800w-LTCnkDlEoF0.jpg,false,0052_EAFMExO2rLo.jpg,brand/images/0052_EAFMExO2rLo.jpg,2026-08-06T09:47:40.492Z
Brand,General Business,Salford & Co.,ocr,success,SALFORD & CO. | Retail Store,EAFH4m9lX7k,Orange and Green Modern Company Logo,https://www.canva.com/templates/EAFH4m9lX7k-orange-and-green-modern-company-logo/,https://template.canva.com/EAFH4m9lX7k/1/0/800w-JvR4gx9w2To.jpg,false,0024_EAFH4m9lX7k.jpg,brand/images/0024_EAFH4m9lX7k.jpg,2026-08-06T09:47:14.033Z
Brand,General Business,Magnolia,ocr,success,EST 2022 | Magnolia,EAFAJfPnMno,Orange and Purple Modern Retro Brand Logo,https://www.canva.com/templates/EAFAJfPnMno-orange-and-purple-modern-retro-brand-logo/,https://template.canva.com/EAFAJfPnMno/1/0/800w-QRflEZawDVU.jpg,false,0025_EAFAJfPnMno.jpg,brand/images/0025_EAFAJfPnMno.jpg,2026-08-06T09:47:14.174Z
Brand,General Business,The Mountain,ocr,success,THE MOUNTAIN | ADUENTURE,EAFF1sIW-YI,Orange Brown The Mountain Adventure Logo,https://www.canva.com/templates/EAFF1sIW-YI-orange-brown-the-mountain-adventure-logo/,https://template.canva.com/EAFF1sIW-YI/1/0/800w-ZDjNGsQBgro.jpg,false,0010_EAFF1sIW-YI.jpg,brand/images/0010_EAFF1sIW-YI.jpg,2026-08-06T09:47:03.741Z
Brand,Advertising & Marketing,Smart Spark,ocr,success,SMART SPARK | CREATIVE AGENCY,EAFQDow0vn0,Orange Professional Smart Spark Creative Agency Logo,https://www.canva.com/templates/EAFQDow0vn0-orange-professional-smart-spark-creative-agency-logo/,https://template.canva.com/EAFQDow0vn0/1/0/800w-C4mHdrdf1IA.jpg,false,0069_EAFQDow0vn0.jpg,brand/images/0069_EAFQDow0vn0.jpg,2026-08-06T09:48:01.946Z
Brand,Fashion & Apparel,Unknown EAFHA9jLc2A,ocr_failed,success,,EAFHA9jLc2A,Pink Elegant Fashion Brand Logo,https://www.canva.com/templates/EAFHA9jLc2A-pink-elegant-fashion-brand-logo/,https://template.canva.com/EAFHA9jLc2A/1/0/800w-jANfhcZ0wmA.jpg,false,0044_EAFHA9jLc2A.jpg,brand/images/0044_EAFHA9jLc2A.jpg,2026-08-06T09:47:31.561Z
Brand,General Business,Oslune Leuet,ocr,success,OSLUNE LEUET,EAFH5ft8nks,Pink Neon Futuristic Game Logo,https://www.canva.com/templates/EAFH5ft8nks-pink-neon-futuristic-game-logo/,https://template.canva.com/EAFH5ft8nks/1/0/800w-GFuK4OTGB_Y.jpg,false,0042_EAFH5ft8nks.jpg,brand/images/0042_EAFH5ft8nks.jpg,2026-08-06T09:47:31.249Z
Brand,Fashion & Apparel,Iccessories,ocr,success,Iccessories,EAFPj0S2C0E,Pink Watercolor Elegant Accessories Logo,https://www.canva.com/templates/EAFPj0S2C0E-pink-watercolor-elegant-accessories-logo/,https://template.canva.com/EAFPj0S2C0E/3/0/800w-sA76z_Ff8kQ.jpg,false,0071_EAFPj0S2C0E.jpg,brand/images/0071_EAFPj0S2C0E.jpg,2026-08-06T09:48:02.214Z
Brand,General Business,Borcelle,ocr,success,BORCELLE | COMPANY | www.reallygreatsite.com,EAFJR1rhloU,Purple and Pink Modern Company Logo,https://www.canva.com/templates/EAFJR1rhloU-purple-and-pink-modern-company-logo/,https://template.canva.com/EAFJR1rhloU/1/0/800w-BPX_jX9ZeFo.jpg,false,0088_EAFJR1rhloU.jpg,brand/images/0088_EAFJR1rhloU.jpg,2026-08-06T09:48:20.022Z
Brand,Education & Literacy,Unknown EAHQcptMtSY,ocr_failed,success,,EAHQcptMtSY,Purple and Pink Modern Education Logo,https://www.canva.com/templates/EAHQcptMtSY-purple-and-pink-modern-education-logo/,https://template.canva.com/EAHQcptMtSY/3/0/800w-Q-CEw1yjVWE.jpg,false,0065_EAHQcptMtSY.jpg,brand/images/0065_EAHQcptMtSY.jpg,2026-08-06T09:48:01.400Z
Brand,Education & Literacy,Keithston,ocr,success,KEITHSTON | DRAWING ACADEMY,EAGWFYfZRQo,Purple and White Modern Academy Logo,https://www.canva.com/templates/EAGWFYfZRQo-purple-and-white-modern-academy-logo/,https://template.canva.com/EAGWFYfZRQo/1/0/800w-sSoSVQrFLaI.jpg,false,0074_EAGWFYfZRQo.jpg,brand/images/0074_EAGWFYfZRQo.jpg,2026-08-06T09:48:09.724Z
Brand,General Business,Olivia Wilson,ocr,success,Olivia Wilson | Private Japanese Language Lessons,EAGIuTdio8M,Red and White Initial Classic Private Lesson Logo,https://www.canva.com/templates/EAGIuTdio8M-red-and-white-initial-classic-private-lesson-logo/,https://template.canva.com/EAGIuTdio8M/1/0/800w-5tXzxTIiN-o.jpg,false,0060_EAGIuTdio8M.jpg,brand/images/0060_EAGIuTdio8M.jpg,2026-08-06T09:47:50.663Z
Brand,Food & Beverage,Fauget,ocr,success,Fauget | Pizza,EAFDYLdJ9do,Red and Yellow Modern Food Pizza Logo,https://www.canva.com/templates/EAFDYLdJ9do-red-and-yellow-modern-food-pizza-logo/,https://template.canva.com/EAFDYLdJ9do/1/0/800w-FCi28PIgLYA.jpg,false,0086_EAFDYLdJ9do.jpg,brand/images/0086_EAFDYLdJ9do.jpg,2026-08-06T09:48:19.739Z
Brand,Food & Beverage,Keithston,ocr,success,Keithston | Coffee & Bakery,EAFGNqvKC1Y,Red Modern Coffee Shop Logo,https://www.canva.com/templates/EAFGNqvKC1Y-red-modern-coffee-shop-logo/,https://template.canva.com/EAFGNqvKC1Y/1/0/800w-oXT2ilnAyPQ.jpg,false,0054_EAFGNqvKC1Y.jpg,brand/images/0054_EAFGNqvKC1Y.jpg,2026-08-06T09:47:40.785Z
Brand,Education & Literacy,Wardiere Inc.,ocr,success,WARDIERE INC. | SMART ACADEMY,EAFphTzj0TM,Red Modern Illustrative School and Education Logo,https://www.canva.com/templates/EAFphTzj0TM-red-modern-illustrative-school-and-education-logo/,https://template.canva.com/EAFphTzj0TM/2/0/800w-MrOVJk0UmZo.jpg,false,0091_EAFphTzj0TM.jpg,brand/images/0091_EAFphTzj0TM.jpg,2026-08-06T09:48:28.620Z
Brand,Food & Beverage,Fradel and Spies,ocr,success,Fradel and Spies | Breakfast & Tea,EAFC2Mu7mSU,Soft Brown Simple Breakfast & Tea logo,https://www.canva.com/templates/EAFC2Mu7mSU-soft-brown-simple-breakfast-tea-logo/,https://template.canva.com/EAFC2Mu7mSU/1/0/800w-P4K2QsQ1oYQ.jpg,false,0100_EAFC2Mu7mSU.jpg,brand/images/0100_EAFC2Mu7mSU.jpg,2026-08-06T09:48:33.315Z
Brand,Technology & Electronics,Eg Honest,ocr,success,Eg Honest,EAE9M725TpM,Tech business purple logo,https://www.canva.com/templates/EAE9M725TpM-tech-business-purple-logo/,https://template.canva.com/EAE9M725TpM/2/0/800w--yk9qwE7SKE.jpg,false,0094_EAE9M725TpM.jpg,brand/images/0094_EAE9M725TpM.jpg,2026-08-06T09:48:29.078Z
Brand,General Business,Trust,ocr,success,Trust | The Idea | Work until its done.,EAFA1lgdKq8,Trust The Idea Logo,https://www.canva.com/templates/EAFA1lgdKq8-trust-the-idea-logo/,https://template.canva.com/EAFA1lgdKq8/1/0/800w-fHb6ETrU7VI.jpg,false,0013_EAFA1lgdKq8.jpg,brand/images/0013_EAFA1lgdKq8.jpg,2026-08-06T09:47:04.534Z
Brand,General Business,Fauget,ocr,success,Fauget,EAGu-vYCs0o,White Blue Minimalist Simple Edukids Logo,https://www.canva.com/templates/EAGu-vYCs0o-white-blue-minimalist-simple-edukids-logo/,https://template.canva.com/EAGu-vYCs0o/1/0/800w-Q9FpRnfStRQ.jpg,false,0006_EAGu-vYCs0o.jpg,brand/images/0006_EAGu-vYCs0o.jpg,2026-08-06T09:46:53.776Z
Brand,General Business,Aesthetic,ocr,success,Aesthetic | GROUP,EAFPw6WNjW0,White Green Modern Minimalist Logo,https://www.canva.com/templates/EAFPw6WNjW0-white-green-modern-minimalist-logo/,https://template.canva.com/EAFPw6WNjW0/1/0/800w-5hsW5Cwn7uY.jpg,false,0017_EAFPw6WNjW0.jpg,brand/images/0017_EAFPw6WNjW0.jpg,2026-08-06T09:47:05.271Z
Brand,Graphic Design & Creative Services,Fauget Chef,ocr,success,Fauget Chef | Your best restaurant,EAFGP4ODLIY,White Red Illustration Food Logo,https://www.canva.com/templates/EAFGP4ODLIY-white-red-illustration-food-logo/,https://template.canva.com/EAFGP4ODLIY/1/0/800w-HwJA6ZGZuxs.jpg,false,0018_EAFGP4ODLIY.jpg,brand/images/0018_EAFGP4ODLIY.jpg,2026-08-06T09:47:05.416Z
Brand,General Business,"Larana, inc.",ocr,success,"Larana, inc. | company",EAFM6nxcngo,Yellow & Green Modern Company Logo,https://www.canva.com/templates/EAFM6nxcngo-yellow-green-modern-company-logo/,https://template.canva.com/EAFM6nxcngo/1/0/800w-vlBOlkutV1c.jpg,false,0019_EAFM6nxcngo.jpg,brand/images/0019_EAFM6nxcngo.jpg,2026-08-06T09:47:13.321Z
Brand,Beauty & Cosmetics,Tr,ocr,success,Tr | Cia Kodriguez | Beauty S.,EAFLdtXx4wk,Yellow and Black Minimalist Salon Logo,https://www.canva.com/templates/EAFLdtXx4wk-yellow-and-black-minimalist-salon-logo/,https://template.canva.com/EAFLdtXx4wk/1/0/800w-xDQyMlY7w_g.jpg,false,0056_EAFLdtXx4wk.jpg,brand/images/0056_EAFLdtXx4wk.jpg,2026-08-06T09:47:50.097Z
Brand,Education & Literacy,Borcelle K,ocr,success,BORCELLE K | KIDS ACADEMY,EAGvTeP-YY4,Yellow Blue Modern Simple Playful Kids Academy Logo,https://www.canva.com/templates/EAGvTeP-YY4-yellow-blue-modern-simple-playful-kids-academy-logo/,https://template.canva.com/EAGvTeP-YY4/2/0/800w-Y_mb-YS2K5o.jpg,false,0029_EAGvTeP-YY4.jpg,brand/images/0029_EAGvTeP-YY4.jpg,2026-08-06T09:47:22.506Z
Brand,Education & Literacy,Learn,ocr,success,LEARN,EAFJCscRGzM,Yellow Minimalist Language Learning Course Logo,https://www.canva.com/templates/EAFJCscRGzM-yellow-minimalist-language-learning-course-logo/,https://template.canva.com/EAFJCscRGzM/1/0/800w-sVP8-danGmA.jpg,false,0035_EAFJCscRGzM.jpg,brand/images/0035_EAFJCscRGzM.jpg,2026-08-06T09:47:23.398Z
Chemistry,Technology & Electronics,Biolab,ocr,success,BIOLAB | TECHNOLOGY,EAE9akOfUJk,biolab technology logo,https://www.canva.com/templates/EAE9akOfUJk-biolab-technology-logo/,https://template.canva.com/EAE9akOfUJk/1/0/800w-BFOlZJbeQf8.jpg,true,0035_EAE9akOfUJk.jpg,chemistry/images/0035_EAE9akOfUJk.jpg,2026-08-06T10:00:40.518Z
Chemistry,Sports & Fitness,The Title Scret,ocr,success,SALFORO & SCHOOL | CHEMISTRY | CLUB | THE TITLE SCRET,EAGSlhcG-DE,Blue Beige Modern Chemistry Club Badge Logo,https://www.canva.com/templates/EAGSlhcG-DE-blue-beige-modern-chemistry-club-badge-logo/,https://template.canva.com/EAGSlhcG-DE/3/0/800w-ZbAoOMyPEqQ.jpg,false,0021_EAGSlhcG-DE.jpg,chemistry/images/0021_EAGSlhcG-DE.jpg,2026-08-06T10:00:31.298Z
Chemistry,Science & Environment,Liquid,ocr,success,Liquid | CREATIVE,EAFNlFUcxcE,Blue Black Minimalist Liquid in Bulb Logo,https://www.canva.com/templates/EAFNlFUcxcE-blue-black-minimalist-liquid-in-bulb-logo/,https://template.canva.com/EAFNlFUcxcE/1/0/800w-SFQVbryt-2Q.jpg,true,0018_EAFNlFUcxcE.jpg,chemistry/images/0018_EAFNlFUcxcE.jpg,2026-08-06T10:00:23.046Z
Chemistry,Science & Environment,Science,ocr,success,Science | LABORATORY,EAFRMsC6ro8,Blue Brown Minimalist Science Laboratory Brain Logo,https://www.canva.com/templates/EAFRMsC6ro8-blue-brown-minimalist-science-laboratory-brain-logo/,https://template.canva.com/EAFRMsC6ro8/1/0/800w-BBGOTvPbuyA.jpg,true,0004_EAFRMsC6ro8.jpg,chemistry/images/0004_EAFRMsC6ro8.jpg,2026-08-06T10:00:14.768Z
Chemistry,Science & Environment,biology cell,ocr,success,biology cell | GENET | MOLECULE,EAFQHVBoqxI,blue minimalist biology cell logo design,https://www.canva.com/templates/EAFQHVBoqxI-blue-minimalist-biology-cell-logo-design/,https://template.canva.com/EAFQHVBoqxI/1/0/800w-ImNnqSTnCRI.jpg,true,0026_EAFQHVBoqxI.jpg,chemistry/images/0026_EAFQHVBoqxI.jpg,2026-08-06T10:00:32.139Z
Chemistry,Science & Environment,Planet,ocr,success,PLANET | laboratory,EAE9KvT41sQ,Blue Minimalist Planet Laboratory Logo,https://www.canva.com/templates/EAE9KvT41sQ-blue-minimalist-planet-laboratory-logo/,https://template.canva.com/EAE9KvT41sQ/1/0/800w-oDEhETOqvAk.jpg,false,0001_EAE9KvT41sQ.jpg,chemistry/images/0001_EAE9KvT41sQ.jpg,2026-08-06T10:00:14.344Z
Chemistry,Science & Environment,Science,ocr,success,Science | LABORATORY,EAFRMvpcWkY,Blue Minimalist Science Laboratory Brain Logo,https://www.canva.com/templates/EAFRMvpcWkY-blue-minimalist-science-laboratory-brain-logo/,https://template.canva.com/EAFRMvpcWkY/1/0/800w-810qO9YA1FY.jpg,true,0005_EAFRMvpcWkY.jpg,chemistry/images/0005_EAFRMvpcWkY.jpg,2026-08-06T10:00:14.915Z
Chemistry,Science & Environment,Science,ocr,success,Science | Laboratory,EAFRMrp6nrg,Blue Minimalist Science Laboratory Brain Logo,https://www.canva.com/templates/EAFRMrp6nrg-blue-minimalist-science-laboratory-brain-logo/,https://template.canva.com/EAFRMrp6nrg/1/0/800w-wuPmQmAm3fE.jpg,true,0017_EAFRMrp6nrg.jpg,chemistry/images/0017_EAFRMrp6nrg.jpg,2026-08-06T10:00:22.870Z
Chemistry,Science & Environment,Science,ocr,success,SCIENCE | LABORATORY,EAFRMlky_KQ,Blue Minimalist Science Laboratory Brain Logo,https://www.canva.com/templates/EAFRMlky_KQ-blue-minimalist-science-laboratory-brain-logo/,https://template.canva.com/EAFRMlky_KQ/1/0/800w-u-ZcJ8q7_SU.jpg,true,0034_EAFRMlky_KQ.jpg,chemistry/images/0034_EAFRMlky_KQ.jpg,2026-08-06T10:00:40.382Z
Chemistry,Technology & Electronics,Borcelle,ocr,success,BORCELLE | TECHNOLOGY,EAFU6e7CBKI,Blue Neon Simple Technology Logo,https://www.canva.com/templates/EAFU6e7CBKI-blue-neon-simple-technology-logo/,https://template.canva.com/EAFU6e7CBKI/1/0/800w-0eNuD2FRWbo.jpg,false,0022_EAFU6e7CBKI.jpg,chemistry/images/0022_EAFU6e7CBKI.jpg,2026-08-06T10:00:31.487Z
Chemistry,Science & Environment,Labs Idea,ocr,success,LABS IDEA,EAFRck-MdGU,Blue Orange Yellow Minimalist Labs Idea Logo,https://www.canva.com/templates/EAFRck-MdGU-blue-orange-yellow-minimalist-labs-idea-logo/,https://template.canva.com/EAFRck-MdGU/1/0/800w-AHq938y83jc.jpg,true,0025_EAFRck-MdGU.jpg,chemistry/images/0025_EAFRck-MdGU.jpg,2026-08-06T10:00:32.003Z
Chemistry,Sports & Fitness,Chemistry,ocr,success,CHEMISTRY | Science Club,EAFTsaV4qhU,Blue Pink Bold Modern Science Club Chemistry Logo,https://www.canva.com/templates/EAFTsaV4qhU-blue-pink-bold-modern-science-club-chemistry-logo/,https://template.canva.com/EAFTsaV4qhU/1/0/800w-iyXJTNSFFfU.jpg,true,0002_EAFTsaV4qhU.jpg,chemistry/images/0002_EAFTsaV4qhU.jpg,2026-08-06T10:00:14.503Z
Chemistry,Science & Environment,Rimberio Co.,ocr,success,RIMBERIO CO. | LABORATORY,EAFfsXSTupU,Blue Simple Illustrative Chemistry Logo,https://www.canva.com/templates/EAFfsXSTupU-blue-simple-illustrative-chemistry-logo/,https://template.canva.com/EAFfsXSTupU/1/0/800w-_bjIZY9N_cs.jpg,true,0037_EAFfsXSTupU.jpg,chemistry/images/0037_EAFfsXSTupU.jpg,2026-08-06T10:00:46.037Z
Chemistry,Sports & Fitness,Unknown EAGONPAdTHc,ocr_failed,success,,EAGONPAdTHc,Blue White Modern Minimalist Chemistry Club Class Logo,https://www.canva.com/templates/EAGONPAdTHc-blue-white-modern-minimalist-chemistry-club-class-logo/,https://template.canva.com/EAGONPAdTHc/2/0/800w-juyGy7iAPRE.jpg,false,0010_EAGONPAdTHc.jpg,chemistry/images/0010_EAGONPAdTHc.jpg,2026-08-06T10:00:21.939Z
Chemistry,Education & Literacy,Ingoude & Co.,ocr,success,INGOUDE & CO. | LABORATORY,EAGAFDZqs34,Cyan and Green Modern Chemistry Laboratory Education Logo,https://www.canva.com/templates/EAGAFDZqs34-cyan-and-green-modern-chemistry-laboratory-education-logo/,https://template.canva.com/EAGAFDZqs34/1/0/800w-XxSVuQC3dgs.jpg,true,0020_EAGAFDZqs34.jpg,chemistry/images/0020_EAGAFDZqs34.jpg,2026-08-06T10:00:31.141Z
Chemistry,Science & Environment,Manhattan,ocr,success,MANHATTAN | LABORATORY,EAEVPhwbcWQ,Cyan Minimal Laboratory Logo,https://www.canva.com/templates/EAEVPhwbcWQ-cyan-minimal-laboratory-logo/,https://template.canva.com/EAEVPhwbcWQ/1/0/800w-AO4OY6RNI7Q.jpg,true,0009_EAEVPhwbcWQ.jpg,chemistry/images/0009_EAEVPhwbcWQ.jpg,2026-08-06T10:00:15.471Z
Chemistry,Science & Environment,Gear Labs,ocr,success,Gear Labs | Creative,EAE1D2pkR44,gear labs logo template,https://www.canva.com/templates/EAE1D2pkR44-gear-labs-logo-template/,https://template.canva.com/EAE1D2pkR44/1/0/800w-VJN57U3dyoY.jpg,false,0012_EAE1D2pkR44.jpg,chemistry/images/0012_EAE1D2pkR44.jpg,2026-08-06T10:00:22.202Z
Chemistry,Science & Environment,Unknown EAG1G1q3gIE,ocr_failed,success,,EAG1G1q3gIE,Gold Simple Chemistry Class Logo,https://www.canva.com/templates/EAG1G1q3gIE-gold-simple-chemistry-class-logo/,https://template.canva.com/EAG1G1q3gIE/2/0/800w-LIwhKKYE4W4.jpg,true,0014_EAG1G1q3gIE.jpg,chemistry/images/0014_EAG1G1q3gIE.jpg,2026-08-06T10:00:22.471Z
Chemistry,Science & Environment,Leaf Lab,ocr,success,LEAF LAB | EXPERIMENT,EAFNUpdR-6A,Green minimalist leaf lab logo,https://www.canva.com/templates/EAFNUpdR-6A-green-minimalist-leaf-lab-logo/,https://template.canva.com/EAFNUpdR-6A/1/0/800w-A5svinb_Llc.jpg,true,0006_EAFNUpdR-6A.jpg,chemistry/images/0006_EAFNUpdR-6A.jpg,2026-08-06T10:00:15.053Z
Chemistry,Graphic Design & Creative Services,Microscope,ocr,success,MICROSCOPE | ILLUSTRATION,EAFLuU3ur78,Green Minimalist Microscope Logo,https://www.canva.com/templates/EAFLuU3ur78-green-minimalist-microscope-logo/,https://template.canva.com/EAFLuU3ur78/1/0/800w-ASRhAnreWlU.jpg,true,0036_EAFLuU3ur78.jpg,chemistry/images/0036_EAFLuU3ur78.jpg,2026-08-06T10:00:40.656Z
Chemistry,Science & Environment,Leaf Microscope,ocr,success,LEAF MICROSCOPE | NATURE SCIENCE,EAFNqv1U1mM,Green Simple Leaf Microscope Logo Design,https://www.canva.com/templates/EAFNqv1U1mM-green-simple-leaf-microscope-logo-design/,https://template.canva.com/EAFNqv1U1mM/1/0/800w-s9f0vUeD6RQ.jpg,true,0013_EAFNqv1U1mM.jpg,chemistry/images/0013_EAFNqv1U1mM.jpg,2026-08-06T10:00:22.338Z
Chemistry,Science & Environment,Herbal,ocr,success,HERBAL | Medicine,EAE2qO7zR5Y,herbal capsule pill leaf medicine drug logo,https://www.canva.com/templates/EAE2qO7zR5Y-herbal-capsule-pill-leaf-medicine-drug-logo/,https://template.canva.com/EAE2qO7zR5Y/1/0/800w-HZrN8AT3ui4.jpg,false,0032_EAE2qO7zR5Y.jpg,chemistry/images/0032_EAE2qO7zR5Y.jpg,2026-08-06T10:00:40.111Z
Chemistry,Science & Environment,Takehiro,ocr,success,TAKEHIRO | LABORATORY,EAFL89zWk0s,Laboratory Test Tube Logo,https://www.canva.com/templates/EAFL89zWk0s-laboratory-test-tube-logo/,https://template.canva.com/EAFL89zWk0s/1/0/800w-z-7zJRU470Q.jpg,true,0019_EAFL89zWk0s.jpg,chemistry/images/0019_EAFL89zWk0s.jpg,2026-08-06T10:00:30.969Z
Chemistry,Technology & Electronics,Molecule,ocr,success,Molecule | NANO TECHNOLOGY,EAE14zqIY9k,"Letter M with Dot and Curve ,Circles shape connected, Molecule and Nano Technology logotype",https://www.canva.com/templates/EAE14zqIY9k-letter-m-with-dot-and-curve-circles-shape-connected-molecule-and-nano-technology-logotype/,https://template.canva.com/EAE14zqIY9k/1/0/800w-J5B37d-okBo.jpg,false,0011_EAE14zqIY9k.jpg,chemistry/images/0011_EAE14zqIY9k.jpg,2026-08-06T10:00:22.073Z
Chemistry,Science & Environment,Benjamin,ocr,success,BENJAMIN | LABORATORY,EAFL87eKRR4,Medical Lab Beaker Logo,https://www.canva.com/templates/EAFL87eKRR4-medical-lab-beaker-logo/,https://template.canva.com/EAFL87eKRR4/1/0/800w-VU4JvvmkE0E.jpg,true,0029_EAFL87eKRR4.jpg,chemistry/images/0029_EAFL87eKRR4.jpg,2026-08-06T10:00:39.610Z
Chemistry,Science & Environment,Chemical,ocr,success,Chemical | DANGER AREA,EAEn1mpl2eA,Minimalist Laboratory Chemical Area Logo,https://www.canva.com/templates/EAEn1mpl2eA-minimalist-laboratory-chemical-area-logo/,https://template.canva.com/EAEn1mpl2eA/1/0/800w-FHdE90AqrrA.jpg,true,0003_EAEn1mpl2eA.jpg,chemistry/images/0003_EAEn1mpl2eA.jpg,2026-08-06T10:00:14.636Z
Chemistry,Science & Environment,Atomic,ocr,success,ATOMIC | FLOWER,EAEnWWgEEiE,Modern Line Atomic Flower Logo,https://www.canva.com/templates/EAEnWWgEEiE-modern-line-atomic-flower-logo/,https://template.canva.com/EAEnWWgEEiE/1/0/800w-tSgOAQ7jNk8.jpg,true,0030_EAEnWWgEEiE.jpg,chemistry/images/0030_EAEnWWgEEiE.jpg,2026-08-06T10:00:39.770Z
Chemistry,Science & Environment,Science,ocr,success,Science,EAFRMlmDZv8,Orange Blue Minimalist Science Laboratory Brain Logo,https://www.canva.com/templates/EAFRMlmDZv8-orange-blue-minimalist-science-laboratory-brain-logo/,https://template.canva.com/EAFRMlmDZv8/1/0/800w-BmzERATXMp0.jpg,true,0024_EAFRMlmDZv8.jpg,chemistry/images/0024_EAFRMlmDZv8.jpg,2026-08-06T10:00:31.834Z
Chemistry,Science & Environment,Science,ocr,success,Science | LABORATORY,EAFRMoLJ0dk,Orange Brown Minimalist Science Laboratory Brain Logo,https://www.canva.com/templates/EAFRMoLJ0dk-orange-brown-minimalist-science-laboratory-brain-logo/,https://template.canva.com/EAFRMoLJ0dk/1/0/800w-blLzbgt2tmc.jpg,true,0028_EAFRMoLJ0dk.jpg,chemistry/images/0028_EAFRMoLJ0dk.jpg,2026-08-06T10:00:39.453Z
Chemistry,Science & Environment,Leaves Lab,ocr,success,LEAVES LAB,EAFNqp9_mo0,Orange Minimalist Leaves Lab Logo,https://www.canva.com/templates/EAFNqp9_mo0-orange-minimalist-leaves-lab-logo/,https://template.canva.com/EAFNqp9_mo0/1/0/800w--0856LduA28.jpg,true,0038_EAFNqp9_mo0.jpg,chemistry/images/0038_EAFNqp9_mo0.jpg,2026-08-06T10:00:46.228Z
Chemistry,Science & Environment,Organic,ocr,success,Organic | SCIENCE,EAE48sTGoH8,Organic lab Logo Design Concept. Creative Lab with leaf Logo Template,https://www.canva.com/templates/EAE48sTGoH8-organic-lab-logo-design-concept-creative-lab-with-leaf-logo-template/,https://template.canva.com/EAE48sTGoH8/1/0/800w-oexWf73cG6Q.jpg,false,0033_EAE48sTGoH8.jpg,chemistry/images/0033_EAE48sTGoH8.jpg,2026-08-06T10:00:40.245Z
Chemistry,Science & Environment,Gear Lab,ocr,success,GEAR LAB | SCIENCE,EAFQ4U4v8MI,Pink Blue Minimalist Gear Lab Logo,https://www.canva.com/templates/EAFQ4U4v8MI-pink-blue-minimalist-gear-lab-logo/,https://template.canva.com/EAFQ4U4v8MI/1/0/800w-covAd2W_Crw.jpg,true,0007_EAFQ4U4v8MI.jpg,chemistry/images/0007_EAFQ4U4v8MI.jpg,2026-08-06T10:00:15.188Z
Chemistry,Science & Environment,Search Lab,ocr,success,SEARCH LAB,EAFRQhjJE1g,Pink blue minimalist search lab logo,https://www.canva.com/templates/EAFRQhjJE1g-pink-blue-minimalist-search-lab-logo/,https://template.canva.com/EAFRQhjJE1g/1/0/800w-RDTkrbRduSo.jpg,true,0015_EAFRQhjJE1g.jpg,chemistry/images/0015_EAFRQhjJE1g.jpg,2026-08-06T10:00:22.606Z
Chemistry,Science & Environment,Lab Bottle,ocr,success,Lab Bottle | EXPERIMENT,EAFP8jOjeRI,Purple blue minimalist lab bottle logo,https://www.canva.com/templates/EAFP8jOjeRI-purple-blue-minimalist-lab-bottle-logo/,https://template.canva.com/EAFP8jOjeRI/1/0/800w-dU9XA-JBSD8.jpg,true,0039_EAFP8jOjeRI.jpg,chemistry/images/0039_EAFP8jOjeRI.jpg,2026-08-06T10:00:46.361Z
Chemistry,Science & Environment,lab science,ocr,success,lab science | MENT,EAFQOpEvl68,Purple Creative Lab Science Logo,https://www.canva.com/templates/EAFQOpEvl68-purple-creative-lab-science-logo/,https://template.canva.com/EAFQOpEvl68/2/0/800w-4FYF0dS8yN0.jpg,true,0027_EAFQOpEvl68.jpg,chemistry/images/0027_EAFQOpEvl68.jpg,2026-08-06T10:00:32.284Z
Chemistry,Science & Environment,Lab Science,ocr,success,LAB SCIENCE | BOTTLE,EAFQyjn9IMk,Purple Minimalist Lab Science Logo,https://www.canva.com/templates/EAFQyjn9IMk-purple-minimalist-lab-science-logo/,https://template.canva.com/EAFQyjn9IMk/1/0/800w-I5M74R3Eygo.jpg,true,0040_EAFQyjn9IMk.jpg,chemistry/images/0040_EAFQyjn9IMk.jpg,2026-08-06T10:00:46.506Z
Chemistry,Science & Environment,SE Class,ocr,success,SE Class | WELCOME SCIENCE | Explorers | Meet | Sir Christian Reyes | Bring the following | Pencil | Experiment Notebook | Lab Gown and Cap | Periodic Table | Get ready to leam Science in a fun | and lively way,EAHJF7n4ZlI,Science Classroom Facebook Poster in Green Illustrative Style,https://www.canva.com/templates/EAHJF7n4ZlI-science-classroom-facebook-poster-in-green-illustrative-style/,https://template.canva.com/EAHJF7n4ZlI/2/0/800w-mOm9pOv-gpw.jpg,true,0023_EAHJF7n4ZlI.jpg,chemistry/images/0023_EAHJF7n4ZlI.jpg,2026-08-06T10:00:31.668Z
Chemistry,Science & Environment,Brigitte,ocr,success,BRIGITTE | LABORATORY,EAFL81Snmp8,science Laboratory Conical Flask logo,https://www.canva.com/templates/EAFL81Snmp8-science-laboratory-conical-flask-logo/,https://template.canva.com/EAFL81Snmp8/1/0/800w-aTeyCMXDZxs.jpg,true,0008_EAFL81Snmp8.jpg,chemistry/images/0008_EAFL81Snmp8.jpg,2026-08-06T10:00:15.331Z
Chemistry,Science & Environment,Simple Scientist,ocr,success,SIMPLE SCIENTIST | RESEARCH GROUP,EAET2VkwPLQ,Scientist Logo Template,https://www.canva.com/templates/EAET2VkwPLQ-scientist-logo-template/,https://template.canva.com/EAET2VkwPLQ/1/0/800w-eb0EAgaV4sc.jpg,true,0031_EAET2VkwPLQ.jpg,chemistry/images/0031_EAET2VkwPLQ.jpg,2026-08-06T10:00:39.952Z
Chemistry,Science & Environment,Gear Labs,ocr,success,GEAR LABS,EAFQIuPxihE,Turquoise orange bold gear labs logo,https://www.canva.com/templates/EAFQIuPxihE-turquoise-orange-bold-gear-labs-logo/,https://template.canva.com/EAFQIuPxihE/1/0/800w-it2EMQFZcCU.jpg,true,0016_EAFQIuPxihE.jpg,chemistry/images/0016_EAFQIuPxihE.jpg,2026-08-06T10:00:22.738Z
Chemistry,Science & Environment,Giggling Platypus,ocr,success,Giggling Platypus | Research & Laboratory,EAFc9qwBRAw,White and Orange Clean Minimalist Research and Laboratory Logo,https://www.canva.com/templates/EAFc9qwBRAw-white-and-orange-clean-minimalist-research-and-laboratory-logo/,https://template.canva.com/EAFc9qwBRAw/1/0/800w-A8XKJX3APiU.jpg,true,0041_EAFc9qwBRAw.jpg,chemistry/images/0041_EAFc9qwBRAw.jpg,2026-08-06T10:00:46.646Z
Digital Marketing,Advertising & Marketing,Seo,ocr,success,SEO | GRADUAL GROWTH | Best SEO Company,EAE7SwJ8JcM,Black and Red Modern SEO Company Logo,https://www.canva.com/templates/EAE7SwJ8JcM-black-and-red-modern-seo-company-logo/,https://template.canva.com/EAE7SwJ8JcM/2/0/800w-dx8k5UiGXu4.jpg,true,0005_EAE7SwJ8JcM.jpg,digital-marketing/images/0005_EAE7SwJ8JcM.jpg,2026-08-06T10:05:28.130Z
Digital Marketing,Advertising & Marketing,the agency,ocr,success,the agency | Digital Marketing Expert,EAE2VivrTsE,Blue & Green Modern Digital Agency Logo,https://www.canva.com/templates/EAE2VivrTsE-blue-green-modern-digital-agency-logo/,https://template.canva.com/EAE2VivrTsE/1/0/800w-Zh04vawdKic.jpg,true,0013_EAE2VivrTsE.jpg,digital-marketing/images/0013_EAE2VivrTsE.jpg,2026-08-06T10:05:35.863Z
Digital Marketing,Advertising & Marketing,Initial Search,ocr,success,INITIAL SEARCH | Best SEO Agency,EAE7S9SfRlQ,Blue and Green Modern SEO Agency Logo,https://www.canva.com/templates/EAE7S9SfRlQ-blue-and-green-modern-seo-agency-logo/,https://template.canva.com/EAE7S9SfRlQ/3/0/800w-sCXfZdTe8gE.jpg,true,0001_EAE7S9SfRlQ.jpg,digital-marketing/images/0001_EAE7S9SfRlQ.jpg,2026-08-06T10:05:27.570Z
Digital Marketing,Advertising & Marketing,Borcelle,ocr,success,BORCELLE | Marketing Agency,EAEvR5RCqP4,Blue Minimalist Marketing Agency Logo,https://www.canva.com/templates/EAEvR5RCqP4-blue-minimalist-marketing-agency-logo/,https://template.canva.com/EAEvR5RCqP4/1/0/800w-5XEFp4qdj5Y.jpg,true,0017_EAEvR5RCqP4.jpg,digital-marketing/images/0017_EAEvR5RCqP4.jpg,2026-08-06T10:05:36.425Z
Digital Marketing,Advertising & Marketing,Avery Davis,ocr,success,EST. 2022 | AVERY DAVIS,EAE0szsMMJI,Boho Logo,https://www.canva.com/templates/EAE0szsMMJI-boho-logo/,https://template.canva.com/EAE0szsMMJI/1/0/800w-vrDyxpHH5q4.jpg,true,0008_EAE0szsMMJI.jpg,digital-marketing/images/0008_EAE0szsMMJI.jpg,2026-08-06T10:05:28.527Z
Digital Marketing,Advertising & Marketing,Sec Helper,ocr,success,SEC HELPER | PROFESSIONAL SEO SERVICES,EAFZb07h050,Colorful Minimalist SEO Company Logo,https://www.canva.com/templates/EAFZb07h050-colorful-minimalist-seo-company-logo/,https://template.canva.com/EAFZb07h050/1/0/800w-ePShnvW3Fb8.jpg,true,0006_EAFZb07h050.jpg,digital-marketing/images/0006_EAFZb07h050.jpg,2026-08-06T10:05:28.264Z
Digital Marketing,Advertising & Marketing,Aldenaire,ocr,success,ALDENAIRE | CORPORATION,EAFLrGF1ySM,Digital Marketing Announcement Logo,https://www.canva.com/templates/EAFLrGF1ySM-digital-marketing-announcement-logo/,https://template.canva.com/EAFLrGF1ySM/2/0/800w-fHKbBz1HFIA.jpg,true,0011_EAFLrGF1ySM.jpg,digital-marketing/images/0011_EAFLrGF1ySM.jpg,2026-08-06T10:05:35.605Z
Digital Marketing,Advertising & Marketing,Aaron Loeb,ocr,success,AARON LOEB | PREMIUM,EAFMNr_T6eM,Digital Marketing Logo,https://www.canva.com/templates/EAFMNr_T6eM-digital-marketing-logo/,https://template.canva.com/EAFMNr_T6eM/1/0/800w-GXqzAq5VcHc.jpg,true,0004_EAFMNr_T6eM.jpg,digital-marketing/images/0004_EAFMNr_T6eM.jpg,2026-08-06T10:05:27.990Z
Digital Marketing,Advertising & Marketing,Alexander,ocr,success,ALEXANDER | CORPORATION,EAFLWZ-XaD8,Digital Marketing Logo,https://www.canva.com/templates/EAFLWZ-XaD8-digital-marketing-logo/,https://template.canva.com/EAFLWZ-XaD8/1/0/800w-jCVYId6780U.jpg,true,0018_EAFLWZ-XaD8.jpg,digital-marketing/images/0018_EAFLWZ-XaD8.jpg,2026-08-06T10:05:36.566Z
Digital Marketing,Advertising & Marketing,Arowwai,ocr,success,AROWWAI | CORPORATION,EAFLWWT9HsM,Digital Marketing Logo,https://www.canva.com/templates/EAFLWWT9HsM-digital-marketing-logo/,https://template.canva.com/EAFLWWT9HsM/1/0/800w-jM2iVjnveog.jpg,true,0019_EAFLWWT9HsM.jpg,digital-marketing/images/0019_EAFLWWT9HsM.jpg,2026-08-06T10:05:40.009Z
Digital Marketing,Advertising & Marketing,Radiance,ocr,success,RADIANCE | MARKETER,EAEYjXbtUPs,Elegant Brown Digital Marketer Logo,https://www.canva.com/templates/EAEYjXbtUPs-elegant-brown-digital-marketer-logo/,https://template.canva.com/EAEYjXbtUPs/1/0/800w-Cyj6O93O5_c.jpg,true,0007_EAEYjXbtUPs.jpg,digital-marketing/images/0007_EAEYjXbtUPs.jpg,2026-08-06T10:05:28.392Z
Digital Marketing,Banking & Finance,Accounting,ocr,success,ACCOUNTING | FINANCIAL MANAGEMENT,EAEwkW5s_a8,Green Financial Accounting Logo,https://www.canva.com/templates/EAEwkW5s_a8-green-financial-accounting-logo/,https://template.canva.com/EAEwkW5s_a8/1/0/800w-Np2ezz9LZq0.jpg,true,0015_EAEwkW5s_a8.jpg,digital-marketing/images/0015_EAEwkW5s_a8.jpg,2026-08-06T10:05:36.161Z
Digital Marketing,Advertising & Marketing,Alexander,ocr,success,ALEXANDER | CORPORATION,EAFPzJKm3Wc,Minimalist Digital Marketing Logo,https://www.canva.com/templates/EAFPzJKm3Wc-minimalist-digital-marketing-logo/,https://template.canva.com/EAFPzJKm3Wc/1/0/800w-G40EXfNSSe8.jpg,true,0003_EAFPzJKm3Wc.jpg,digital-marketing/images/0003_EAFPzJKm3Wc.jpg,2026-08-06T10:05:27.851Z
Digital Marketing,Advertising & Marketing,Digital Marketer,ocr,success,Digital Marketer | MARKETING EXPERT,EAErQNYBaDE,Orange & Blue Digital Marketer Logo,https://www.canva.com/templates/EAErQNYBaDE-orange-blue-digital-marketer-logo/,https://template.canva.com/EAErQNYBaDE/2/0/800w-EIqLlIAzjrQ.jpg,true,0012_EAErQNYBaDE.jpg,digital-marketing/images/0012_EAErQNYBaDE.jpg,2026-08-06T10:05:35.737Z
Digital Marketing,Advertising & Marketing,Atrylex,ocr,success,ATRYLEX | DIGITAL,EAEZthTdvJk,Purple Digital Logo,https://www.canva.com/templates/EAEZthTdvJk-purple-digital-logo/,https://template.canva.com/EAEZthTdvJk/1/0/800w-h2WHzlBRzgI.jpg,true,0014_EAEZthTdvJk.jpg,digital-marketing/images/0014_EAEZthTdvJk.jpg,2026-08-06T10:05:36.015Z
Digital Marketing,Advertising & Marketing,Carla Deaf,ocr,success,Carla Deaf | DIGITAL MARKETING,EAE6xgIoYPw,Purple Orange Modern Design and Digital Marketing Logo,https://www.canva.com/templates/EAE6xgIoYPw-purple-orange-modern-design-and-digital-marketing-logo/,https://template.canva.com/EAE6xgIoYPw/1/0/800w-Ryad62_ITA4.jpg,true,0009_EAE6xgIoYPw.jpg,digital-marketing/images/0009_EAE6xgIoYPw.jpg,2026-08-06T10:05:28.659Z
Digital Marketing,Advertising & Marketing,Ser Guru,ocr,success,SER GURU | LET US HELP YOUR SEO,EAFaMIwzue8,Red Black Minimalist SEO Business Logo,https://www.canva.com/templates/EAFaMIwzue8-red-black-minimalist-seo-business-logo/,https://template.canva.com/EAFaMIwzue8/1/0/800w-5azkdRCaR9U.jpg,true,0010_EAFaMIwzue8.jpg,digital-marketing/images/0010_EAFaMIwzue8.jpg,2026-08-06T10:05:35.474Z
Digital Marketing,Advertising & Marketing,Video Booster,ocr,success,VIDEO BOOSTER | EXPERIENCE THE POWER OF VIDEO MARKETING,EAFklrPkiJo,Red Blue Modern Video Marketing Agency Logo,https://www.canva.com/templates/EAFklrPkiJo-red-blue-modern-video-marketing-agency-logo/,https://template.canva.com/EAFklrPkiJo/1/0/800w-vd37Kb57dtY.jpg,true,0016_EAFklrPkiJo.jpg,digital-marketing/images/0016_EAFklrPkiJo.jpg,2026-08-06T10:05:36.295Z
Digital Marketing,Advertising & Marketing,Marketing,ocr,success,Digital | Marketing | MARKETING EXPERT,EAEsD0PFTwQ,The Digital Marketing Logo,https://www.canva.com/templates/EAEsD0PFTwQ-the-digital-marketing-logo/,https://template.canva.com/EAEsD0PFTwQ/1/0/800w-SxzX6xTb7YQ.jpg,true,0002_EAEsD0PFTwQ.jpg,digital-marketing/images/0002_EAEsD0PFTwQ.jpg,2026-08-06T10:05:27.709Z
Digital Media,Music & Entertainment,Light Filmstrip,ocr,success,LIGHT FILMSTRIP | Entertainment film Distributors.,EAErf1MkZKg,Black and White Filmstrip Logo,https://www.canva.com/templates/EAErf1MkZKg-black-and-white-filmstrip-logo/,https://template.canva.com/EAErf1MkZKg/1/0/800w-TviPEwLt2Js.jpg,true,0022_EAErf1MkZKg.jpg,digital-media/images/0022_EAErf1MkZKg.jpg,2026-08-06T10:04:19.004Z
Digital Media,Graphic Design & Creative Services,Cobranious,ocr,success,COBRANIOUS | Entertainment Film Distributors -,EAEq6vTz2rE,Black Film Company Illustration Vintage Logo,https://www.canva.com/templates/EAEq6vTz2rE-black-film-company-illustration-vintage-logo/,https://template.canva.com/EAEq6vTz2rE/1/0/800w-fooTWeTWL6k.jpg,true,0019_EAEq6vTz2rE.jpg,digital-media/images/0019_EAEq6vTz2rE.jpg,2026-08-06T10:04:18.323Z
Digital Media,Music & Entertainment,Filmworks,ocr,success,FILMWORKS | MOVIE PRODUCTION,EAE5rnPhgTk,Black Green Doodle Video Camera for Movie Cinema Production Logo,https://www.canva.com/templates/EAE5rnPhgTk-black-green-doodle-video-camera-for-movie-cinema-production-logo/,https://template.canva.com/EAE5rnPhgTk/1/0/800w-HiZ9rIkFW3s.jpg,true,0008_EAE5rnPhgTk.jpg,digital-media/images/0008_EAE5rnPhgTk.jpg,2026-08-06T10:03:58.609Z
Digital Media,Music & Entertainment,Filmmaker,ocr,success,FILMMAKER | MOVIE PRODUCTION,EAE5rhLzv9s,Black Retro Line art Video Camera for Movie Cinema Production Logo,https://www.canva.com/templates/EAE5rhLzv9s-black-retro-line-art-video-camera-for-movie-cinema-production-logo/,https://template.canva.com/EAE5rhLzv9s/1/0/800w-813WqMp_7VE.jpg,true,0010_EAE5rhLzv9s.jpg,digital-media/images/0010_EAE5rhLzv9s.jpg,2026-08-06T10:04:09.140Z
Digital Media,Music & Entertainment,Filmworks,ocr,success,ESTD | 2022 | FILMWORKS | MOVIE PRODUCTION,EAE5rVG9YLM,Black Vintage Old Video Camera for Movie Cinema Production Logo,https://www.canva.com/templates/EAE5rVG9YLM-black-vintage-old-video-camera-for-movie-cinema-production-logo/,https://template.canva.com/EAE5rVG9YLM/1/0/800w-SqtSzqpFgrQ.jpg,true,0009_EAE5rVG9YLM.jpg,digital-media/images/0009_EAE5rVG9YLM.jpg,2026-08-06T10:03:58.969Z
Digital Media,Music & Entertainment,Slidefilm.co,ocr,success,SLIDEFILM.CO | ENTERTAINMENT,EAE-A6bZmy8,Black White Elegant Film Strip Entertainment Logo,https://www.canva.com/templates/EAE-A6bZmy8-black-white-elegant-film-strip-entertainment-logo/,https://template.canva.com/EAE-A6bZmy8/1/0/800w-qoWzwQiF7EE.jpg,true,0007_EAE-A6bZmy8.jpg,digital-media/images/0007_EAE-A6bZmy8.jpg,2026-08-06T10:03:58.284Z
Digital Media,Music & Entertainment,Bu,ocr,success,BU | ISOLATED FILM | PRODUCTION | SINCE 1987,EAE8O_I-mbw,Black White Filmstrip Entertainment Videography Logo,https://www.canva.com/templates/EAE8O_I-mbw-black-white-filmstrip-entertainment-videography-logo/,https://template.canva.com/EAE8O_I-mbw/1/0/800w-nepy_oHKQY4.jpg,true,0005_EAE8O_I-mbw.jpg,digital-media/images/0005_EAE8O_I-mbw.jpg,2026-08-06T10:03:57.579Z
Digital Media,Music & Entertainment,Moviesindo,ocr,success,MOVIESINDO | PRODUCTION | CALIFORNIA,EAFLhLOFCJE,Black White Minimalist Film Reel Production Logo,https://www.canva.com/templates/EAFLhLOFCJE-black-white-minimalist-film-reel-production-logo/,https://template.canva.com/EAFLhLOFCJE/1/0/800w-TedADHkSqE0.jpg,true,0012_EAFLhLOFCJE.jpg,digital-media/images/0012_EAFLhLOFCJE.jpg,2026-08-06T10:04:09.574Z
Digital Media,Photography & Media,Projection,ocr,success,PROJECTION | VIDEOGRAPHER,EAE-BO0WHkY,Black White Modern Camera Videographer Logo,https://www.canva.com/templates/EAE-BO0WHkY-black-white-modern-camera-videographer-logo/,https://template.canva.com/EAE-BO0WHkY/1/0/800w-mbnbrIuHnsw.jpg,true,0018_EAE-BO0WHkY.jpg,digital-media/images/0018_EAE-BO0WHkY.jpg,2026-08-06T10:04:10.893Z
Digital Media,Photography & Media,Moviescript,ocr,success,MOVIESCRIPT | PRODUCTION,EAE-ZqZNqHM,Black White Modern Movie Script Production Logo,https://www.canva.com/templates/EAE-ZqZNqHM-black-white-modern-movie-script-production-logo/,https://template.canva.com/EAE-ZqZNqHM/1/0/800w-Wx8hIPeo0nY.jpg,true,0001_EAE-ZqZNqHM.jpg,digital-media/images/0001_EAE-ZqZNqHM.jpg,2026-08-06T10:03:54.458Z
Digital Media,Photography & Media,Movie House,ocr,success,MOVIE HOUSE | PRODUCTION,EAFj-xQ1lHA,blue black minimalist movie house production logo template,https://www.canva.com/templates/EAFj-xQ1lHA-blue-black-minimalist-movie-house-production-logo-template/,https://template.canva.com/EAFj-xQ1lHA/1/0/800w-dWl_jXEjvv0.jpg,true,0020_EAFj-xQ1lHA.jpg,digital-media/images/0020_EAFj-xQ1lHA.jpg,2026-08-06T10:04:18.531Z
Digital Media,Music & Entertainment,Grillofilms,ocr,success,Heating | GRILLOFILMS | VIDEOGRAPHY,EAE8O9Tw31A,Brown and Black Vintage Film Strip Logo,https://www.canva.com/templates/EAE8O9Tw31A-brown-and-black-vintage-film-strip-logo/,https://template.canva.com/EAE8O9Tw31A/1/0/800w-u-gDKrmGKOw.jpg,true,0017_EAE8O9Tw31A.jpg,digital-media/images/0017_EAE8O9Tw31A.jpg,2026-08-06T10:04:10.658Z
Digital Media,Music & Entertainment,LaranaFilm,ocr,success,LaranaFilm | ENTERTAINMENT,EAEq5pDF3H0,Brown Film Production Logo,https://www.canva.com/templates/EAEq5pDF3H0-brown-film-production-logo/,https://template.canva.com/EAEq5pDF3H0/1/0/800w-rcOlWCrnGH8.jpg,true,0002_EAEq5pDF3H0.jpg,digital-media/images/0002_EAEq5pDF3H0.jpg,2026-08-06T10:03:56.291Z
Digital Media,Music & Entertainment,Cinema,ocr,success,CINEMA | MOVIE PRODUCTION,EAE5rLyprQI,Dark Blue Vintage Hand Drawn Movie Camera Logo,https://www.canva.com/templates/EAE5rLyprQI-dark-blue-vintage-hand-drawn-movie-camera-logo/,https://template.canva.com/EAE5rLyprQI/1/0/800w-UIh0jyoSK5U.jpg,true,0013_EAE5rLyprQI.jpg,digital-media/images/0013_EAE5rLyprQI.jpg,2026-08-06T10:04:09.803Z
Digital Media,Music & Entertainment,Filmworks,ocr,success,20 | 22 | FILMWORKS | CINEMA,EAE5rTfzthE,Gold Line art Clapperboard for Movie Cinema Production Logo,https://www.canva.com/templates/EAE5rTfzthE-gold-line-art-clapperboard-for-movie-cinema-production-logo/,https://template.canva.com/EAE5rTfzthE/1/0/800w-8wPvaRHKV1g.jpg,true,0015_EAE5rTfzthE.jpg,digital-media/images/0015_EAE5rTfzthE.jpg,2026-08-06T10:04:10.248Z
Digital Media,Music & Entertainment,Filmmaker,ocr,success,ES | FILMMAKER | FILMWORK,EAE5rGnidls,Gold Line art Video Camera for Movie Cinema Production Logo,https://www.canva.com/templates/EAE5rGnidls-gold-line-art-video-camera-for-movie-cinema-production-logo/,https://template.canva.com/EAE5rGnidls/1/0/800w-aHV-oyWf2EU.jpg,true,0016_EAE5rGnidls.jpg,digital-media/images/0016_EAE5rGnidls.jpg,2026-08-06T10:04:10.443Z
Digital Media,Photography & Media,Broadcasting,ocr,success,BROADCASTING | PODCAST,EAFPqqas0yQ,green blue minimalist broadcasting logo,https://www.canva.com/templates/EAFPqqas0yQ-green-blue-minimalist-broadcasting-logo/,https://template.canva.com/EAFPqqas0yQ/1/0/800w-Q7A1mkp8edg.jpg,true,0021_EAFPqqas0yQ.jpg,digital-media/images/0021_EAFPqqas0yQ.jpg,2026-08-06T10:04:18.762Z
Digital Media,Music & Entertainment,Filmstrips,ocr,success,ESTO | 2020 | FILMSTRIPS | CINEMA,EAE-ZmgdWNI,Minimalist Gold Black Movie Cinema Strips Logo,https://www.canva.com/templates/EAE-ZmgdWNI-minimalist-gold-black-movie-cinema-strips-logo/,https://template.canva.com/EAE-ZmgdWNI/1/0/800w-I-2C8A9OKnE.jpg,true,0003_EAE-ZmgdWNI.jpg,digital-media/images/0003_EAE-ZmgdWNI.jpg,2026-08-06T10:03:56.711Z
Digital Media,Music & Entertainment,Cinemount,ocr,success,CINEMOUNT | FILM,EAE1RksOb_g,mountain cinema film movie simple logo template,https://www.canva.com/templates/EAE1RksOb_g-mountain-cinema-film-movie-simple-logo-template/,https://template.canva.com/EAE1RksOb_g/2/0/800w-0mBei2JfIHk.jpg,false,0006_EAE1RksOb_g.jpg,digital-media/images/0006_EAE1RksOb_g.jpg,2026-08-06T10:03:57.931Z
Digital Media,Music & Entertainment,Orangeos Tv,ocr,success,ORANGEOS TV | ENTERTAINMENT,EAE-BHkPsxU,Orange White Cute Television Entertainment Logo,https://www.canva.com/templates/EAE-BHkPsxU-orange-white-cute-television-entertainment-logo/,https://template.canva.com/EAE-BHkPsxU/1/0/800w-VZkFyl2Il50.jpg,true,0014_EAE-BHkPsxU.jpg,digital-media/images/0014_EAE-BHkPsxU.jpg,2026-08-06T10:04:10.041Z
Digital Media,Music & Entertainment,Light Filmstrip,ocr,success,Light Filmstrip | ENTERTAINMENt,EAEsx1uoFKE,Red Blue Film Movie Camera Logo,https://www.canva.com/templates/EAEsx1uoFKE-red-blue-film-movie-camera-logo/,https://template.canva.com/EAEsx1uoFKE/1/0/800w-mGniR3tnv3M.jpg,true,0023_EAEsx1uoFKE.jpg,digital-media/images/0023_EAEsx1uoFKE.jpg,2026-08-06T10:04:19.219Z
Digital Media,Photography & Media,DroneBrand,ocr,success,DroneBrand | YOUR SLOGAN,EAEixhrk5sg,Turquoise & Black Geometric Drone Brand Logo,https://www.canva.com/templates/EAEixhrk5sg-turquoise-black-geometric-drone-brand-logo/,https://template.canva.com/EAEixhrk5sg/1/0/800w-uZur5MVd7N8.jpg,true,0004_EAEixhrk5sg.jpg,digital-media/images/0004_EAEixhrk5sg.jpg,2026-08-06T10:03:57.189Z
Digital Media,Photography & Media,Studio Shodwe,ocr,success,STUDIO SHODWE | BRANDING STUDIO,EAE2oVprQuc,Vintage Branding Studio Logo,https://www.canva.com/templates/EAE2oVprQuc-vintage-branding-studio-logo/,https://template.canva.com/EAE2oVprQuc/1/0/800w-FEW7GFoCC5c.jpg,true,0011_EAE2oVprQuc.jpg,digital-media/images/0011_EAE2oVprQuc.jpg,2026-08-06T10:04:09.324Z
Division,Education & Literacy,Od Rimberio,ocr,success,OD RIMBERIO | MATHEMATICS EDUCATION,EAGuvxFCk3w,Blue Pink Modern Simple Playful Mathematics Education Logo,https://www.canva.com/templates/EAGuvxFCk3w-blue-pink-modern-simple-playful-mathematics-education-logo/,https://template.canva.com/EAGuvxFCk3w/1/0/800w-QgYQvww-bAc.jpg,false,0001_EAGuvxFCk3w.jpg,division/images/0001_EAGuvxFCk3w.jpg,2026-08-06T10:08:21.050Z
Drama,Music & Entertainment,Dream,ocr,success,DREAM | THEATER,EAE4VPdUCvA,Pink purple Minimalist Dream Theater Logo,https://www.canva.com/templates/EAE4VPdUCvA-pink-purple-minimalist-dream-theater-logo/,https://template.canva.com/EAE4VPdUCvA/1/0/800w-2yWXI2g_Zdw.jpg,true,0004_EAE4VPdUCvA.jpg,drama/images/0004_EAE4VPdUCvA.jpg,2026-08-06T10:06:33.835Z
Drama,Music & Entertainment,Larana,ocr,success,Larana | THEATRE CLASS,EAGDUMuNWyE,Red And Yellow Illustrative Theatre Class Logo,https://www.canva.com/templates/EAGDUMuNWyE-red-and-yellow-illustrative-theatre-class-logo/,https://template.canva.com/EAGDUMuNWyE/1/0/800w-DAU_q5tBNvU.jpg,false,0003_EAGDUMuNWyE.jpg,drama/images/0003_EAGDUMuNWyE.jpg,2026-08-06T10:06:33.704Z
Drama,Music & Entertainment,Sky Theater,ocr,success,SKY THEATER | BY CHAD GIBBONS,EAEzWnUgBHA,Red yellow blue white minimalist sky theater logo,https://www.canva.com/templates/EAEzWnUgBHA-red-yellow-blue-white-minimalist-sky-theater-logo/,https://template.canva.com/EAEzWnUgBHA/1/0/800w-IDmkB9hS6kQ.jpg,true,0002_EAEzWnUgBHA.jpg,drama/images/0002_EAEzWnUgBHA.jpg,2026-08-06T10:06:33.571Z
Drama,Music & Entertainment,35mm Hobby Classes,ocr,success,FILM PHOTOGRAPHY | 35MM HOBBY CLASSES,EAEv2hCP2pc,White Black Modern Education Logo,https://www.canva.com/templates/EAEv2hCP2pc-white-black-modern-education-logo/,https://template.canva.com/EAEv2hCP2pc/1/0/800w-3CyYg0lm14c.jpg,false,0001_EAEv2hCP2pc.jpg,drama/images/0001_EAEv2hCP2pc.jpg,2026-08-06T10:06:33.430Z
Drama,Music & Entertainment,Classes,ocr,success,THEATRE | CLASSES,EAEv2fpPRFE,ब्लैक और सियान मॉडर्न एजुकेशन लोगो / Black and Cyan Modern Education Logo,https://www.canva.com/templates/EAEv2fpPRFE-black-and-cyan-modern-education-logo/,https://template.canva.com/EAEv2fpPRFE/1/0/800w-DF-z9h-mBck.jpg,false,0005_EAEv2fpPRFE.jpg,drama/images/0005_EAEv2fpPRFE.jpg,2026-08-06T10:06:33.963Z
Earth and Space Science,Education & Literacy,Takehiro,ocr,success,TAKEHIRO | LEARNING,EAFKg5mrx9g,Abstract Telescope Logo,https://www.canva.com/templates/EAFKg5mrx9g-abstract-telescope-logo/,https://template.canva.com/EAFKg5mrx9g/1/0/800w-tFWOox8DOzE.jpg,true,0025_EAFKg5mrx9g.jpg,earth-and-space-science/images/0025_EAFKg5mrx9g.jpg,2026-08-06T10:02:43.553Z
Earth and Space Science,Science & Environment,Unknown EAEf4dvpizY,ocr_failed,success,ESTD. 1991,EAEf4dvpizY,Black & White Astronomy Astrology Space Logo with Planet Icon,https://www.canva.com/templates/EAEf4dvpizY-black-white-astronomy-astrology-space-logo-with-planet-icon/,https://template.canva.com/EAEf4dvpizY/2/0/800w-WOlxUEWX-UQ.jpg,true,0019_EAEf4dvpizY.jpg,earth-and-space-science/images/0019_EAEf4dvpizY.jpg,2026-08-06T10:02:42.683Z
Earth and Space Science,Science & Environment,earth rocket,ocr,success,earth rocket | UNIVERSE,EAFR6O2iLeQ,Black Minimalist Earth Rocket Logo,https://www.canva.com/templates/EAFR6O2iLeQ-black-minimalist-earth-rocket-logo/,https://template.canva.com/EAFR6O2iLeQ/1/0/800w-yNOtV8MqpnU.jpg,true,0015_EAFR6O2iLeQ.jpg,earth-and-space-science/images/0015_EAFR6O2iLeQ.jpg,2026-08-06T10:02:28.352Z
Earth and Space Science,Science & Environment,Rocket,ocr,success,ROCKET | EARTH,EAFUI6VVVK0,black minimalist rocket earth logo,https://www.canva.com/templates/EAFUI6VVVK0-black-minimalist-rocket-earth-logo/,https://template.canva.com/EAFUI6VVVK0/1/0/800w-zm8RWD-dqmU.jpg,true,0030_EAFUI6VVVK0.jpg,earth-and-space-science/images/0030_EAFUI6VVVK0.jpg,2026-08-06T10:02:50.982Z
Earth and Space Science,Science & Environment,Rocket,ocr,success,ROCKET | LAUNCH,EAFMkPBdRXg,Black Minimalist Rocket Logo,https://www.canva.com/templates/EAFMkPBdRXg-black-minimalist-rocket-logo/,https://template.canva.com/EAFMkPBdRXg/1/0/800w-CU-2WEmzyVU.jpg,true,0003_EAFMkPBdRXg.jpg,earth-and-space-science/images/0003_EAFMkPBdRXg.jpg,2026-08-06T10:02:13.198Z
Earth and Space Science,Technology & Electronics,Orbitarium,ocr,success,ORBITARIUM | TECHNOLOGY,EAE6iiI2RAg,Black Orange Minimalist Planet Astronomy Technology Logo,https://www.canva.com/templates/EAE6iiI2RAg-black-orange-minimalist-planet-astronomy-technology-logo/,https://template.canva.com/EAE6iiI2RAg/1/0/800w-tocY2fnYiJc.jpg,true,0022_EAE6iiI2RAg.jpg,earth-and-space-science/images/0022_EAE6iiI2RAg.jpg,2026-08-06T10:02:43.137Z
Earth and Space Science,Science & Environment,Astronomy,ocr,success,ASTRONOMY | PLANET,EAFOZjYWMfs,Blue Colorful Minimalist Astronomy Logo,https://www.canva.com/templates/EAFOZjYWMfs-blue-colorful-minimalist-astronomy-logo/,https://template.canva.com/EAFOZjYWMfs/2/0/800w-2KiJYKTXSMo.jpg,true,0024_EAFOZjYWMfs.jpg,earth-and-space-science/images/0024_EAFOZjYWMfs.jpg,2026-08-06T10:02:43.416Z
Earth and Space Science,Science & Environment,World,ocr,success,INFINITY | WORLD,EAEpHb8GkRo,Blue Infinity World Circle Logo,https://www.canva.com/templates/EAEpHb8GkRo-blue-infinity-world-circle-logo/,https://template.canva.com/EAEpHb8GkRo/1/0/800w-FKkzhhH8fhk.jpg,true,0023_EAEpHb8GkRo.jpg,earth-and-space-science/images/0023_EAEpHb8GkRo.jpg,2026-08-06T10:02:43.271Z
Earth and Space Science,Technology & Electronics,Connection,ocr,success,CONNECTION | TECHNOLOGY,EAFJNXeuMPk,Blue Minimalist Technology Logo,https://www.canva.com/templates/EAFJNXeuMPk-blue-minimalist-technology-logo/,https://template.canva.com/EAFJNXeuMPk/2/0/800w-GGnAzwy7MkE.jpg,true,0004_EAFJNXeuMPk.jpg,earth-and-space-science/images/0004_EAFJNXeuMPk.jpg,2026-08-06T10:02:13.432Z
Earth and Space Science,Technology & Electronics,Rocket,ocr,success,ROCKET | TECHNOLOGY,EAFZujxs-3E,blue modern rocket logo,https://www.canva.com/templates/EAFZujxs-3E-blue-modern-rocket-logo/,https://template.canva.com/EAFZujxs-3E/4/0/800w-Gu9y4AyGnqw.jpg,true,0029_EAFZujxs-3E.jpg,earth-and-space-science/images/0029_EAFZujxs-3E.jpg,2026-08-06T10:02:50.833Z
Earth and Space Science,Science & Environment,planet line,ocr,success,planet line | ASTRONOMY,EAFRaxq4Zbk,blue orange minimalist planet line logo,https://www.canva.com/templates/EAFRaxq4Zbk-blue-orange-minimalist-planet-line-logo/,https://template.canva.com/EAFRaxq4Zbk/2/0/800w-5UpI8MCJD-0.jpg,true,0006_EAFRaxq4Zbk.jpg,earth-and-space-science/images/0006_EAFRaxq4Zbk.jpg,2026-08-06T10:02:13.874Z
Earth and Space Science,Science & Environment,RocketLaunch,ocr,success,RocketLaunch | YOUR SLOGAN,EAEmFGKmyT4,Blue Rocket Launch Brand Logo,https://www.canva.com/templates/EAEmFGKmyT4-blue-rocket-launch-brand-logo/,https://template.canva.com/EAEmFGKmyT4/1/0/800w-1PPvxSuqACA.jpg,true,0011_EAEmFGKmyT4.jpg,earth-and-space-science/images/0011_EAEmFGKmyT4.jpg,2026-08-06T10:02:27.802Z
Earth and Space Science,Technology & Electronics,Rocket,ocr,success,ROCKET | TECHNOLOGY,EAFN-nmuYZE,Blue white minimalist rocket logo,https://www.canva.com/templates/EAFN-nmuYZE-blue-white-minimalist-rocket-logo/,https://template.canva.com/EAFN-nmuYZE/1/0/800w-z1uaerLzqac.jpg,true,0009_EAFN-nmuYZE.jpg,earth-and-space-science/images/0009_EAFN-nmuYZE.jpg,2026-08-06T10:02:14.496Z
Earth and Space Science,Science & Environment,Planet,ocr,success,PLANET | SATURN,EAFMIsE-U6M,Blue Yellow Modern Saturn Planet Logo,https://www.canva.com/templates/EAFMIsE-U6M-blue-yellow-modern-saturn-planet-logo/,https://template.canva.com/EAFMIsE-U6M/2/0/800w-8gRzl3Ik4Vk.jpg,true,0002_EAFMIsE-U6M.jpg,earth-and-space-science/images/0002_EAFMIsE-U6M.jpg,2026-08-06T10:02:13.013Z
Earth and Space Science,Science & Environment,Keithston &,ocr,success,KEITHSTON & | PARTNERS | BOOKSTORE,EAErP30m5DE,Brown Beige Simple Flat Line Bookstore Logo,https://www.canva.com/templates/EAErP30m5DE-brown-beige-simple-flat-line-bookstore-logo/,https://template.canva.com/EAErP30m5DE/1/0/800w-Gi3tcT6dCJs.jpg,true,0020_EAErP30m5DE.jpg,earth-and-space-science/images/0020_EAErP30m5DE.jpg,2026-08-06T10:02:42.827Z
Earth and Space Science,Science & Environment,Rocket Box,ocr,success,ROCKET BOX | www.reallygreatsite.com,EAFPENQ8DQo,Brown Modern Rocket Box Logo,https://www.canva.com/templates/EAFPENQ8DQo-brown-modern-rocket-box-logo/,https://template.canva.com/EAFPENQ8DQo/1/0/800w-zhEJYxygVV0.jpg,true,0014_EAFPENQ8DQo.jpg,earth-and-space-science/images/0014_EAFPENQ8DQo.jpg,2026-08-06T10:02:28.221Z
Earth and Space Science,Science & Environment,Ufoplanet,ocr,success,UFOPLANET | CREATIUELOGO,EAFN_K7EpmQ,Circle Ufo Planet Logo,https://www.canva.com/templates/EAFN_K7EpmQ-circle-ufo-planet-logo/,https://template.canva.com/EAFN_K7EpmQ/1/0/800w-YMtjhpSra5I.jpg,true,0021_EAFN_K7EpmQ.jpg,earth-and-space-science/images/0021_EAFN_K7EpmQ.jpg,2026-08-06T10:02:42.991Z
Earth and Space Science,Science & Environment,Ufoplanet,ocr,success,UFOPLANET | CREATIUELOGO,EAFN_HypCbQ,Circle Ufo Planet Logo,https://www.canva.com/templates/EAFN_HypCbQ-circle-ufo-planet-logo/,https://template.canva.com/EAFN_HypCbQ/1/0/800w-uyyVrI8SUpY.jpg,true,0028_EAFN_HypCbQ.jpg,earth-and-space-science/images/0028_EAFN_HypCbQ.jpg,2026-08-06T10:02:50.688Z
Earth and Space Science,Science & Environment,Azekine,ocr,success,AZEKINE | Rocket Launch,EAExQhBjTYA,Letter a Logo with Business and Rocket Concept,https://www.canva.com/templates/EAExQhBjTYA-letter-a-logo-with-business-and-rocket-concept/,https://template.canva.com/EAExQhBjTYA/1/0/800w-5CL0YJEbsGs.jpg,true,0031_EAExQhBjTYA.jpg,earth-and-space-science/images/0031_EAExQhBjTYA.jpg,2026-08-06T10:02:51.117Z
Earth and Space Science,Science & Environment,Firesa,ocr,success,FIRESA | Rocket Launch,EAEyyIBuMfE,Letter F Logo With Business and Rocket Concept.,https://www.canva.com/templates/EAEyyIBuMfE-letter-f-logo-with-business-and-rocket-concept/,https://template.canva.com/EAEyyIBuMfE/1/0/800w-PH9-nJBrFgs.jpg,true,0032_EAEyyIBuMfE.jpg,earth-and-space-science/images/0032_EAEyyIBuMfE.jpg,2026-08-06T10:02:51.266Z
Earth and Space Science,Technology & Electronics,NeuroTech,ocr,success,NeuroTech | LEADING TECHNOLOGY,EAEqKbVynLM,Minimalist Blue Modern Technology Logo,https://www.canva.com/templates/EAEqKbVynLM-minimalist-blue-modern-technology-logo/,https://template.canva.com/EAEqKbVynLM/1/0/800w-jDgTaGOZE18.jpg,true,0013_EAEqKbVynLM.jpg,earth-and-space-science/images/0013_EAEqKbVynLM.jpg,2026-08-06T10:02:28.071Z
Earth and Space Science,Technology & Electronics,Pixeltech,ocr,success,Pixeltech | INNOVATION,EAEqOGmnd9o,Minimalist Globe Technology Logo,https://www.canva.com/templates/EAEqOGmnd9o-minimalist-globe-technology-logo/,https://template.canva.com/EAEqOGmnd9o/1/0/800w-RqVi1XrPbMo.jpg,true,0005_EAEqOGmnd9o.jpg,earth-and-space-science/images/0005_EAEqOGmnd9o.jpg,2026-08-06T10:02:13.630Z
Earth and Space Science,Technology & Electronics,Hellion,ocr,success,H | Hellion | Future technology,EAEeorygqLE,Minimalist Letter Initial Logo,https://www.canva.com/templates/EAEeorygqLE-minimalist-letter-initial-logo/,https://template.canva.com/EAEeorygqLE/1/0/800w-8YbD2EZyZvI.jpg,true,0026_EAEeorygqLE.jpg,earth-and-space-science/images/0026_EAEeorygqLE.jpg,2026-08-06T10:02:43.686Z
Earth and Space Science,Science & Environment,Otieno,ocr,success,OTIENO | Space Company,EAFIhiNMJ60,Minimalist Modern Space Company Logo,https://www.canva.com/templates/EAFIhiNMJ60-minimalist-modern-space-company-logo/,https://template.canva.com/EAFIhiNMJ60/1/0/800w-eShS6aTPk4w.jpg,true,0018_EAFIhiNMJ60.jpg,earth-and-space-science/images/0018_EAFIhiNMJ60.jpg,2026-08-06T10:02:28.760Z
Earth and Space Science,Technology & Electronics,TechWorld,ocr,success,TechWorld | LEADING COMPANY,EAEoLSp5a34,Minimalist Modern Technology Logo,https://www.canva.com/templates/EAEoLSp5a34-minimalist-modern-technology-logo/,https://template.canva.com/EAEoLSp5a34/1/0/800w-_iBe3zUNL2c.jpg,true,0001_EAEoLSp5a34.jpg,earth-and-space-science/images/0001_EAEoLSp5a34.jpg,2026-08-06T10:02:12.815Z
Earth and Space Science,Science & Environment,Planetarium,ocr,success,Planetarium | OBSERVATORY CENTER,EAEpHPA6KNc,Planetarium Minimalist Logo,https://www.canva.com/templates/EAEpHPA6KNc-planetarium-minimalist-logo/,https://template.canva.com/EAEpHPA6KNc/1/0/800w-FGURL-mjXlI.jpg,true,0010_EAEpHPA6KNc.jpg,earth-and-space-science/images/0010_EAEpHPA6KNc.jpg,2026-08-06T10:02:27.670Z
Earth and Space Science,Science & Environment,Rocket,ocr,success,ROCKET | COMPANY,EAFMIlH0Ikc,Purple Modern and Minimalist Rocket Logo,https://www.canva.com/templates/EAFMIlH0Ikc-purple-modern-and-minimalist-rocket-logo/,https://template.canva.com/EAFMIlH0Ikc/2/0/800w-gInP8tqN98A.jpg,true,0012_EAFMIlH0Ikc.jpg,earth-and-space-science/images/0012_EAFMIlH0Ikc.jpg,2026-08-06T10:02:27.938Z
Earth and Space Science,Graphic Design & Creative Services,Aplanet,ocr,success,APLANET | EDUCATION,EAE2dEGVbHI,Red & Green Apple Planet Illustrated Logo,https://www.canva.com/templates/EAE2dEGVbHI-red-green-apple-planet-illustrated-logo/,https://template.canva.com/EAE2dEGVbHI/2/0/800w-MuIjdd5qdNQ.jpg,true,0027_EAE2dEGVbHI.jpg,earth-and-space-science/images/0027_EAE2dEGVbHI.jpg,2026-08-06T10:02:43.835Z
Earth and Space Science,Science & Environment,Melbourne,ocr,success,MELBOURNE | SPACE EXPLORATION,EAEUQF-SUiQ,Rocket Logo Template,https://www.canva.com/templates/EAEUQF-SUiQ-rocket-logo-template/,https://template.canva.com/EAEUQF-SUiQ/1/0/800w-cr9iBop8LKg.jpg,true,0007_EAEUQF-SUiQ.jpg,earth-and-space-science/images/0007_EAEUQF-SUiQ.jpg,2026-08-06T10:02:14.103Z
Earth and Space Science,Science & Environment,Space,ocr,success,SPACE | GAMING COMMUNITY,EAE5RM3EfAk,Space Logo,https://www.canva.com/templates/EAE5RM3EfAk-space-logo/,https://template.canva.com/EAE5RM3EfAk/1/0/800w-aCn344ojQ5s.jpg,false,0008_EAE5RM3EfAk.jpg,earth-and-space-science/images/0008_EAE5RM3EfAk.jpg,2026-08-06T10:02:14.304Z
Earth and Space Science,Science & Environment,Starsystems,ocr,success,STARSYSTEMS | LOGO TEMPLATE,EAEM8oC0pL8,Stars and Atom Mystical Logo Template,https://www.canva.com/templates/EAEM8oC0pL8-stars-and-atom-mystical-logo-template/,https://template.canva.com/EAEM8oC0pL8/1/0/800w-3Xu4PBWVZAY.jpg,true,0016_EAEM8oC0pL8.jpg,earth-and-space-science/images/0016_EAEM8oC0pL8.jpg,2026-08-06T10:02:28.484Z
Earth and Space Science,Science & Environment,Comet,ocr,success,COMET | ASTRONOMY,EAFMAtj5IBU,Yellow Minimalist Astronomy Comet Logo,https://www.canva.com/templates/EAFMAtj5IBU-yellow-minimalist-astronomy-comet-logo/,https://template.canva.com/EAFMAtj5IBU/1/0/800w-rDuTHD49C0c.jpg,true,0017_EAFMAtj5IBU.jpg,earth-and-space-science/images/0017_EAFMAtj5IBU.jpg,2026-08-06T10:02:28.621Z
Engineering,Technology & Electronics,Helper,ocr,success,HELPER | SERVICE CENTER,EAFNJXFkdJ4,Black Orange Minimalist Service Center Gear Logo,https://www.canva.com/templates/EAFNJXFkdJ4-black-orange-minimalist-service-center-gear-logo/,https://template.canva.com/EAFNJXFkdJ4/1/0/800w-J15s8QtW-GM.jpg,true,0014_EAFNJXFkdJ4.jpg,engineering/images/0014_EAFNJXFkdJ4.jpg,2026-08-06T10:04:54.173Z
Engineering,Technology & Electronics,Heavy,ocr,success,HEAVY | MACHINE REPAIR,EAEu16jxpGE,Black White Modern Heavy Logo,https://www.canva.com/templates/EAEu16jxpGE-black-white-modern-heavy-logo/,https://template.canva.com/EAEu16jxpGE/1/0/800w-Z6m3s1gnMC0.jpg,true,0003_EAEu16jxpGE.jpg,engineering/images/0003_EAEu16jxpGE.jpg,2026-08-06T10:04:42.184Z
Engineering,Technology & Electronics,Curtin,ocr,success,CURTIN | SUNVIEW | Design Academy,EADajg048J0,Blue and Yellow Modern Education Logo,https://www.canva.com/templates/EADajg048J0-blue-and-yellow-modern-education-logo/,https://template.canva.com/EADajg048J0/2/0/800w-MI4sUI_0ypE.jpg,false,0006_EADajg048J0.jpg,engineering/images/0006_EADajg048J0.jpg,2026-08-06T10:04:42.673Z
Engineering,Technology & Electronics,Kinetics Worlds,ocr,success,KINETICS WORLDS | ENERGY GLOBAL,EAExKsxnVSE,blue bold engineering logo,https://www.canva.com/templates/EAExKsxnVSE-blue-bold-engineering-logo/,https://template.canva.com/EAExKsxnVSE/2/0/800w-5w7hBkxjcW4.jpg,true,0023_EAExKsxnVSE.jpg,engineering/images/0023_EAExKsxnVSE.jpg,2026-08-06T10:05:00.077Z
Engineering,Technology & Electronics,Camitech,ocr,success,CAMITECH | ELECTRONIC,EAE2j1RYWUc,Blue Computer Electronic Logo,https://www.canva.com/templates/EAE2j1RYWUc-blue-computer-electronic-logo/,https://template.canva.com/EAE2j1RYWUc/1/0/800w-MF0ghgJC68A.jpg,true,0005_EAE2j1RYWUc.jpg,engineering/images/0005_EAE2j1RYWUc.jpg,2026-08-06T10:04:42.507Z
Engineering,Technology & Electronics,Wrench Gear,ocr,success,WRENCH GEAR | REPAIR,EAFOZ6eAlVA,Blue Minimalist Wrench Gear Logo,https://www.canva.com/templates/EAFOZ6eAlVA-blue-minimalist-wrench-gear-logo/,https://template.canva.com/EAFOZ6eAlVA/1/0/800w-UhLUSHfEXMw.jpg,true,0004_EAFOZ6eAlVA.jpg,engineering/images/0004_EAFOZ6eAlVA.jpg,2026-08-06T10:04:42.352Z
Engineering,Technology & Electronics,Maintenance,ocr,success,MAINTENANCE | WRENCH GEAR,EAFNsaa7YK4,Blue Minimalist Wrench Gear Logo,https://www.canva.com/templates/EAFNsaa7YK4-blue-minimalist-wrench-gear-logo/,https://template.canva.com/EAFNsaa7YK4/1/0/800w-_NBbCzbVQHU.jpg,true,0009_EAFNsaa7YK4.jpg,engineering/images/0009_EAFNsaa7YK4.jpg,2026-08-06T10:04:43.159Z
Engineering,Technology & Electronics,Electrical,ocr,success,ELECTRICAL | ENERGY,EAFJWkufj-8,Blue Yellow Minimalist Electrical Energy Logo,https://www.canva.com/templates/EAFJWkufj-8-blue-yellow-minimalist-electrical-energy-logo/,https://template.canva.com/EAFJWkufj-8/2/0/800w-2P8peo4IIu4.jpg,true,0002_EAFJWkufj-8.jpg,engineering/images/0002_EAFJWkufj-8.jpg,2026-08-06T10:04:42.031Z
Engineering,Technology & Electronics,Robotics Club,ocr,success,Robotics Club | ES | TD | Futuristic University,EAEa8ySK_N8,Brown Robotics Club Logo,https://www.canva.com/templates/EAEa8ySK_N8-brown-robotics-club-logo/,https://template.canva.com/EAEa8ySK_N8/1/0/800w-aEuYfGLS8HY.jpg,true,0017_EAEa8ySK_N8.jpg,engineering/images/0017_EAEa8ySK_N8.jpg,2026-08-06T10:04:54.585Z
Engineering,Technology & Electronics,Eroner,ocr,success,ERONER | Toothed Wheel,EAEwm8owiYM,Letter E With Vehicle and Gear Concept Logo,https://www.canva.com/templates/EAEwm8owiYM-letter-e-with-vehicle-and-gear-concept-logo/,https://template.canva.com/EAEwm8owiYM/1/0/800w-2kiwrFQPVxA.jpg,true,0020_EAEwm8owiYM.jpg,engineering/images/0020_EAEwm8owiYM.jpg,2026-08-06T10:04:59.586Z
Engineering,Technology & Electronics,Lorine,ocr,success,LORINE | Toothed Wheel,EAEyGs_NNpA,Letter L Logo With Vehicle and Gear Concept.,https://www.canva.com/templates/EAEyGs_NNpA-letter-l-logo-with-vehicle-and-gear-concept/,https://template.canva.com/EAEyGs_NNpA/1/0/800w-DomkLncTHwc.jpg,true,0021_EAEyGs_NNpA.jpg,engineering/images/0021_EAEyGs_NNpA.jpg,2026-08-06T10:04:59.741Z
Engineering,Technology & Electronics,Levoine,ocr,success,LEVOINE | ELECTRONIC,EAE21DHPTpU,Minimalist Electronic Logo,https://www.canva.com/templates/EAE21DHPTpU-minimalist-electronic-logo/,https://template.canva.com/EAE21DHPTpU/1/0/800w-EuEdicVgwzo.jpg,false,0001_EAE21DHPTpU.jpg,engineering/images/0001_EAE21DHPTpU.jpg,2026-08-06T10:04:41.877Z
Engineering,Technology & Electronics,Noicas,ocr,success,NOICAS | ELECTRONIC,EAE21KUvvRE,Minimalist Electronic Logo,https://www.canva.com/templates/EAE21KUvvRE-minimalist-electronic-logo/,https://template.canva.com/EAE21KUvvRE/1/0/800w-b9CihILdGN4.jpg,false,0007_EAE21KUvvRE.jpg,engineering/images/0007_EAE21KUvvRE.jpg,2026-08-06T10:04:42.818Z
Engineering,Technology & Electronics,Technology,ocr,success,TECHNOLOGY,EAE21P30jP4,Minimalist Letter Initial Technology Logo,https://www.canva.com/templates/EAE21P30jP4-minimalist-letter-initial-technology-logo/,https://template.canva.com/EAE21P30jP4/1/0/800w-4rlBvoJSSxI.jpg,false,0013_EAE21P30jP4.jpg,engineering/images/0013_EAE21P30jP4.jpg,2026-08-06T10:04:54.042Z
Engineering,Technology & Electronics,Electronic,ocr,success,ELECTRONIC,EAE21OiH5sU,Modern Minimalist Technology Logo,https://www.canva.com/templates/EAE21OiH5sU-modern-minimalist-technology-logo/,https://template.canva.com/EAE21OiH5sU/1/0/800w-8pf4aSctToE.jpg,true,0011_EAE21OiH5sU.jpg,engineering/images/0011_EAE21OiH5sU.jpg,2026-08-06T10:04:53.754Z
Engineering,Technology & Electronics,Evertone,ocr,success,EVERTONE | ELECTRONIC,EAE21FKf_Ug,Modern Typography Electronic Logo,https://www.canva.com/templates/EAE21FKf_Ug-modern-typography-electronic-logo/,https://template.canva.com/EAE21FKf_Ug/1/0/800w-8tElTxOgo-g.jpg,false,0012_EAE21FKf_Ug.jpg,engineering/images/0012_EAE21FKf_Ug.jpg,2026-08-06T10:04:53.888Z
Engineering,Technology & Electronics,Starlight,ocr,success,STARLIGHT | ELECTRONIC,EAE21C78PUc,Modern Typography Electronic Logo,https://www.canva.com/templates/EAE21C78PUc-modern-typography-electronic-logo/,https://template.canva.com/EAE21C78PUc/1/0/800w-XTKsOSUhcCQ.jpg,false,0019_EAE21C78PUc.jpg,engineering/images/0019_EAE21C78PUc.jpg,2026-08-06T10:04:59.447Z
Engineering,Technology & Electronics,Cybertech,ocr,success,Cybertech | Company,EAEuHM721eE,Navy Blue Cybertech Company Logo,https://www.canva.com/templates/EAEuHM721eE-navy-blue-cybertech-company-logo/,https://template.canva.com/EAEuHM721eE/1/0/800w-TR2INQl6yFg.jpg,true,0010_EAEuHM721eE.jpg,engineering/images/0010_EAEuHM721eE.jpg,2026-08-06T10:04:53.621Z
Engineering,Technology & Electronics,Electrical,ocr,success,Electrical | Energy,EAFL8YVeaSs,Red Black Modern and Minimalist Electrical Energy Logo,https://www.canva.com/templates/EAFL8YVeaSs-red-black-modern-and-minimalist-electrical-energy-logo/,https://template.canva.com/EAFL8YVeaSs/1/0/800w-NP4StyFQBpE.jpg,true,0016_EAFL8YVeaSs.jpg,engineering/images/0016_EAFL8YVeaSs.jpg,2026-08-06T10:04:54.447Z
Engineering,Technology & Electronics,Mechanic Gear,ocr,success,MECHANIC GEAR | EST.2022,EAFPHu86dRY,Red Blue Minimalist Mechanic Gear Logo Design,https://www.canva.com/templates/EAFPHu86dRY-red-blue-minimalist-mechanic-gear-logo-design/,https://template.canva.com/EAFPHu86dRY/1/0/800w-2eU-VH4Uf-A.jpg,true,0022_EAFPHu86dRY.jpg,engineering/images/0022_EAFPHu86dRY.jpg,2026-08-06T10:04:59.900Z
Engineering,Technology & Electronics,Industry,ocr,success,INDUSTRY | P | GE AR,EAFOKl9oZFU,Red bold gear industry logo,https://www.canva.com/templates/EAFOKl9oZFU-red-bold-gear-industry-logo/,https://template.canva.com/EAFOKl9oZFU/1/0/800w-cQl_4D0Mj7Q.jpg,true,0008_EAFOKl9oZFU.jpg,engineering/images/0008_EAFOKl9oZFU.jpg,2026-08-06T10:04:42.993Z
Engineering,Technology & Electronics,Tech Tree,ocr,success,TECH TREE | DIGITAL,EAE0VxjuyfY,tech tree electrical circuit digital logo template,https://www.canva.com/templates/EAE0VxjuyfY-tech-tree-electrical-circuit-digital-logo-template/,https://template.canva.com/EAE0VxjuyfY/1/0/800w-HKOPr7phE8c.jpg,false,0018_EAE0VxjuyfY.jpg,engineering/images/0018_EAE0VxjuyfY.jpg,2026-08-06T10:04:54.730Z
Engineering,Technology & Electronics,Lightbulb,ocr,success,LIGHTBULB,EAFOKon60Yg,Yellow minimalist light bulb logo,https://www.canva.com/templates/EAFOKon60Yg-yellow-minimalist-light-bulb-logo/,https://template.canva.com/EAFOKon60Yg/1/0/800w-JIKQoDcvsAc.jpg,true,0015_EAFOKon60Yg.jpg,engineering/images/0015_EAFOKon60Yg.jpg,2026-08-06T10:04:54.309Z
Environment,Science & Environment,Rocket,ocr,success,ROCKET | EARTH,EAFUI6VVVK0,black minimalist rocket earth logo,https://www.canva.com/templates/EAFUI6VVVK0-black-minimalist-rocket-earth-logo/,https://template.canva.com/EAFUI6VVVK0/1/0/800w-zm8RWD-dqmU.jpg,true,0002_EAFUI6VVVK0.jpg,environment/images/0002_EAFUI6VVVK0.jpg,2026-08-06T10:06:57.228Z
Environment,Science & Environment,planet line,ocr,success,planet line | ASTRONOMY,EAFRaxq4Zbk,blue orange minimalist planet line logo,https://www.canva.com/templates/EAFRaxq4Zbk-blue-orange-minimalist-planet-line-logo/,https://template.canva.com/EAFRaxq4Zbk/2/0/800w-5UpI8MCJD-0.jpg,true,0003_EAFRaxq4Zbk.jpg,environment/images/0003_EAFRaxq4Zbk.jpg,2026-08-06T10:06:57.389Z
Environment,Education & Literacy,Nature School,ocr,success,NATURE SCHOOL | LEARN | AND EXPLORE,EAGq0f9UlDA,Green Simple Modern Elegant Nature School Logo,https://www.canva.com/templates/EAGq0f9UlDA-green-simple-modern-elegant-nature-school-logo/,https://template.canva.com/EAGq0f9UlDA/1/0/800w-yqfiN2v_cj0.jpg,true,0001_EAGq0f9UlDA.jpg,environment/images/0001_EAGq0f9UlDA.jpg,2026-08-06T10:06:57.070Z
Finance,Banking & Finance,Wardiere Inc.,ocr,success,W | WARDIERE INC.,EAEw803ttZI,African Financial and Managing App Letter Logo,https://www.canva.com/templates/EAEw803ttZI-african-financial-and-managing-app-letter-logo/,https://template.canva.com/EAEw803ttZI/2/0/800w-y6yismYEFY8.jpg,false,0081_EAEw803ttZI.jpg,finance/images/0081_EAEw803ttZI.jpg,2026-08-06T09:46:12.379Z
Finance,Banking & Finance,Growth,ocr,success,GROWTH | FINANCE,EAE3pPM_G6I,arrow up business finance technology logo,https://www.canva.com/templates/EAE3pPM_G6I-arrow-up-business-finance-technology-logo/,https://template.canva.com/EAE3pPM_G6I/1/0/800w-1JefxuoLUXo.jpg,false,0011_EAE3pPM_G6I.jpg,finance/images/0011_EAE3pPM_G6I.jpg,2026-08-06T09:45:01.885Z
Finance,Banking & Finance,Chastain,ocr,success,CHASTAIN | TECHNOLOGY,EAFNLK7qltI,Bank Contract Sign Logo,https://www.canva.com/templates/EAFNLK7qltI-bank-contract-sign-logo/,https://template.canva.com/EAFNLK7qltI/1/0/800w-bRhbhzT1n7M.jpg,false,0030_EAFNLK7qltI.jpg,finance/images/0030_EAFNLK7qltI.jpg,2026-08-06T09:45:19.094Z
Finance,Banking & Finance,Ingoude,ocr,success,INGOUDE | COMPANY,EAE_VSqJwao,Beige and Green Modern Company Business Card,https://www.canva.com/templates/EAE_VSqJwao-beige-and-green-modern-company-business-card/,https://template.canva.com/EAE_VSqJwao/1/0/800w-yCQWAAS4kjA.jpg,false,0019_EAE_VSqJwao.jpg,finance/images/0019_EAE_VSqJwao.jpg,2026-08-06T09:45:10.160Z
Finance,Banking & Finance,Nature,ocr,success,Nature | REAL ESTATE,EAFNYxbcvPo,Beige Green Minimalist Nature Real Estate Logo,https://www.canva.com/templates/EAFNYxbcvPo-beige-green-minimalist-nature-real-estate-logo/,https://template.canva.com/EAFNYxbcvPo/1/0/800w-jMnAfDxRApc.jpg,true,0067_EAFNYxbcvPo.jpg,finance/images/0067_EAFNYxbcvPo.jpg,2026-08-06T09:46:02.586Z
Finance,Banking & Finance,Honeybee,ocr,success,Honeybee | REAL ESTATE AGENT,EAE4JHcGcGw,Black and Orange Modern Real Estate Logo Template,https://www.canva.com/templates/EAE4JHcGcGw-black-and-orange-modern-real-estate-logo-template/,https://template.canva.com/EAE4JHcGcGw/1/0/800w-oRNkWxfamV8.jpg,false,0002_EAE4JHcGcGw.jpg,finance/images/0002_EAE4JHcGcGw.jpg,2026-08-06T09:44:53.683Z
Finance,Banking & Finance,Honeybee,ocr,success,Honeybee | REAL ESTATE AGENT,EAE4JFHDqPE,Black and Orange Modern Real Estate Logo Template,https://www.canva.com/templates/EAE4JFHDqPE-black-and-orange-modern-real-estate-logo-template/,https://template.canva.com/EAE4JFHDqPE/1/0/800w-SZ6KWqBPJJw.jpg,false,0008_EAE4JFHDqPE.jpg,finance/images/0008_EAE4JFHDqPE.jpg,2026-08-06T09:44:54.644Z
Finance,Banking & Finance,Continuity,ocr,success,Continuity | REAL ESTATE AGENT,EAE4JCBk89A,Black and Orange Modern Real Estate Logo Template,https://www.canva.com/templates/EAE4JCBk89A-black-and-orange-modern-real-estate-logo-template/,https://template.canva.com/EAE4JCBk89A/1/0/800w-DY08gjsZyo8.jpg,false,0032_EAE4JCBk89A.jpg,finance/images/0032_EAE4JCBk89A.jpg,2026-08-06T09:45:19.397Z
Finance,Banking & Finance,Continuity,ocr,success,Continuity | REAL ESTATE AGENT,EAE4JMlUv3Q,Black and Orange Modern Real Estate Logo Template,https://www.canva.com/templates/EAE4JMlUv3Q-black-and-orange-modern-real-estate-logo-template/,https://template.canva.com/EAE4JMlUv3Q/1/0/800w-gdmMbzOk6lw.jpg,false,0040_EAE4JMlUv3Q.jpg,finance/images/0040_EAE4JMlUv3Q.jpg,2026-08-06T09:45:33.713Z
Finance,Banking & Finance,Sunny,ocr,success,SUNNY | REAL ESTATE AGENT,EAE4JBlmZ1U,Black and Orange Modern Real Estate Logo Template,https://www.canva.com/templates/EAE4JBlmZ1U-black-and-orange-modern-real-estate-logo-template/,https://template.canva.com/EAE4JBlmZ1U/1/0/800w-QL7d01mBi7g.jpg,false,0082_EAE4JBlmZ1U.jpg,finance/images/0082_EAE4JBlmZ1U.jpg,2026-08-06T09:46:19.776Z
Finance,Banking & Finance,Continuity,ocr,success,Continuity | REAL ESTATE AGENT,EAE4JBSJjto,Black and Purple Modern Real Estate Logo Template,https://www.canva.com/templates/EAE4JBSJjto-black-and-purple-modern-real-estate-logo-template/,https://template.canva.com/EAE4JBSJjto/1/0/800w-qPGdoaFJEeI.jpg,false,0051_EAE4JBSJjto.jpg,finance/images/0051_EAE4JBSJjto.jpg,2026-08-06T09:45:43.523Z
Finance,Banking & Finance,Timmerman,ocr,success,TIMMERMAN | INDUSTRIES,EAFNa2u9qCo,Black and White Luxury Business Logo,https://www.canva.com/templates/EAFNa2u9qCo-black-and-white-luxury-business-logo/,https://template.canva.com/EAFNa2u9qCo/1/0/800w-3n1AorfHo0g.jpg,false,0025_EAFNa2u9qCo.jpg,finance/images/0025_EAFNa2u9qCo.jpg,2026-08-06T09:45:11.031Z
Finance,Banking & Finance,Salford: Co.,ocr,success,SALFORD: CO.,EAE-JAItLok,Black and White Minimal Modern Finance Logo,https://www.canva.com/templates/EAE-JAItLok-black-and-white-minimal-modern-finance-logo/,https://template.canva.com/EAE-JAItLok/1/0/800w-yaTozo_5QUc.jpg,false,0004_EAE-JAItLok.jpg,finance/images/0004_EAE-JAItLok.jpg,2026-08-06T09:44:53.982Z
Finance,Banking & Finance,Co.,ocr,success,LICERIA | CO.,EAE-JKuiwFg,Black And White Minimalist Classic Company Logo,https://www.canva.com/templates/EAE-JKuiwFg-black-and-white-minimalist-classic-company-logo/,https://template.canva.com/EAE-JKuiwFg/2/0/800w-9gKmz-mKyLI.jpg,false,0045_EAE-JKuiwFg.jpg,finance/images/0045_EAE-JKuiwFg.jpg,2026-08-06T09:45:34.538Z
Finance,Banking & Finance,Honeybee,ocr,success,Honeybee | REAL ESTATE AGENT,EAE4JGqDFuA,Black and White Modern Real Estate Logo Template,https://www.canva.com/templates/EAE4JGqDFuA-black-and-white-modern-real-estate-logo-template/,https://template.canva.com/EAE4JGqDFuA/1/0/800w-I4FqXHUELa8.jpg,false,0091_EAE4JGqDFuA.jpg,finance/images/0091_EAE4JGqDFuA.jpg,2026-08-06T09:46:28.832Z
Finance,Banking & Finance,an,ocr,success,an | CIRCLINE | HOTEL & RESORT,EAE-0yInVnE,Black Gold Simple Circline Hotel And Resort Logo,https://www.canva.com/templates/EAE-0yInVnE-black-gold-simple-circline-hotel-and-resort-logo/,https://template.canva.com/EAE-0yInVnE/2/0/800w-3qfQbIswKD8.jpg,true,0053_EAE-0yInVnE.jpg,finance/images/0053_EAE-0yInVnE.jpg,2026-08-06T09:45:43.894Z
Finance,Banking & Finance,Investup,ocr,success,INVESTUP | FINANCIAL FREEDOM,EAE80pYI9jc,Black Gold Simple White Financial Freedom Service Logo,https://www.canva.com/templates/EAE80pYI9jc-black-gold-simple-white-financial-freedom-service-logo/,https://template.canva.com/EAE80pYI9jc/1/0/800w-O-17jqLQ6oA.jpg,true,0059_EAE80pYI9jc.jpg,finance/images/0059_EAE80pYI9jc.jpg,2026-08-06T09:45:53.319Z
Finance,Banking & Finance,Birdsfly,ocr,success,BIRDSFLY | OUTDOOR TRAVEL AGENOY,EAEv6pUqCjM,Black Minimal Bird Wings Fly Travel Logo,https://www.canva.com/templates/EAEv6pUqCjM-black-minimal-bird-wings-fly-travel-logo/,https://template.canva.com/EAEv6pUqCjM/2/0/800w-FhqR49bjWNs.jpg,true,0097_EAEv6pUqCjM.jpg,finance/images/0097_EAEv6pUqCjM.jpg,2026-08-06T09:46:29.746Z
Finance,Banking & Finance,Arrowsquare,ocr,success,ARROWSQUARE | YOUR SLOGAN,EAEiSKBmzjs,Black Minimal Geometric Arrow Square Logo,https://www.canva.com/templates/EAEiSKBmzjs-black-minimal-geometric-arrow-square-logo/,https://template.canva.com/EAEiSKBmzjs/1/0/800w-aXtFboDgoCA.jpg,true,0010_EAEiSKBmzjs.jpg,finance/images/0010_EAEiSKBmzjs.jpg,2026-08-06T09:45:01.736Z
Finance,Banking & Finance,bo,ocr,success,bo | LUXURY GLASSES,EAFJtpxTTJU,Blue & White Modern Typography Luxury Glasses Fashion Logo,https://www.canva.com/templates/EAFJtpxTTJU-blue-white-modern-typography-luxury-glasses-fashion-logo/,https://template.canva.com/EAFJtpxTTJU/1/0/800w-7jP8VQJ4eF4.jpg,false,0014_EAFJtpxTTJU.jpg,finance/images/0014_EAFJtpxTTJU.jpg,2026-08-06T09:45:02.409Z
Finance,Banking & Finance,Salford & Co,ocr,success,C | SALFORD & CO | FINANCIAL COMPANY,EAEys_Gv9U8,Blue and Grey Minimalist Financial Company Logo,https://www.canva.com/templates/EAEys_Gv9U8-blue-and-grey-minimalist-financial-company-logo/,https://template.canva.com/EAEys_Gv9U8/2/0/800w-pF7Mtt5zPTs.jpg,true,0093_EAEys_Gv9U8.jpg,finance/images/0093_EAEys_Gv9U8.jpg,2026-08-06T09:46:29.148Z
Finance,Banking & Finance,Stuck Up,ocr,success,S | STUCK UP | FINANCIAL COMPANY,EAEysxVp9s0,Blue and White Initial Letter S Financial Company Logo,https://www.canva.com/templates/EAEysxVp9s0-blue-and-white-initial-letter-s-financial-company-logo/,https://template.canva.com/EAEysxVp9s0/2/0/800w-0Rl6AMoZ_34.jpg,true,0060_EAEysxVp9s0.jpg,finance/images/0060_EAEysxVp9s0.jpg,2026-08-06T09:45:53.488Z
Finance,Banking & Finance,Riseup,ocr,success,RISEUP | FINANCE,EAE0xJnMa-M,Blue and White Minimalist Riseup Finance Logo,https://www.canva.com/templates/EAE0xJnMa-M-blue-and-white-minimalist-riseup-finance-logo/,https://template.canva.com/EAE0xJnMa-M/1/0/800w-s0gAB44qdo0.jpg,true,0099_EAE0xJnMa-M.jpg,finance/images/0099_EAE0xJnMa-M.jpg,2026-08-06T09:46:30.049Z
Finance,Banking & Finance,Real Estate,ocr,success,Real Estate | REAL ESTATE AGENT,EAE4JDo2e4o,Blue and White Modern Real Estate Logo Template,https://www.canva.com/templates/EAE4JDo2e4o-blue-and-white-modern-real-estate-logo-template/,https://template.canva.com/EAE4JDo2e4o/1/0/800w-AJbx7GsbF8k.jpg,false,0018_EAE4JDo2e4o.jpg,finance/images/0018_EAE4JDo2e4o.jpg,2026-08-06T09:45:03.035Z
Finance,Banking & Finance,Elegant Estate,ocr,success,ELEGANT ESTATE | REAL ESTATE AGENT,EAE4JJrcPKk,Blue and White Modern Real Estate Logo Template,https://www.canva.com/templates/EAE4JJrcPKk-blue-and-white-modern-real-estate-logo-template/,https://template.canva.com/EAE4JJrcPKk/1/0/800w-VAt6Eepya4U.jpg,false,0029_EAE4JJrcPKk.jpg,finance/images/0029_EAE4JJrcPKk.jpg,2026-08-06T09:45:18.957Z
Finance,Banking & Finance,Elegant Estate,ocr,success,ELEGANT ESTATE | REAL ESTATE AGENT,EAE4JK3k5VA,Blue and White Modern Real Estate Logo Template,https://www.canva.com/templates/EAE4JK3k5VA-blue-and-white-modern-real-estate-logo-template/,https://template.canva.com/EAE4JK3k5VA/1/0/800w-sZY6vsqOdjw.jpg,false,0031_EAE4JK3k5VA.jpg,finance/images/0031_EAE4JK3k5VA.jpg,2026-08-06T09:45:19.249Z
Finance,Banking & Finance,Focal Real,ocr,success,Focal Real | REAL ESTATE AGENT,EAE4JJQbswM,Blue and White Modern Real Estate Logo Template,https://www.canva.com/templates/EAE4JJQbswM-blue-and-white-modern-real-estate-logo-template/,https://template.canva.com/EAE4JJQbswM/1/0/800w-Vnm5vooIvlA.jpg,false,0034_EAE4JJQbswM.jpg,finance/images/0034_EAE4JJQbswM.jpg,2026-08-06T09:45:19.687Z
Finance,Banking & Finance,IMh,ocr,success,IMh | Continuity | REAL ESTATE AGENT,EAE4JC2Iwg8,Blue and White Modern Real Estate Logo Template,https://www.canva.com/templates/EAE4JC2Iwg8-blue-and-white-modern-real-estate-logo-template/,https://template.canva.com/EAE4JC2Iwg8/1/0/800w-vZAUIPc7KI4.jpg,false,0037_EAE4JC2Iwg8.jpg,finance/images/0037_EAE4JC2Iwg8.jpg,2026-08-06T09:45:33.275Z
Finance,Banking & Finance,Consulting,ocr,success,Business | Consulting | ESTD 2020,EAEtusMED5c,Blue Black Modern Business Consulting Company Logo,https://www.canva.com/templates/EAEtusMED5c-blue-black-modern-business-consulting-company-logo/,https://template.canva.com/EAEtusMED5c/1/0/800w-MNTJcVdDA-M.jpg,true,0090_EAEtusMED5c.jpg,finance/images/0090_EAEtusMED5c.jpg,2026-08-06T09:46:20.925Z
Finance,Banking & Finance,Real Estate Up,ocr,success,REAL ESTATE UP | CONSULTING,EAE0cnPsiyA,Blue Dollar Income Management House Logo Designs Template,https://www.canva.com/templates/EAE0cnPsiyA-blue-dollar-income-management-house-logo-designs-template/,https://template.canva.com/EAE0cnPsiyA/3/0/800w-SFlMARtuZYY.jpg,false,0006_EAE0cnPsiyA.jpg,finance/images/0006_EAE0cnPsiyA.jpg,2026-08-06T09:44:54.339Z
Finance,Banking & Finance,Giggling Platypus Co.,ocr,success,GIGGLING PLATYPUS CO. | INSURANCE,EAE_uIu1nQ8,Blue Minimalist and Modern Insurance Logo,https://www.canva.com/templates/EAE_uIu1nQ8-blue-minimalist-and-modern-insurance-logo/,https://template.canva.com/EAE_uIu1nQ8/1/0/800w-HCD6exJrfR8.jpg,true,0066_EAE_uIu1nQ8.jpg,finance/images/0066_EAE_uIu1nQ8.jpg,2026-08-06T09:46:02.421Z
Finance,Banking & Finance,Building,ocr,success,BUILDING | Office,EAFMNL6WJQc,Blue Minimalist Building Real Estate Logo,https://www.canva.com/templates/EAFMNL6WJQc-blue-minimalist-building-real-estate-logo/,https://template.canva.com/EAFMNL6WJQc/1/0/800w-LwWPb25s28c.jpg,true,0080_EAFMNL6WJQc.jpg,finance/images/0080_EAFMNL6WJQc.jpg,2026-08-06T09:46:12.211Z
Finance,Banking & Finance,Finance,ocr,success,FINANCE | Book,EAFNY86P1M8,Blue Minimalist Finance Book Logo,https://www.canva.com/templates/EAFNY86P1M8-blue-minimalist-finance-book-logo/,https://template.canva.com/EAFNY86P1M8/2/0/800w-EV6ikxBLo-8.jpg,true,0057_EAFNY86P1M8.jpg,finance/images/0057_EAFNY86P1M8.jpg,2026-08-06T09:45:52.982Z
Finance,Banking & Finance,Consulting,ocr,success,Financial | Consulting | Agency,EAFJl-vKeOA,Blue Minimalist Financial Consulting Agency Logo,https://www.canva.com/templates/EAFJl-vKeOA-blue-minimalist-financial-consulting-agency-logo/,https://template.canva.com/EAFJl-vKeOA/1/0/800w-7uUt9sCI3EM.jpg,false,0050_EAFJl-vKeOA.jpg,finance/images/0050_EAFJl-vKeOA.jpg,2026-08-06T09:45:43.349Z
Finance,Banking & Finance,Real Estate,ocr,success,REAL ESTATE | BUILDING,EAFQ_u0kkM0,Blue Minimalist Real Estate Logo,https://www.canva.com/templates/EAFQ_u0kkM0-blue-minimalist-real-estate-logo/,https://template.canva.com/EAFQ_u0kkM0/1/0/800w-j4V7ftxsr4g.jpg,true,0084_EAFQ_u0kkM0.jpg,finance/images/0084_EAFQ_u0kkM0.jpg,2026-08-06T09:46:20.066Z
Finance,Banking & Finance,Real Estate,ocr,success,REAL ESTATE | BUILDING,EAFMGlLuLnA,Blue Minimalist Real Estate Logo,https://www.canva.com/templates/EAFMGlLuLnA-blue-minimalist-real-estate-logo/,https://template.canva.com/EAFMGlLuLnA/1/0/800w-Ew4wdu5tGhQ.jpg,true,0086_EAFMGlLuLnA.jpg,finance/images/0086_EAFMGlLuLnA.jpg,2026-08-06T09:46:20.353Z
Finance,Banking & Finance,Liceria,ocr,success,LICERIA | Accounting Co.,EAFIkA9kyV0,Blue Modern Accounting Consulting Company Logo,https://www.canva.com/templates/EAFIkA9kyV0-blue-modern-accounting-consulting-company-logo/,https://template.canva.com/EAFIkA9kyV0/1/0/800w-JyEfH5kMhtE.jpg,false,0003_EAFIkA9kyV0.jpg,finance/images/0003_EAFIkA9kyV0.jpg,2026-08-06T09:44:53.828Z
Finance,Banking & Finance,Exchange,ocr,success,FAUGET | Exchange,EAFIvNSCkLM,Blue Modern Digital Currency Exchange Company Logo,https://www.canva.com/templates/EAFIvNSCkLM-blue-modern-digital-currency-exchange-company-logo/,https://template.canva.com/EAFIvNSCkLM/1/0/800w-2RchDB3DNFg.jpg,false,0024_EAFIvNSCkLM.jpg,finance/images/0024_EAFIvNSCkLM.jpg,2026-08-06T09:45:10.862Z
Finance,Banking & Finance,Wardiere,ocr,success,Wardiere,EAFY9nn5gv8,Blue Modern Financial Advisory Company Logo,https://www.canva.com/templates/EAFY9nn5gv8-blue-modern-financial-advisory-company-logo/,https://template.canva.com/EAFY9nn5gv8/1/0/800w-KZdnSTyL3IU.jpg,false,0049_EAFY9nn5gv8.jpg,finance/images/0049_EAFY9nn5gv8.jpg,2026-08-06T09:45:43.193Z
Finance,Banking & Finance,Investing,ocr,success,Borcelle | Investing,EAFJtxoh1Cg,Blue Modern Investment Consulting Firm Logo,https://www.canva.com/templates/EAFJtxoh1Cg-blue-modern-investment-consulting-firm-logo/,https://template.canva.com/EAFJtxoh1Cg/1/0/800w-qTF4WrI1iBU.jpg,false,0005_EAFJtxoh1Cg.jpg,finance/images/0005_EAFJtxoh1Cg.jpg,2026-08-06T09:44:54.193Z
Finance,Banking & Finance,Shieldirow,ocr,success,SHIELDIROW | SECURITY,EAE8tQWa1B4,Blue Orange Modern Shield Up Security Logo,https://www.canva.com/templates/EAE8tQWa1B4-blue-orange-modern-shield-up-security-logo/,https://template.canva.com/EAE8tQWa1B4/1/0/800w-kj8-A0K2BpA.jpg,true,0073_EAE8tQWa1B4.jpg,finance/images/0073_EAE8tQWa1B4.jpg,2026-08-06T09:46:11.028Z
Finance,Banking & Finance,Fauget,ocr,success,FAUGET | COMPANY,EAFP_Fa_aec,Blue Sun Circle Company Logo,https://www.canva.com/templates/EAFP_Fa_aec-blue-sun-circle-company-logo/,https://template.canva.com/EAFP_Fa_aec/1/0/800w-2PXXF_pShu0.jpg,false,0033_EAFP_Fa_aec.jpg,finance/images/0033_EAFP_Fa_aec.jpg,2026-08-06T09:45:19.537Z
Finance,Banking & Finance,Blueswanic,ocr,success,BLUESWANIC | BUSINESS AND MARKETING,EAE-G9X18a0,Blue White Modern Blue Swan marketing Company Logo,https://www.canva.com/templates/EAE-G9X18a0-blue-white-modern-blue-swan-marketing-company-logo/,https://template.canva.com/EAE-G9X18a0/1/0/800w-Pn-62CYhSGk.jpg,true,0058_EAE-G9X18a0.jpg,finance/images/0058_EAE-G9X18a0.jpg,2026-08-06T09:45:53.164Z
Finance,Banking & Finance,Morales,ocr,success,MORALES | FINANCE CONSULTANT,EAFfgk3uxG4,Blue White Simple Finance Consultant Logo,https://www.canva.com/templates/EAFfgk3uxG4-blue-white-simple-finance-consultant-logo/,https://template.canva.com/EAFfgk3uxG4/1/0/800w-jmMTfwAyRhg.jpg,false,0071_EAFfgk3uxG4.jpg,finance/images/0071_EAFfgk3uxG4.jpg,2026-08-06T09:46:03.516Z
Finance,Banking & Finance,Astrolinos,ocr,success,ASTROLINOS | LEADING COMPANY,EAE9GmDhIF0,Blue Yellow Modern Arrow Initial A Leading Company Logo,https://www.canva.com/templates/EAE9GmDhIF0-blue-yellow-modern-arrow-initial-a-leading-company-logo/,https://template.canva.com/EAE9GmDhIF0/1/0/800w-SMh5uBnqWWo.jpg,true,0074_EAE9GmDhIF0.jpg,finance/images/0074_EAE9GmDhIF0.jpg,2026-08-06T09:46:11.193Z
Finance,Banking & Finance,Zhang,ocr,success,A T | ZHANG,EAFFJW4spBo,Brown & White Modern Personal Brand Typography Logo,https://www.canva.com/templates/EAFFJW4spBo-brown-white-modern-personal-brand-typography-logo/,https://template.canva.com/EAFFJW4spBo/1/0/800w-mrPpUd2Tilc.jpg,false,0022_EAFFJW4spBo.jpg,finance/images/0022_EAFFJW4spBo.jpg,2026-08-06T09:45:10.587Z
Finance,Banking & Finance,Bullish,ocr,success,BULLISH | SIGNAL,EAE7NJIh7JM,BULLISH CANDLE LOGO DESIGN,https://www.canva.com/templates/EAE7NJIh7JM-bullish-candle-logo-design/,https://template.canva.com/EAE7NJIh7JM/1/0/800w-rjBoqm55MJc.jpg,false,0017_EAE7NJIh7JM.jpg,finance/images/0017_EAE7NJIh7JM.jpg,2026-08-06T09:45:02.861Z
Finance,Banking & Finance,Harumi,ocr,success,HARUMI | CORPORATION,EAFKRjQKkyI,Business Investor Man Avatar Logo,https://www.canva.com/templates/EAFKRjQKkyI-business-investor-man-avatar-logo/,https://template.canva.com/EAFKRjQKkyI/1/0/800w-YxFlklmNc7s.jpg,false,0063_EAFKRjQKkyI.jpg,finance/images/0063_EAFKRjQKkyI.jpg,2026-08-06T09:45:53.965Z
Finance,Banking & Finance,Cloud Business,ocr,success,Cloud Business | INVESTMENT,EAE1Mog5MUc,Cloud Business man investment logo,https://www.canva.com/templates/EAE1Mog5MUc-cloud-business-man-investment-logo/,https://template.canva.com/EAE1Mog5MUc/1/0/800w-IRMWruD670U.jpg,false,0048_EAE1Mog5MUc.jpg,finance/images/0048_EAE1Mog5MUc.jpg,2026-08-06T09:45:43.034Z
Finance,Banking & Finance,"Larana, Inc.",ocr,success,"LARANA, INC. | FINANCIAL COMPANY",EAFgrBqwTnA,Colorful Modern Financial Company Logo,https://www.canva.com/templates/EAFgrBqwTnA-colorful-modern-financial-company-logo/,https://template.canva.com/EAFgrBqwTnA/1/0/800w-klxxZkNaCok.jpg,false,0042_EAFgrBqwTnA.jpg,finance/images/0042_EAFgrBqwTnA.jpg,2026-08-06T09:45:34.037Z
Finance,Banking & Finance,Consulting,ocr,success,NEWARK | CONSULTING | YOUR FINANCIAL ADVISOR,EAE1T8kNpWs,Dark Green and Gold Elegant Financial Consultant Finance Logo,https://www.canva.com/templates/EAE1T8kNpWs-dark-green-and-gold-elegant-financial-consultant-finance-logo/,https://template.canva.com/EAE1T8kNpWs/1/0/800w-Cs5nPMoUxmI.jpg,false,0047_EAE1T8kNpWs.jpg,finance/images/0047_EAE1T8kNpWs.jpg,2026-08-06T09:45:42.870Z
Finance,Banking & Finance,Ginyard Gold Loan,ocr,success,GINYARD GOLD LOAN,EAFEmp5t4kc,Dark Purple And Gold Modern Gold Loan Logo,https://www.canva.com/templates/EAFEmp5t4kc-dark-purple-and-gold-modern-gold-loan-logo/,https://template.canva.com/EAFEmp5t4kc/1/0/800w-0vFPhPk1Elw.jpg,true,0085_EAFEmp5t4kc.jpg,finance/images/0085_EAFEmp5t4kc.jpg,2026-08-06T09:46:20.214Z
Finance,Banking & Finance,Kage,ocr,success,Kage | Noa | FINANCES,EAE-zs3SvZA,Deep Red Minimalist Luxury Corporate Logo,https://www.canva.com/templates/EAE-zs3SvZA-deep-red-minimalist-luxury-corporate-logo/,https://template.canva.com/EAE-zs3SvZA/1/0/800w-X4fHvoeECNo.jpg,false,0036_EAE-zs3SvZA.jpg,finance/images/0036_EAE-zs3SvZA.jpg,2026-08-06T09:45:19.975Z
Finance,Banking & Finance,Decentralized,ocr,success,Decentralized | FINANCE,EAE2nzxgZf4,Defi Finance Logo,https://www.canva.com/templates/EAE2nzxgZf4-defi-finance-logo/,https://template.canva.com/EAE2nzxgZf4/1/0/800w-DD92QoVmkAk.jpg,false,0083_EAE2nzxgZf4.jpg,finance/images/0083_EAE2nzxgZf4.jpg,2026-08-06T09:46:19.923Z
Finance,Banking & Finance,Morgan Maxwell,ocr,success,MORGAN MAXWELL | LAW FIRM,EAFBxNI-TEY,Elegant Black and Gold Law Firm Logo,https://www.canva.com/templates/EAFBxNI-TEY-elegant-black-and-gold-law-firm-logo/,https://template.canva.com/EAFBxNI-TEY/1/0/800w-dseH0T0MBhM.jpg,true,0096_EAFBxNI-TEY.jpg,finance/images/0096_EAFBxNI-TEY.jpg,2026-08-06T09:46:29.593Z
Finance,Banking & Finance,Penguin,ocr,success,PENGUIN,EAE5kJ4WuZk,family Penguin logo,https://www.canva.com/templates/EAE5kJ4WuZk-family-penguin-logo/,https://template.canva.com/EAE5kJ4WuZk/1/0/800w-T9GSg0rMA28.jpg,false,0009_EAE5kJ4WuZk.jpg,finance/images/0009_EAE5kJ4WuZk.jpg,2026-08-06T09:44:54.799Z
Finance,Banking & Finance,Finance,ocr,success,FINANCE | HOMES,EAE2llHWG48,Finance Homes Logo,https://www.canva.com/templates/EAE2llHWG48-finance-homes-logo/,https://template.canva.com/EAE2llHWG48/2/0/800w-V7kCG1LtoaE.jpg,false,0062_EAE2llHWG48.jpg,finance/images/0062_EAE2llHWG48.jpg,2026-08-06T09:45:53.794Z
Finance,Banking & Finance,Investaria,ocr,success,INVESTARIA | Finance,EAE2pK62p3U,Finance Logo,https://www.canva.com/templates/EAE2pK62p3U-finance-logo/,https://template.canva.com/EAE2pK62p3U/2/0/800w-O3xvPrhe-qk.jpg,false,0043_EAE2pK62p3U.jpg,finance/images/0043_EAE2pK62p3U.jpg,2026-08-06T09:45:34.203Z
Finance,Banking & Finance,Oe,ocr,success,OE | DREW FEIG | INVESTMENT,EAFG-QkzjxA,Financial Investment Logo,https://www.canva.com/templates/EAFG-QkzjxA-financial-investment-logo/,https://template.canva.com/EAFG-QkzjxA/1/0/800w-Apn0ecFHwGc.jpg,true,0089_EAFG-QkzjxA.jpg,finance/images/0089_EAFG-QkzjxA.jpg,2026-08-06T09:46:20.785Z
Finance,Banking & Finance,Real Estate,ocr,success,Real Estate | Corporate,EAFLbMyuTxY,Gold Minimalist Real Estate Logo,https://www.canva.com/templates/EAFLbMyuTxY-gold-minimalist-real-estate-logo/,https://template.canva.com/EAFLbMyuTxY/1/0/800w-B575fwjDXqw.jpg,true,0054_EAFLbMyuTxY.jpg,finance/images/0054_EAFLbMyuTxY.jpg,2026-08-06T09:45:44.074Z
Finance,Banking & Finance,Borcelle.Co,ocr,success,Borcelle.Co | Financial Company,EAEwLJtHnAk,Gold Yellow White Minimalist Insurance Logo,https://www.canva.com/templates/EAEwLJtHnAk-gold-yellow-white-minimalist-insurance-logo/,https://template.canva.com/EAEwLJtHnAk/2/0/800w-931HDXFwcSs.jpg,true,0076_EAEwLJtHnAk.jpg,finance/images/0076_EAEwLJtHnAk.jpg,2026-08-06T09:46:11.548Z
Finance,Banking & Finance,Larana.inc,ocr,success,LARANA.INC | Company,EAFE7ms4GIU,Gray and Black Minimalist Simple Professional Company Logo,https://www.canva.com/templates/EAFE7ms4GIU-gray-and-black-minimalist-simple-professional-company-logo/,https://template.canva.com/EAFE7ms4GIU/2/0/800w-Fpx9k6lVkPI.jpg,false,0001_EAFE7ms4GIU.jpg,finance/images/0001_EAFE7ms4GIU.jpg,2026-08-06T09:44:53.534Z
Finance,Banking & Finance,E-Wallet,ocr,success,E-WALLET | APPLICATION,EAEbYHVlaQU,Gray and Green E-Wallet Logo,https://www.canva.com/templates/EAEbYHVlaQU-gray-and-green-e-wallet-logo/,https://template.canva.com/EAEbYHVlaQU/1/0/800w-IJ9tAMr3IZ4.jpg,true,0079_EAEbYHVlaQU.jpg,finance/images/0079_EAEbYHVlaQU.jpg,2026-08-06T09:46:12.050Z
Finance,Banking & Finance,Sl,ocr,success,SL | BORCELLE | FINANCIAL,EAE9ruRlCSs,Gray minimalist financial Logo,https://www.canva.com/templates/EAE9ruRlCSs-gray-minimalist-financial-logo/,https://template.canva.com/EAE9ruRlCSs/1/0/800w-EwAEK0xQ8Qo.jpg,false,0044_EAE9ruRlCSs.jpg,finance/images/0044_EAE9ruRlCSs.jpg,2026-08-06T09:45:34.355Z
Finance,Banking & Finance,Woodlands,ocr,success,Woodlands | REAL ESTATE AGENT,EAE4JL3unVQ,Green and White Modern Real Estate Logo Template,https://www.canva.com/templates/EAE4JL3unVQ-green-and-white-modern-real-estate-logo-template/,https://template.canva.com/EAE4JL3unVQ/1/0/800w-GlxUh3cZHIE.jpg,false,0046_EAE4JL3unVQ.jpg,finance/images/0046_EAE4JL3unVQ.jpg,2026-08-06T09:45:42.698Z
Finance,Banking & Finance,Compass,ocr,success,COMPASS | REAL ESTATE AGENT,EAE4JFntzDs,Green and White Modern Real Estate Logo Template,https://www.canva.com/templates/EAE4JFntzDs-green-and-white-modern-real-estate-logo-template/,https://template.canva.com/EAE4JFntzDs/1/0/800w-Rqd9BTiBCbE.jpg,false,0052_EAE4JFntzDs.jpg,finance/images/0052_EAE4JFntzDs.jpg,2026-08-06T09:45:43.714Z
Finance,Banking & Finance,Gallego,ocr,success,GALLEGO | CORPORATION,EAFMbJoj01E,Green and Yellow Abstract Business Report Logo,https://www.canva.com/templates/EAFMbJoj01E-green-and-yellow-abstract-business-report-logo/,https://template.canva.com/EAFMbJoj01E/1/0/800w-9emHXPDzVOk.jpg,false,0092_EAFMbJoj01E.jpg,finance/images/0092_EAFMbJoj01E.jpg,2026-08-06T09:46:29.002Z
Finance,Banking & Finance,Wardiere Inc.,ocr,success,WARDIERE INC. | FINANCE,EAFWjSE2bGk,Green Gold Finance Elegant Luxury Logo,https://www.canva.com/templates/EAFWjSE2bGk-green-gold-finance-elegant-luxury-logo/,https://template.canva.com/EAFWjSE2bGk/1/0/800w-whbdZyxUv08.jpg,false,0027_EAFWjSE2bGk.jpg,finance/images/0027_EAFWjSE2bGk.jpg,2026-08-06T09:45:11.313Z
Finance,Banking & Finance,Green Bird,ocr,success,GREEN BIRD,EAE5eDwYDtE,Green Minimalist Bird Logo,https://www.canva.com/templates/EAE5eDwYDtE-green-minimalist-bird-logo/,https://template.canva.com/EAE5eDwYDtE/1/0/800w-58keBFzdKvE.jpg,false,0028_EAE5eDwYDtE.jpg,finance/images/0028_EAE5eDwYDtE.jpg,2026-08-06T09:45:18.810Z
Finance,Banking & Finance,Paucek & Lage,ocr,success,Paucek & Lage | CONSULTING,EAFGHiTLy8g,Green Minimalist Financial Consulting Firm Logo,https://www.canva.com/templates/EAFGHiTLy8g-green-minimalist-financial-consulting-firm-logo/,https://template.canva.com/EAFGHiTLy8g/1/0/800w-R6akw48HYSI.jpg,false,0020_EAFGHiTLy8g.jpg,finance/images/0020_EAFGHiTLy8g.jpg,2026-08-06T09:45:10.308Z
Finance,Banking & Finance,Money Bag,ocr,success,MONEY BAG | CASH TREASURE,EAFQqrsGfLA,Green Minimalist Money Bag Logo,https://www.canva.com/templates/EAFQqrsGfLA-green-minimalist-money-bag-logo/,https://template.canva.com/EAFQqrsGfLA/1/0/800w-bDPZEwaTqRM.jpg,true,0075_EAFQqrsGfLA.jpg,finance/images/0075_EAFQqrsGfLA.jpg,2026-08-06T09:46:11.356Z
Finance,Banking & Finance,Paperglobe,ocr,success,PAPERGLOBE | GEOGRAPHY,EAFOVlBrgZU,green minimalist paper globe logo design,https://www.canva.com/templates/EAFOVlBrgZU-green-minimalist-paper-globe-logo-design/,https://template.canva.com/EAFOVlBrgZU/1/0/800w-UD9jlvZPjJ0.jpg,true,0088_EAFOVlBrgZU.jpg,finance/images/0088_EAFOVlBrgZU.jpg,2026-08-06T09:46:20.638Z
Finance,Banking & Finance,Money Check,ocr,success,MONEY CHECK,EAFLv9qYRZc,green orange minimalist money check logo design,https://www.canva.com/templates/EAFLv9qYRZc-green-orange-minimalist-money-check-logo-design/,https://template.canva.com/EAFLv9qYRZc/1/0/800w-UHM7SmezV_g.jpg,true,0087_EAFLv9qYRZc.jpg,finance/images/0087_EAFLv9qYRZc.jpg,2026-08-06T09:46:20.495Z
Finance,Banking & Finance,Salford,ocr,success,SALFORD | REAL ESTATE,EAFX_nCJmnA,Green White Elegant Concept Design Real Estate Logo,https://www.canva.com/templates/EAFX_nCJmnA-green-white-elegant-concept-design-real-estate-logo/,https://template.canva.com/EAFX_nCJmnA/3/0/800w-jPJWQ2KQXPQ.jpg,false,0035_EAFX_nCJmnA.jpg,finance/images/0035_EAFX_nCJmnA.jpg,2026-08-06T09:45:19.830Z
Finance,Banking & Finance,Bailey Dupont,ocr,success,Bailey Dupont | BUSINESS CONSULTANT,EAFjj0vtpUs,Green White Geometric Modern Business Consultant Logo,https://www.canva.com/templates/EAFjj0vtpUs-green-white-geometric-modern-business-consultant-logo/,https://template.canva.com/EAFjj0vtpUs/1/0/800w-r9BTiOmx6Vw.jpg,false,0061_EAFjj0vtpUs.jpg,finance/images/0061_EAFjj0vtpUs.jpg,2026-08-06T09:45:53.645Z
Finance,Banking & Finance,Hosquare,ocr,success,HOSQUARE | HOTEL & RESORT,EAE-68hWKjk,Hosquare Simple Home Real Estate Property Logo,https://www.canva.com/templates/EAE-68hWKjk-hosquare-simple-home-real-estate-property-logo/,https://template.canva.com/EAE-68hWKjk/1/0/800w-v59o5kTyeJk.jpg,true,0070_EAE-68hWKjk.jpg,finance/images/0070_EAE-68hWKjk.jpg,2026-08-06T09:46:03.322Z
Finance,Banking & Finance,Creative,ocr,success,CREATIVE | ALPHABET,EAE5m1MCPn4,Initial letter wg logo or gw logo design template,https://www.canva.com/templates/EAE5m1MCPn4-initial-letter-wg-logo-or-gw-logo-design-template/,https://template.canva.com/EAE5m1MCPn4/1/0/800w-a6GA4lD_aJw.jpg,false,0023_EAE5m1MCPn4.jpg,finance/images/0023_EAE5m1MCPn4.jpg,2026-08-06T09:45:10.719Z
Finance,Banking & Finance,InvestCloud,ocr,success,InvestCloud | Consulting,EAE1PcikpgI,invest cloud logo,https://www.canva.com/templates/EAE1PcikpgI-invest-cloud-logo/,https://template.canva.com/EAE1PcikpgI/2/0/800w-3yTtaVHNgxk.jpg,false,0072_EAE1PcikpgI.jpg,finance/images/0072_EAE1PcikpgI.jpg,2026-08-06T09:46:03.671Z
Finance,Banking & Finance,Juliana Silva,ocr,success,JULIANA SILVA | FAMILY LAW,EAE397cyfNQ,Minimalist Line Justice Pillar Law Firm Logo,https://www.canva.com/templates/EAE397cyfNQ-minimalist-line-justice-pillar-law-firm-logo/,https://template.canva.com/EAE397cyfNQ/1/0/800w-deR4izZ7a8g.jpg,true,0098_EAE397cyfNQ.jpg,finance/images/0098_EAE397cyfNQ.jpg,2026-08-06T09:46:29.905Z
Finance,Banking & Finance,db,ocr,success,db | DAVIS & BENNETT,EAFIZ2GLvJ8,Navy Blue & Light Blue Minimalist Professional Typography Logo,https://www.canva.com/templates/EAFIZ2GLvJ8-navy-blue-light-blue-minimalist-professional-typography-logo/,https://template.canva.com/EAFIZ2GLvJ8/1/0/800w-e08iqNrnn7w.jpg,false,0012_EAFIZ2GLvJ8.jpg,finance/images/0012_EAFIZ2GLvJ8.jpg,2026-08-06T09:45:02.029Z
Finance,Banking & Finance,Martial Real,ocr,success,Martial Real | REAL ESTATE AGENT,EAE4JJSVycI,Orange and White Modern Real Estate Logo Template,https://www.canva.com/templates/EAE4JJSVycI-orange-and-white-modern-real-estate-logo-template/,https://template.canva.com/EAE4JJSVycI/1/0/800w-JdHA6C5Ys6I.jpg,false,0016_EAE4JJSVycI.jpg,finance/images/0016_EAE4JJSVycI.jpg,2026-08-06T09:45:02.715Z
Finance,Banking & Finance,Martial Real,ocr,success,Martial Real | REAL ESTATE AGENT,EAE4JG0stkE,Orange and White Modern Real Estate Logo Template,https://www.canva.com/templates/EAE4JG0stkE-orange-and-white-modern-real-estate-logo-template/,https://template.canva.com/EAE4JG0stkE/1/0/800w-iJ30yshw_dM.jpg,false,0021_EAE4JG0stkE.jpg,finance/images/0021_EAE4JG0stkE.jpg,2026-08-06T09:45:10.448Z
Finance,Banking & Finance,Financial,ocr,success,FINANCIAL | MINIMALIST,EAFLXvGzTlU,Orange Green Financial Logo,https://www.canva.com/templates/EAFLXvGzTlU-orange-green-financial-logo/,https://template.canva.com/EAFLXvGzTlU/1/0/800w-LTcamE9NDX8.jpg,true,0069_EAFLXvGzTlU.jpg,finance/images/0069_EAFLXvGzTlU.jpg,2026-08-06T09:46:03.030Z
Finance,Banking & Finance,Indextion,ocr,success,ESTD | 2020 | INDEXTION | FINANCE CONSULTANT,EAE80cylQiE,Orange Minimalist Financial Consultant Logo,https://www.canva.com/templates/EAE80cylQiE-orange-minimalist-financial-consultant-logo/,https://template.canva.com/EAE80cylQiE/1/0/800w-_sObuOnfv1k.jpg,true,0055_EAE80cylQiE.jpg,finance/images/0055_EAE80cylQiE.jpg,2026-08-06T09:45:52.635Z
Finance,Banking & Finance,Rocket,ocr,success,Rocket | FINANCE,EAFeUqKK7D8,Orange Yellow Modern Rocket Finance Logo,https://www.canva.com/templates/EAFeUqKK7D8-orange-yellow-modern-rocket-finance-logo/,https://template.canva.com/EAFeUqKK7D8/1/0/800w-g023VHSh1-I.jpg,true,0078_EAFeUqKK7D8.jpg,finance/images/0078_EAFeUqKK7D8.jpg,2026-08-06T09:46:11.868Z
Finance,Banking & Finance,Kimberly Nguyen,ocr,success,K | N | KIMBERLY NGUYEN,EAFGHU_L6sI,Pink Brown Elegant Minimalist Monogram Corporate Logo,https://www.canva.com/templates/EAFGHU_L6sI-pink-brown-elegant-minimalist-monogram-corporate-logo/,https://template.canva.com/EAFGHU_L6sI/2/0/800w-BnpIxorT8Pk.jpg,false,0041_EAFGHU_L6sI.jpg,finance/images/0041_EAFGHU_L6sI.jpg,2026-08-06T09:45:33.859Z
Finance,Banking & Finance,all,ocr,success,all | CHECK REAL | REAL ESTATE AGENT,EAE4JI8_fmQ,Purple and White Modern Real Estate Logo Template,https://www.canva.com/templates/EAE4JI8_fmQ-purple-and-white-modern-real-estate-logo-template/,https://template.canva.com/EAE4JI8_fmQ/1/0/800w-gIKAJs4zG3U.jpg,false,0015_EAE4JI8_fmQ.jpg,finance/images/0015_EAE4JI8_fmQ.jpg,2026-08-06T09:45:02.552Z
Finance,Banking & Finance,Focal Real,ocr,success,Focal Real | REAL ESTATE AGENT,EAE4JKV_n78,Purple and White Modern Real Estate Logo Template,https://www.canva.com/templates/EAE4JKV_n78-purple-and-white-modern-real-estate-logo-template/,https://template.canva.com/EAE4JKV_n78/1/0/800w-Us4mukms_u0.jpg,false,0038_EAE4JKV_n78.jpg,finance/images/0038_EAE4JKV_n78.jpg,2026-08-06T09:45:33.412Z
Finance,Banking & Finance,Payment,ocr,success,Fauget | Payment,EAFI2P6L6sU,Purple Modern Money Payment Service Logo,https://www.canva.com/templates/EAFI2P6L6sU-purple-modern-money-payment-service-logo/,https://template.canva.com/EAFI2P6L6sU/1/0/800w-UBF4UrnWFsY.jpg,false,0026_EAFI2P6L6sU.jpg,finance/images/0026_EAFI2P6L6sU.jpg,2026-08-06T09:45:11.171Z
Finance,Banking & Finance,Hewingsio,ocr,success,HEWINGSIO | BUSINESS SOLUTIONS,EAE-A40wShI,Red Modern Wing Business Solutions Company Logo,https://www.canva.com/templates/EAE-A40wShI-red-modern-wing-business-solutions-company-logo/,https://template.canva.com/EAE-A40wShI/1/0/800w-Z7DkcUjpHh4.jpg,true,0068_EAE-A40wShI.jpg,finance/images/0068_EAE-A40wShI.jpg,2026-08-06T09:46:02.762Z
Finance,Banking & Finance,Carolina Paramita,ocr,success,Carolina Paramita | Tax Consultant,EAE54b7y3no,Service Company Consultant Sleek Logo,https://www.canva.com/templates/EAE54b7y3no-service-company-consultant-sleek-logo/,https://template.canva.com/EAE54b7y3no/1/0/800w-Ps-4j4L5Ofw.jpg,false,0039_EAE54b7y3no.jpg,finance/images/0039_EAE54b7y3no.jpg,2026-08-06T09:45:33.558Z
Finance,Banking & Finance,Trading,ocr,success,Trading,EAE80sMT6bw,Simple Green Blue X Trading Logo,https://www.canva.com/templates/EAE80sMT6bw-simple-green-blue-x-trading-logo/,https://template.canva.com/EAE80sMT6bw/1/0/800w-pM_1VUw4qdQ.jpg,true,0094_EAE80sMT6bw.jpg,finance/images/0094_EAE80sMT6bw.jpg,2026-08-06T09:46:29.296Z
Finance,Banking & Finance,Roofhouse,ocr,success,ROOFHOUSE | REAL ESTATE,EAE9-ctuarQ,Simple Modern Home Real Estate Property Logo,https://www.canva.com/templates/EAE9-ctuarQ-simple-modern-home-real-estate-property-logo/,https://template.canva.com/EAE9-ctuarQ/1/0/800w-KNLGzDgwkTY.jpg,true,0077_EAE9-ctuarQ.jpg,finance/images/0077_EAE9-ctuarQ.jpg,2026-08-06T09:46:11.708Z
Finance,Banking & Finance,Solusindo,ocr,success,S | SOLUSINDO | TECHNOLOGY,EAE9ZbZ0u5s,Solusindo Brand Art Design Logo,https://www.canva.com/templates/EAE9ZbZ0u5s-solusindo-brand-art-design-logo/,https://template.canva.com/EAE9ZbZ0u5s/1/0/800w-dlE5t0iotPw.jpg,false,0013_EAE9ZbZ0u5s.jpg,finance/images/0013_EAE9ZbZ0u5s.jpg,2026-08-06T09:45:02.175Z
Finance,Banking & Finance,Betterlife,ocr,success,BETTERLIFE | INSURANCE,EAE0IzgAD4g,White and Blue Creative Betterlife Insurance Logo,https://www.canva.com/templates/EAE0IzgAD4g-white-and-blue-creative-betterlife-insurance-logo/,https://template.canva.com/EAE0IzgAD4g/1/0/800w-iyOC9Kdf8Pc.jpg,true,0056_EAE0IzgAD4g.jpg,finance/images/0056_EAE0IzgAD4g.jpg,2026-08-06T09:45:52.804Z
Finance,Banking & Finance,Unicon,ocr,success,UNICON | FINANCE CONSULTING,EAE-V504vIg,White Blue and Black Modern Finance Consulting Logo,https://www.canva.com/templates/EAE-V504vIg-white-blue-and-black-modern-finance-consulting-logo/,https://template.canva.com/EAE-V504vIg/1/0/800w-CUjuAlTgPMc.jpg,true,0064_EAE-V504vIg.jpg,finance/images/0064_EAE-V504vIg.jpg,2026-08-06T09:46:02.083Z
Finance,Banking & Finance,Maximo,ocr,success,MAXIMO | CRYPTOCURRENCY,EAEyUk6P2bo,Yellow Black White Modern Bitcoin Cryptocurrency Logo,https://www.canva.com/templates/EAEyUk6P2bo-yellow-black-white-modern-bitcoin-cryptocurrency-logo/,https://template.canva.com/EAEyUk6P2bo/1/0/800w-qmfx0Q5g2EQ.jpg,true,0100_EAEyUk6P2bo.jpg,finance/images/0100_EAEyUk6P2bo.jpg,2026-08-06T09:46:33.279Z
Finance,Banking & Finance,Real Estate,ocr,success,REAL ESTATE | PROPERTY,EAFMAmjrPb8,Yellow Blue Minimalist Real Estate Logo,https://www.canva.com/templates/EAFMAmjrPb8-yellow-blue-minimalist-real-estate-logo/,https://template.canva.com/EAFMAmjrPb8/1/0/800w-mDggCd3rEoU.jpg,true,0065_EAFMAmjrPb8.jpg,finance/images/0065_EAFMAmjrPb8.jpg,2026-08-06T09:46:02.250Z
Finance,Banking & Finance,Liceria Inc,ocr,success,LICERIA INC | TRADING,EAFL6Mlpyjk,Yellow Minimal Shopping List Logo,https://www.canva.com/templates/EAFL6Mlpyjk-yellow-minimal-shopping-list-logo/,https://template.canva.com/EAFL6Mlpyjk/1/0/800w-mdScmN83xcA.jpg,true,0095_EAFL6Mlpyjk.jpg,finance/images/0095_EAFL6Mlpyjk.jpg,2026-08-06T09:46:29.457Z
Finance,Banking & Finance,Salford,ocr,success,Salford | Investment Banking,EAFIkMwNnBA,Yellow Modern Investment Advisory and Banking Logo,https://www.canva.com/templates/EAFIkMwNnBA-yellow-modern-investment-advisory-and-banking-logo/,https://template.canva.com/EAFIkMwNnBA/1/0/800w-31bADlFzbLk.jpg,false,0007_EAFIkMwNnBA.jpg,finance/images/0007_EAFIkMwNnBA.jpg,2026-08-06T09:44:54.501Z
Geometry,Education & Literacy,School,ocr,success,SCHOOL | STANCHERY MARKET | EST. 2010,EAHQDLXGKLQ,Beige And Brown Minimalist School Market Logo,https://www.canva.com/templates/EAHQDLXGKLQ-beige-and-brown-minimalist-school-market-logo/,https://template.canva.com/EAHQDLXGKLQ/1/0/800w-3N7NTvqSSZs.jpg,true,0001_EAHQDLXGKLQ.jpg,geometry/images/0001_EAHQDLXGKLQ.jpg,2026-08-06T10:10:22.442Z
Grammar,Education & Literacy,mr Class,ocr,success,mr Class | WELCOME ENGLISH | Explorers | Meet | Ms. Carmela Austria | Bring the following | Pencil | English Notebook | English Book | Dictionary | Device | Get ready to learn English in a fun | and lively way,EAHJFrCGYRA,English Classroom Poster in Blue Illustrative Style,https://www.canva.com/templates/EAHJFrCGYRA-english-classroom-poster-in-blue-illustrative-style/,https://template.canva.com/EAHJFrCGYRA/2/0/800w-s3pAW-1ugoc.jpg,true,0001_EAHJFrCGYRA.jpg,grammar/images/0001_EAHJFrCGYRA.jpg,2026-08-06T10:10:45.704Z
Graphic Design,Graphic Design & Creative Services,Wardiere Inc,ocr,success,WARDIERE INC | your slogan here,EAE6Z11Sqns,Abstract Creative Graphic Design Logo Template,https://www.canva.com/templates/EAE6Z11Sqns-abstract-creative-graphic-design-logo-template/,https://template.canva.com/EAE6Z11Sqns/1/0/800w-s42mPGA3yMU.jpg,true,0051_EAE6Z11Sqns.jpg,graphic-design/images/0051_EAE6Z11Sqns.jpg,2026-08-06T09:57:21.217Z
Graphic Design,Graphic Design & Creative Services,Avery Davis,ocr,success,AVERY DAVIS | GRAPHIC DESIGN,EAE3tzSBqvI,Aesthetic,https://www.canva.com/templates/EAE3tzSBqvI-aesthetic/,https://template.canva.com/EAE3tzSBqvI/1/0/800w-1UttIPwX0Ek.jpg,true,0030_EAE3tzSBqvI.jpg,graphic-design/images/0030_EAE3tzSBqvI.jpg,2026-08-06T09:57:02.733Z
Graphic Design,Graphic Design & Creative Services,Cosmetics Store,ocr,success,COSMETICS STORE,EAFAmAQev08,Beauty Cosmetic Store Logo Design,https://www.canva.com/templates/EAFAmAQev08-beauty-cosmetic-store-logo-design/,https://template.canva.com/EAFAmAQev08/2/0/800w-z3Ke202nb7w.jpg,true,0004_EAFAmAQev08.jpg,graphic-design/images/0004_EAFAmAQev08.jpg,2026-08-06T09:56:30.158Z
Graphic Design,Graphic Design & Creative Services,School,ocr,success,SCHOOL | MARKET | STATIONERY MARKET,EAHRE5EpyR8,Black and White Minimalist School Logo,https://www.canva.com/templates/EAHRE5EpyR8-black-and-white-minimalist-school-logo/,https://template.canva.com/EAHRE5EpyR8/1/0/800w-GcDn1nKuZfM.jpg,true,0043_EAHRE5EpyR8.jpg,graphic-design/images/0043_EAHRE5EpyR8.jpg,2026-08-06T09:57:13.043Z
Graphic Design,Graphic Design & Creative Services,Studio Shodwe.,ocr,success,STUDIO SHODWE.,EAFL0Z8AGyU,Black Cream Minimalist Hand Draw Sun Logo,https://www.canva.com/templates/EAFL0Z8AGyU-black-cream-minimalist-hand-draw-sun-logo/,https://template.canva.com/EAFL0Z8AGyU/1/0/800w-9tMkxQUD7jE.jpg,true,0003_EAFL0Z8AGyU.jpg,graphic-design/images/0003_EAFL0Z8AGyU.jpg,2026-08-06T09:56:30.016Z
Graphic Design,Graphic Design & Creative Services,Engela,ocr,success,ENGELA | DESIGN STUDIO,EAEqzzbeVwA,Black Minimalist Simple Wing Design Studio Logo Template,https://www.canva.com/templates/EAEqzzbeVwA-black-minimalist-simple-wing-design-studio-logo-template/,https://template.canva.com/EAEqzzbeVwA/2/0/800w--LyX5-u9UgI.jpg,true,0007_EAEqzzbeVwA.jpg,graphic-design/images/0007_EAEqzzbeVwA.jpg,2026-08-06T09:56:30.593Z
Graphic Design,Graphic Design & Creative Services,Premium,ocr,success,CREATIVE GRAPHIC | PREMIUM | DESIGN STUDID,EAE7WP58zjM,Black Modern Graphic Design Studio Logo,https://www.canva.com/templates/EAE7WP58zjM-black-modern-graphic-design-studio-logo/,https://template.canva.com/EAE7WP58zjM/2/0/800w-hMpFRZ8GcD0.jpg,false,0021_EAE7WP58zjM.jpg,graphic-design/images/0021_EAE7WP58zjM.jpg,2026-08-06T09:56:49.305Z
Graphic Design,Graphic Design & Creative Services,Morgan Maxwell,ocr,success,M | Morgan Maxwell | DESIGNS,EAFGJfzOpms,Black White Grey Elegant Minimalist Modern Circle Border Logo,https://www.canva.com/templates/EAFGJfzOpms-black-white-grey-elegant-minimalist-modern-circle-border-logo/,https://template.canva.com/EAFGJfzOpms/1/0/800w--OUfRmxVO3o.jpg,false,0031_EAFGJfzOpms.jpg,graphic-design/images/0031_EAFGJfzOpms.jpg,2026-08-06T09:57:03.170Z
Graphic Design,Graphic Design & Creative Services,Studio Shodwe,ocr,success,Studio Shodwe | Digital Art Specialist,EAFfZBVVpx0,Blue and Black Modern Elegant Digital Art Logo,https://www.canva.com/templates/EAFfZBVVpx0-blue-and-black-modern-elegant-digital-art-logo/,https://template.canva.com/EAFfZBVVpx0/1/0/800w-JQ2Hq-zsxQg.jpg,false,0011_EAFfZBVVpx0.jpg,graphic-design/images/0011_EAFfZBVVpx0.jpg,2026-08-06T09:56:38.159Z
Graphic Design,Graphic Design & Creative Services,Marceline,ocr,success,MARCELINE | ANDERSON | GRAPHIC DESIGNER,EAE9yu9HtUk,Blue and White Graphic Designer Curved Text Logo,https://www.canva.com/templates/EAE9yu9HtUk-blue-and-white-graphic-designer-curved-text-logo/,https://template.canva.com/EAE9yu9HtUk/1/0/800w-8May9D3CHjc.jpg,false,0010_EAE9yu9HtUk.jpg,graphic-design/images/0010_EAE9yu9HtUk.jpg,2026-08-06T09:56:37.735Z
Graphic Design,Technology & Electronics,Alfredo Torres,ocr,success,ALFREDO TORRES | graphic design services,EAFEgTg8oLo,Blue Tech Line Art Designer Illustrated Modern Logo,https://www.canva.com/templates/EAFEgTg8oLo-blue-tech-line-art-designer-illustrated-modern-logo/,https://template.canva.com/EAFEgTg8oLo/1/0/800w-trm9IFmsWNo.jpg,false,0041_EAFEgTg8oLo.jpg,graphic-design/images/0041_EAFEgTg8oLo.jpg,2026-08-06T09:57:12.751Z
Graphic Design,Graphic Design & Creative Services,Avery Davis,ocr,success,EST. 2022 | AVERY DAVIS,EAE0szsMMJI,Boho Logo,https://www.canva.com/templates/EAE0szsMMJI-boho-logo/,https://template.canva.com/EAE0szsMMJI/1/0/800w-vrDyxpHH5q4.jpg,true,0016_EAE0szsMMJI.jpg,graphic-design/images/0016_EAE0szsMMJI.jpg,2026-08-06T09:56:39.593Z
Graphic Design,Graphic Design & Creative Services,Luxury,ocr,success,зн1 | LUXURY | HAIR STUDIO,EAE0sw3C6nw,Botanical Design,https://www.canva.com/templates/EAE0sw3C6nw-botanical-design/,https://template.canva.com/EAE0sw3C6nw/1/0/800w-rVARqEW5KnI.jpg,true,0036_EAE0sw3C6nw.jpg,graphic-design/images/0036_EAE0sw3C6nw.jpg,2026-08-06T09:57:04.366Z
Graphic Design,Graphic Design & Creative Services,abra defan,ocr,success,abra defan | GRAPHIC DESIGNER,EAFG_02BI0M,Brown Boho Graphic Designer Logo,https://www.canva.com/templates/EAFG_02BI0M-brown-boho-graphic-designer-logo/,https://template.canva.com/EAFG_02BI0M/1/0/800w-FSgPguzCsts.jpg,true,0025_EAFG_02BI0M.jpg,graphic-design/images/0025_EAFG_02BI0M.jpg,2026-08-06T09:56:50.216Z
Graphic Design,Graphic Design & Creative Services,Graphic Design,ocr,success,GRAPHIC DESIGN,EAEiNFw7Aa0,Brown Circle Initials Graphic Design Logo,https://www.canva.com/templates/EAEiNFw7Aa0-brown-circle-initials-graphic-design-logo/,https://template.canva.com/EAEiNFw7Aa0/1/0/800w-yaUInYBvYPc.jpg,true,0033_EAEiNFw7Aa0.jpg,graphic-design/images/0033_EAEiNFw7Aa0.jpg,2026-08-06T09:57:03.819Z
Graphic Design,Graphic Design & Creative Services,Avery,ocr,success,AVERY | 2 | DAVIS,EAE0a3WrgWc,Butterfly Logo,https://www.canva.com/templates/EAE0a3WrgWc-butterfly-logo/,https://template.canva.com/EAE0a3WrgWc/1/0/800w-EZdeJQBmn2A.jpg,true,0047_EAE0a3WrgWc.jpg,graphic-design/images/0047_EAE0a3WrgWc.jpg,2026-08-06T09:57:20.617Z
Graphic Design,Graphic Design & Creative Services,Ad,ocr,success,AD | design | studio,EAE0s47biSM,Circle Logo,https://www.canva.com/templates/EAE0s47biSM-circle-logo/,https://template.canva.com/EAE0s47biSM/1/0/800w-pcOCBI2ah8c.jpg,true,0029_EAE0s47biSM.jpg,graphic-design/images/0029_EAE0s47biSM.jpg,2026-08-06T09:57:02.358Z
Graphic Design,Graphic Design & Creative Services,The fair,ocr,success,The fair | STUDIO,EAE3zSmIIJY,Cursive Logo,https://www.canva.com/templates/EAE3zSmIIJY-cursive-logo/,https://template.canva.com/EAE3zSmIIJY/1/0/800w-CEfvGhi-XgM.jpg,true,0040_EAE3zSmIIJY.jpg,graphic-design/images/0040_EAE3zSmIIJY.jpg,2026-08-06T09:57:12.602Z
Graphic Design,Graphic Design & Creative Services,Fauget,ocr,success,FAUGET | GRAPHIC DESIGN,EAE27Te0fS8,eige Minimelist Illustrated Graphic Design Logo,https://www.canva.com/templates/EAE27Te0fS8-eige-minimelist-illustrated-graphic-design-logo/,https://template.canva.com/EAE27Te0fS8/1/0/800w-QdhfxjF1g6c.jpg,true,0017_EAE27Te0fS8.jpg,graphic-design/images/0017_EAE27Te0fS8.jpg,2026-08-06T09:56:40.046Z
Graphic Design,Graphic Design & Creative Services,SARAH'S boutique,ocr,success,SARAH'S boutique | EST | 2021,EAEYL_5PkIY,Feminine Modern Fashion Boutique Logo,https://www.canva.com/templates/EAEYL_5PkIY-feminine-modern-fashion-boutique-logo/,https://template.canva.com/EAEYL_5PkIY/3/0/800w-e8HL4hA-b2o.jpg,true,0008_EAEYL_5PkIY.jpg,graphic-design/images/0008_EAEYL_5PkIY.jpg,2026-08-06T09:56:30.763Z
Graphic Design,Graphic Design & Creative Services,Rolished In Soo,ocr,success,graphic | design | ROLISHED IN SOO,EAE217ehP6g,Floral Logo,https://www.canva.com/templates/EAE217ehP6g-floral-logo/,https://template.canva.com/EAE217ehP6g/1/0/800w-UNEHWjL6KAM.jpg,true,0028_EAE217ehP6g.jpg,graphic-design/images/0028_EAE217ehP6g.jpg,2026-08-06T09:57:01.973Z
Graphic Design,Graphic Design & Creative Services,Avery Davis,ocr,success,AVERY DAVIS | GRAPHIC DESIGN,EAE0xZAvQVA,FLoral Logo,https://www.canva.com/templates/EAE0xZAvQVA-floral-logo/,https://template.canva.com/EAE0xZAvQVA/1/0/800w-tdseDbseGGk.jpg,true,0048_EAE0xZAvQVA.jpg,graphic-design/images/0048_EAE0xZAvQVA.jpg,2026-08-06T09:57:20.760Z
Graphic Design,Graphic Design & Creative Services,wild heart inc.,ocr,success,wild heart inc. | GRAPHIC DESIGN,EAE05AqIPBE,Heart Logo,https://www.canva.com/templates/EAE05AqIPBE-heart-logo/,https://template.canva.com/EAE05AqIPBE/1/0/800w-zuLP09W2n8A.jpg,true,0056_EAE05AqIPBE.jpg,graphic-design/images/0056_EAE05AqIPBE.jpg,2026-08-06T09:57:26.698Z
Graphic Design,Graphic Design & Creative Services,Brewer,ocr,success,1987 | cOFFEE | BREWER,EAEeqJLtsHQ,Illustrated V60 Coffee Brewer Logo in 3 Styles,https://www.canva.com/templates/EAEeqJLtsHQ-illustrated-v60-coffee-brewer-logo-in-3-styles/,https://template.canva.com/EAEeqJLtsHQ/1/0/800w-deZGzQT3TWE.jpg,true,0026_EAEeqJLtsHQ.jpg,graphic-design/images/0026_EAEeqJLtsHQ.jpg,2026-08-06T09:56:50.515Z
Graphic Design,Graphic Design & Creative Services,Ad,ocr,success,AD | GRAPHIC DESIGN,EAE28U5sE9g,Initials Logo,https://www.canva.com/templates/EAE28U5sE9g-initials-logo/,https://template.canva.com/EAE28U5sE9g/1/0/800w-RFoQb1CktKY.jpg,true,0014_EAE28U5sE9g.jpg,graphic-design/images/0014_EAE28U5sE9g.jpg,2026-08-06T09:56:38.866Z
Graphic Design,Graphic Design & Creative Services,Avery Davis,ocr,success,AVERY DAVIS | PHOTOGRAPHY,EAE1Ec4taw4,Logo,https://www.canva.com/templates/EAE1Ec4taw4-logo/,https://template.canva.com/EAE1Ec4taw4/1/0/800w-w_L9Qfhf5y0.jpg,true,0006_EAE1Ec4taw4.jpg,graphic-design/images/0006_EAE1Ec4taw4.jpg,2026-08-06T09:56:30.449Z
Graphic Design,Graphic Design & Creative Services,graphic .,ocr,success,AVER DAVIS | graphic .,EAE3_wF98as,Logo,https://www.canva.com/templates/EAE3_wF98as-logo/,https://template.canva.com/EAE3_wF98as/1/0/800w-OR_Epsq6Ux0.jpg,true,0013_EAE3_wF98as.jpg,graphic-design/images/0013_EAE3_wF98as.jpg,2026-08-06T09:56:38.596Z
Graphic Design,Graphic Design & Creative Services,Avery Davis,ocr,success,AVERY DAVIS | GRAPHIC DESIGN,EAE3zQ76KI4,Logo,https://www.canva.com/templates/EAE3zQ76KI4-logo/,https://template.canva.com/EAE3zQ76KI4/1/0/800w-DTRao4tuhCo.jpg,true,0015_EAE3zQ76KI4.jpg,graphic-design/images/0015_EAE3zQ76KI4.jpg,2026-08-06T09:56:39.216Z
Graphic Design,Advertising & Marketing,Rk,ocr,success,RK | marketing,EAE2941YQMU,Logo,https://www.canva.com/templates/EAE2941YQMU-logo/,https://template.canva.com/EAE2941YQMU/1/0/800w-nPzf4u6Gjcs.jpg,true,0045_EAE2941YQMU.jpg,graphic-design/images/0045_EAE2941YQMU.jpg,2026-08-06T09:57:13.328Z
Graphic Design,Graphic Design & Creative Services,Avery Davis,ocr,success,AVERY DAVIS | grapeni | свідн | EST. 2021,EAE21-gbgtE,Logo,https://www.canva.com/templates/EAE21-gbgtE-logo/,https://template.canva.com/EAE21-gbgtE/1/0/800w-xCKRYbQjRls.jpg,true,0054_EAE21-gbgtE.jpg,graphic-design/images/0054_EAE21-gbgtE.jpg,2026-08-06T09:57:21.898Z
Graphic Design,Graphic Design & Creative Services,Amelia,ocr,success,AMELIA,EAE5ID8yi6E,Minimal Black Typography Logo,https://www.canva.com/templates/EAE5ID8yi6E-minimal-black-typography-logo/,https://template.canva.com/EAE5ID8yi6E/1/0/800w-h7C3Th-FUkg.jpg,true,0009_EAE5ID8yi6E.jpg,graphic-design/images/0009_EAE5ID8yi6E.jpg,2026-08-06T09:56:30.940Z
Graphic Design,Graphic Design & Creative Services,Amelia's Designs,ocr,success,Amelia's Designs,EAEtg--i7XU,Minimalist Boho Logo for Graphic Designs and Creative Artists,https://www.canva.com/templates/EAEtg--i7XU-minimalist-boho-logo-for-graphic-designs-and-creative-artists/,https://template.canva.com/EAEtg--i7XU/1/0/800w-RdLMJbGM8LI.jpg,true,0024_EAEtg--i7XU.jpg,graphic-design/images/0024_EAEtg--i7XU.jpg,2026-08-06T09:56:49.999Z
Graphic Design,Graphic Design & Creative Services,Seven,ocr,success,SEVEN | GRAPHIC DESIGN,EAE2oRu9mxs,Minimalist Design Studio Logo,https://www.canva.com/templates/EAE2oRu9mxs-minimalist-design-studio-logo/,https://template.canva.com/EAE2oRu9mxs/1/0/800w-j0YY7GnVJG0.jpg,false,0042_EAE2oRu9mxs.jpg,graphic-design/images/0042_EAE2oRu9mxs.jpg,2026-08-06T09:57:12.905Z
Graphic Design,Graphic Design & Creative Services,Wild Souls,ocr,success,WILD SOULS,EAEmImLISQg,Minimalist Feminine Logo,https://www.canva.com/templates/EAEmImLISQg-minimalist-feminine-logo/,https://template.canva.com/EAEmImLISQg/2/0/800w-vTNObi42ORY.jpg,true,0023_EAEmImLISQg.jpg,graphic-design/images/0023_EAEmImLISQg.jpg,2026-08-06T09:56:49.765Z
Graphic Design,Graphic Design & Creative Services,Olive Studio,ocr,success,OLIVE STUDIO | CREATIVE CROUP,EAE6uRFH7WU,Modern design studio logo design,https://www.canva.com/templates/EAE6uRFH7WU-modern-design-studio-logo-design/,https://template.canva.com/EAE6uRFH7WU/2/0/800w-UbazQUu4Xe8.jpg,true,0037_EAE6uRFH7WU.jpg,graphic-design/images/0037_EAE6uRFH7WU.jpg,2026-08-06T09:57:12.186Z
Graphic Design,Graphic Design & Creative Services,Ationer,ocr,success,ATIONER,EAE7MLmRTSc,Modern Flower Stationery Store Circle Logo,https://www.canva.com/templates/EAE7MLmRTSc-modern-flower-stationery-store-circle-logo/,https://template.canva.com/EAE7MLmRTSc/1/0/800w-Cb-UYjkZBKo.jpg,true,0052_EAE7MLmRTSc.jpg,graphic-design/images/0052_EAE7MLmRTSc.jpg,2026-08-06T09:57:21.398Z
Graphic Design,Graphic Design & Creative Services,Mk,ocr,success,MK | WEB DESIGNS,EAE17wgC0Z8,Modern Logo,https://www.canva.com/templates/EAE17wgC0Z8-modern-logo/,https://template.canva.com/EAE17wgC0Z8/1/0/800w-PKDjc8i6iqc.jpg,true,0057_EAE17wgC0Z8.jpg,graphic-design/images/0057_EAE17wgC0Z8.jpg,2026-08-06T09:57:26.925Z
Graphic Design,Graphic Design & Creative Services,Wardiere,ocr,success,WARDIERE | CREATIVE STUDIO,EAFI4RtywkA,Navy Modern Creative Studio Logo,https://www.canva.com/templates/EAFI4RtywkA-navy-modern-creative-studio-logo/,https://template.canva.com/EAFI4RtywkA/1/0/800w-66OleS9xvac.jpg,true,0034_EAFI4RtywkA.jpg,graphic-design/images/0034_EAFI4RtywkA.jpg,2026-08-06T09:57:04.042Z
Graphic Design,Graphic Design & Creative Services,He Maria Kata,ocr,success,HE MARIA KATA,EAEiT0piy-w,Neutral Cream Graphic Design Logo,https://www.canva.com/templates/EAEiT0piy-w-neutral-cream-graphic-design-logo/,https://template.canva.com/EAEiT0piy-w/1/0/800w-J-Zkz0PXl4U.jpg,true,0046_EAEiT0piy-w.jpg,graphic-design/images/0046_EAEiT0piy-w.jpg,2026-08-06T09:57:20.475Z
Graphic Design,Graphic Design & Creative Services,Helene Paquet,ocr,success,Helene Paquet | PAINTER & SCULPTOR,EAFQcmMWOhQ,Painter & Sculptor Artist Personal Logo,https://www.canva.com/templates/EAFQcmMWOhQ-painter-sculptor-artist-personal-logo/,https://template.canva.com/EAFQcmMWOhQ/1/0/800w-Nc4b2GAZxoo.jpg,true,0005_EAFQcmMWOhQ.jpg,graphic-design/images/0005_EAFQcmMWOhQ.jpg,2026-08-06T09:56:30.303Z
Graphic Design,Graphic Design & Creative Services,Swill Flame,ocr,success,SWILL FLAME | TATTOO STUDIO,EAE2h3iIEcw,Pink and White Skull Flower Logo,https://www.canva.com/templates/EAE2h3iIEcw-pink-and-white-skull-flower-logo/,https://template.canva.com/EAE2h3iIEcw/1/0/800w-Q7Ty8aJ1FzE.jpg,true,0049_EAE2h3iIEcw.jpg,graphic-design/images/0049_EAE2h3iIEcw.jpg,2026-08-06T09:57:20.925Z
Graphic Design,Graphic Design & Creative Services,Unknown EAFBFwese34,ocr_failed,success,,EAFBFwese34,Pink Simple Watercolor Ornament Classical Calligraphy Script Vignette Stroke J S Personal Brand Logos,https://www.canva.com/templates/EAFBFwese34-pink-simple-watercolor-ornament-classical-calligraphy-script-vignette-stroke-j-s-personal-brand-logos/,https://template.canva.com/EAFBFwese34/1/0/800w-wuiUj74rhZw.jpg,true,0035_EAFBFwese34.jpg,graphic-design/images/0035_EAFBFwese34.jpg,2026-08-06T09:57:04.210Z
Graphic Design,Graphic Design & Creative Services,Smile,ocr,success,SMILE | CREATIVE STUDIO,EAFCRrEBYWM,Playful & Fun Creative Studio Logo Design,https://www.canva.com/templates/EAFCRrEBYWM-playful-fun-creative-studio-logo-design/,https://template.canva.com/EAFCRrEBYWM/1/0/800w-cyXcpUwiik8.jpg,true,0012_EAFCRrEBYWM.jpg,graphic-design/images/0012_EAFCRrEBYWM.jpg,2026-08-06T09:56:38.395Z
Graphic Design,Advertising & Marketing,Dafmerston,ocr,success,Adeine | Dafmerston,EAFK9wC5LTc,Professional Photography Design Marketing Branding Logo,https://www.canva.com/templates/EAFK9wC5LTc-professional-photography-design-marketing-branding-logo/,https://template.canva.com/EAFK9wC5LTc/1/0/800w-mYZwI7YP6T8.jpg,false,0032_EAFK9wC5LTc.jpg,graphic-design/images/0032_EAFK9wC5LTc.jpg,2026-08-06T09:57:03.603Z
Graphic Design,Graphic Design & Creative Services,Depp,ocr,success,Depp | Museum | Of Art,EAEpeutujXM,Simple Modern Abstract Gradient Cube Art Museum Logo,https://www.canva.com/templates/EAEpeutujXM-simple-modern-abstract-gradient-cube-art-museum-logo/,https://template.canva.com/EAEpeutujXM/1/0/800w-dqh8MFQccTo.jpg,false,0022_EAEpeutujXM.jpg,graphic-design/images/0022_EAEpeutujXM.jpg,2026-08-06T09:56:49.543Z
Graphic Design,Graphic Design & Creative Services,Olivia,ocr,success,OLIVIA,EAE5IDCvy3w,Simple Modern Landscape Photography Logo,https://www.canva.com/templates/EAE5IDCvy3w-simple-modern-landscape-photography-logo/,https://template.canva.com/EAE5IDCvy3w/1/0/800w-zv-C1gAx9XM.jpg,true,0018_EAE5IDCvy3w.jpg,graphic-design/images/0018_EAE5IDCvy3w.jpg,2026-08-06T09:56:40.485Z
Graphic Design,Graphic Design & Creative Services,Graphic,ocr,success,RILLEY | GRAPHIC | DESIGN | 2009,EAEgyA2iAI4,Simple Pink Graphic Design Agency Logo,https://www.canva.com/templates/EAEgyA2iAI4-simple-pink-graphic-design-agency-logo/,https://template.canva.com/EAEgyA2iAI4/2/0/800w-heghOzQdeO0.jpg,true,0027_EAEgyA2iAI4.jpg,graphic-design/images/0027_EAEgyA2iAI4.jpg,2026-08-06T09:56:50.812Z
Graphic Design,Graphic Design & Creative Services,Graphic Design,ocr,success,GRAPHIC DESIGN,EAE3t12Adys,Simplistic Logo,https://www.canva.com/templates/EAE3t12Adys-simplistic-logo/,https://template.canva.com/EAE3t12Adys/1/0/800w-CBpVO4I7eVA.jpg,true,0038_EAE3t12Adys.jpg,graphic-design/images/0038_EAE3t12Adys.jpg,2026-08-06T09:57:12.324Z
Graphic Design,Graphic Design & Creative Services,Graphic,ocr,success,A | D | DESIGN | GRAPHIC,EAE33qZyVgA,Simplistic Logo,https://www.canva.com/templates/EAE33qZyVgA-simplistic-logo/,https://template.canva.com/EAE33qZyVgA/1/0/800w-tvxTvd1szNU.jpg,true,0044_EAE33qZyVgA.jpg,graphic-design/images/0044_EAE33qZyVgA.jpg,2026-08-06T09:57:13.183Z
Graphic Design,Graphic Design & Creative Services,art,ocr,success,art | design • workspace | est. 2022,EAFC2ddpkUw,Soft Minimalist Art Shop Logo,https://www.canva.com/templates/EAFC2ddpkUw-soft-minimalist-art-shop-logo/,https://template.canva.com/EAFC2ddpkUw/1/0/800w-z2GbR0B3dj8.jpg,false,0020_EAFC2ddpkUw.jpg,graphic-design/images/0020_EAFC2ddpkUw.jpg,2026-08-06T09:56:49.013Z
Graphic Design,Graphic Design & Creative Services,Studio Shodwe,ocr,success,STUDIO SHODWE | YOUR SLOGAN | HERE,EAE6ZysgdoI,Studio Shodwe Creative Logo Design Template,https://www.canva.com/templates/EAE6ZysgdoI-studio-shodwe-creative-logo-design-template/,https://template.canva.com/EAE6ZysgdoI/1/0/800w-IPMy8RVrzPI.jpg,true,0053_EAE6ZysgdoI.jpg,graphic-design/images/0053_EAE6ZysgdoI.jpg,2026-08-06T09:57:21.553Z
Graphic Design,Graphic Design & Creative Services,Avery Davis,ocr,success,AVERY DAVIS | GRAPHIC DESIGN,EAE1EeZe4Gk,Sun Logo,https://www.canva.com/templates/EAE1EeZe4Gk-sun-logo/,https://template.canva.com/EAE1EeZe4Gk/1/0/800w-Y8RKO7L1mu4.jpg,true,0019_EAE1EeZe4Gk.jpg,graphic-design/images/0019_EAE1EeZe4Gk.jpg,2026-08-06T09:56:48.748Z
Graphic Design,Graphic Design & Creative Services,Avery Davis,ocr,success,AVERY DAVIS | EST. 2022,EAE0a6EvS5A,Sun Logo,https://www.canva.com/templates/EAE0a6EvS5A-sun-logo/,https://template.canva.com/EAE0a6EvS5A/1/0/800w-ZPBx5HtUMfQ.jpg,true,0050_EAE0a6EvS5A.jpg,graphic-design/images/0050_EAE0a6EvS5A.jpg,2026-08-06T09:57:21.071Z
Graphic Design,Graphic Design & Creative Services,Bailey,ocr,success,BAILEY | ESTD | 2822 | DUPONT | Graphic Design,EAE-Q-q73Ig,Tan and Brown Vintage Elegant Design Logo,https://www.canva.com/templates/EAE-Q-q73Ig-tan-and-brown-vintage-elegant-design-logo/,https://template.canva.com/EAE-Q-q73Ig/1/0/800w-P1wKd-qKf6U.jpg,false,0001_EAE-Q-q73Ig.jpg,graphic-design/images/0001_EAE-Q-q73Ig.jpg,2026-08-06T09:56:29.676Z
Graphic Design,Graphic Design & Creative Services,Unlimited,ocr,success,THYNK | UNLIMITED,EAE6eM7SrVA,Thynk Unlimited Yellow Minimal Geometry Logo Template,https://www.canva.com/templates/EAE6eM7SrVA-thynk-unlimited-yellow-minimal-geometry-logo-template/,https://template.canva.com/EAE6eM7SrVA/1/0/800w-0E9kU1vdJYY.jpg,true,0055_EAE6eM7SrVA.jpg,graphic-design/images/0055_EAE6eM7SrVA.jpg,2026-08-06T09:57:26.456Z
Graphic Design,Graphic Design & Creative Services,mystical,ocr,success,ESt. | 202 | mystical | PRINTS,EAEaI3Sb5WU,Two Hands Line Art Style Mystical Prints Logo,https://www.canva.com/templates/EAEaI3Sb5WU-two-hands-line-art-style-mystical-prints-logo/,https://template.canva.com/EAEaI3Sb5WU/1/0/800w-QUxs890e8IM.jpg,true,0039_EAEaI3Sb5WU.jpg,graphic-design/images/0039_EAEaI3Sb5WU.jpg,2026-08-06T09:57:12.464Z
Graphic Design,Graphic Design & Creative Services,graphic.design,ocr,success,graphic.design,EAFCdgvvnYI,White Modern Graphic Design Logo,https://www.canva.com/templates/EAFCdgvvnYI-white-modern-graphic-design-logo/,https://template.canva.com/EAFCdgvvnYI/1/0/800w-XAAb3ftCcMc.jpg,true,0002_EAFCdgvvnYI.jpg,graphic-design/images/0002_EAFCdgvvnYI.jpg,2026-08-06T09:56:29.876Z
Literacy,Education & Literacy,Ajagruti,ocr,success,AJAGRUTI | PRIVATE TUITIONS,EAEv2bChruc,Black and Bright Yellow Modern Education Logo,https://www.canva.com/templates/EAEv2bChruc-black-and-bright-yellow-modern-education-logo/,https://template.canva.com/EAEv2bChruc/1/0/800w-WHUTJOPW5bc.jpg,false,0037_EAEv2bChruc.jpg,literacy/images/0037_EAEv2bChruc.jpg,2026-08-06T09:54:07.870Z
Literacy,Education & Literacy,Abacus,ocr,success,ABACUS | SENIRH,EAEv2cIDJ9o,Black and Brown Modern Education Logo,https://www.canva.com/templates/EAEv2cIDJ9o-black-and-brown-modern-education-logo/,https://template.canva.com/EAEv2cIDJ9o/1/0/800w-X0DcSZPjQWQ.jpg,false,0030_EAEv2cIDJ9o.jpg,literacy/images/0030_EAEv2cIDJ9o.jpg,2026-08-06T09:53:59.706Z
Literacy,Education & Literacy,Museum,ocr,success,ANTRIKSH | MUSEUM | SPACE FOR KIDS,EAEv2fhH2Ok,Black and Gold Modern Education Logo,https://www.canva.com/templates/EAEv2fhH2Ok-black-and-gold-modern-education-logo/,https://template.canva.com/EAEv2fhH2Ok/1/0/800w-dFLjNYAx0tI.jpg,false,0012_EAEv2fhH2Ok.jpg,literacy/images/0012_EAEv2fhH2Ok.jpg,2026-08-06T09:53:40.615Z
Literacy,Education & Literacy,daffodil,ocr,success,daffodil | PARE PRIMARY SCHOO,EAEv2YwWtGg,Black and Marigold Modern Education Logo,https://www.canva.com/templates/EAEv2YwWtGg-black-and-marigold-modern-education-logo/,https://template.canva.com/EAEv2YwWtGg/1/0/800w-aBgMrhtLCRY.jpg,false,0068_EAEv2YwWtGg.jpg,literacy/images/0068_EAEv2YwWtGg.jpg,2026-08-06T09:54:43.857Z
Literacy,Education & Literacy,Sew,ocr,success,SEW | TAILORING CLASSES,EAEv2d6X0AQ,Black and Pink Modern Education Logo,https://www.canva.com/templates/EAEv2d6X0AQ-black-and-pink-modern-education-logo/,https://template.canva.com/EAEv2d6X0AQ/1/0/800w-XiYvD8KCsRc.jpg,false,0064_EAEv2d6X0AQ.jpg,literacy/images/0064_EAEv2d6X0AQ.jpg,2026-08-06T09:54:43.214Z
Literacy,Education & Literacy,natkhat,ocr,success,natkhat | DANCE ACADEMY,EAEv2SSM-gs,Black and White Modern Education Logo,https://www.canva.com/templates/EAEv2SSM-gs-black-and-white-modern-education-logo/,https://template.canva.com/EAEv2SSM-gs/1/0/800w-LQlqj2lkiSU.jpg,false,0002_EAEv2SSM-gs.jpg,literacy/images/0002_EAEv2SSM-gs.jpg,2026-08-06T09:53:25.254Z
Literacy,Music & Entertainment,Music Classes,ocr,success,MUSIC CLASSES,EAEv2otaen8,Black and White Modern Education Logo,https://www.canva.com/templates/EAEv2otaen8-black-and-white-modern-education-logo/,https://template.canva.com/EAEv2otaen8/1/0/800w-SG3zkA3zxY4.jpg,false,0025_EAEv2otaen8.jpg,literacy/images/0025_EAEv2otaen8.jpg,2026-08-06T09:53:51.501Z
Literacy,Education & Literacy,Istory Want,ocr,success,TIHAAAAS | ISTORY WANT | KNOW THE HISTORY OF YOUR CITY,EAEv2bVzQyk,Black and White Modern Education Logo,https://www.canva.com/templates/EAEv2bVzQyk-black-and-white-modern-education-logo/,https://template.canva.com/EAEv2bVzQyk/1/0/800w-Ye7ZOqf3wpY.jpg,false,0041_EAEv2bVzQyk.jpg,literacy/images/0041_EAEv2bVzQyk.jpg,2026-08-06T09:54:08.563Z
Literacy,Education & Literacy,Book,ocr,success,BOOK | STORE,EAGsKXrl0sA,Black Gold Simple Book Store Logo,https://www.canva.com/templates/EAGsKXrl0sA-black-gold-simple-book-store-logo/,https://template.canva.com/EAGsKXrl0sA/1/0/800w-jAs9gmS0hCo.jpg,false,0001_EAGsKXrl0sA.jpg,literacy/images/0001_EAGsKXrl0sA.jpg,2026-08-06T09:53:24.973Z
Literacy,Education & Literacy,concept,ocr,success,concept | ENGLISH | TUTORIALS,EAEv2eA9wTg,Black Modern Education Logo,https://www.canva.com/templates/EAEv2eA9wTg-black-modern-education-logo/,https://template.canva.com/EAEv2eA9wTg/1/0/800w-7hB-B-sU24w.jpg,false,0021_EAEv2eA9wTg.jpg,literacy/images/0021_EAEv2eA9wTg.jpg,2026-08-06T09:53:50.941Z
Literacy,Education & Literacy,Mates,ocr,success,Thaper | s | sir | Mates | Chess | Classes,EAEv2qLCWmw,Black Modern Education Logo,https://www.canva.com/templates/EAEv2qLCWmw-black-modern-education-logo/,https://template.canva.com/EAEv2qLCWmw/1/0/800w-YToKo9craeQ.jpg,false,0038_EAEv2qLCWmw.jpg,literacy/images/0038_EAEv2qLCWmw.jpg,2026-08-06T09:54:08.095Z
Literacy,Education & Literacy,Sk,ocr,success,SK | publishers,EAEv2dcKB5E,Black Modern Education Logo,https://www.canva.com/templates/EAEv2dcKB5E-black-modern-education-logo/,https://template.canva.com/EAEv2dcKB5E/1/0/800w-18ZRyRE1W3M.jpg,false,0067_EAEv2dcKB5E.jpg,literacy/images/0067_EAEv2dcKB5E.jpg,2026-08-06T09:54:43.696Z
Literacy,Education & Literacy,Space,ocr,success,SPACE | STUDY CIRCLE,EAEv2kIOzsc,Black Orange Modern Education Logo,https://www.canva.com/templates/EAEv2kIOzsc-black-orange-modern-education-logo/,https://template.canva.com/EAEv2kIOzsc/1/0/800w-o8g204iF7O8.jpg,false,0017_EAEv2kIOzsc.jpg,literacy/images/0017_EAEv2kIOzsc.jpg,2026-08-06T09:53:41.418Z
Literacy,Education & Literacy,Fx,ocr,success,FX | EST.2025 | INDIA,EAEv2mk2Zbg,Charcoal Modern Education Logo,https://www.canva.com/templates/EAEv2mk2Zbg-charcoal-modern-education-logo/,https://template.canva.com/EAEv2mk2Zbg/1/0/800w-m0FErHdZGn0.jpg,false,0006_EAEv2mk2Zbg.jpg,literacy/images/0006_EAEv2mk2Zbg.jpg,2026-08-06T09:53:26.438Z
Literacy,Education & Literacy,salza,ocr,success,salza | ART HISTORY,EAEv2WWuwRA,Cobalt and Brown Modern Education Logo,https://www.canva.com/templates/EAEv2WWuwRA-cobalt-and-brown-modern-education-logo/,https://template.canva.com/EAEv2WWuwRA/1/0/800w-IZ6KazPlWUs.jpg,false,0032_EAEv2WWuwRA.jpg,literacy/images/0032_EAEv2WWuwRA.jpg,2026-08-06T09:54:00.039Z
Literacy,Education & Literacy,kitaab,ocr,success,kitaab | khazaanah,EAEv2Z4jTH0,Cobalt and Orange Modern Education Logo,https://www.canva.com/templates/EAEv2Z4jTH0-cobalt-and-orange-modern-education-logo/,https://template.canva.com/EAEv2Z4jTH0/1/0/800w-ea7nGd1JJo8.jpg,false,0058_EAEv2Z4jTH0.jpg,literacy/images/0058_EAEv2Z4jTH0.jpg,2026-08-06T09:54:34.491Z
Literacy,Education & Literacy,Dk,ocr,success,DK | DEEP KISOR | EDUCATOR,EAEv2SYl-aU,Cobalt Modern Education Logo,https://www.canva.com/templates/EAEv2SYl-aU-cobalt-modern-education-logo/,https://template.canva.com/EAEv2SYl-aU/1/0/800w-KmwD2B-_SFo.jpg,false,0069_EAEv2SYl-aU.jpg,literacy/images/0069_EAEv2SYl-aU.jpg,2026-08-06T09:54:44.006Z
Literacy,Education & Literacy,Vaani,ocr,success,VAANI | Institute of | languages,EAEv2Rg2Vak,Cyan and Scarlet Modern Education Logo,https://www.canva.com/templates/EAEv2Rg2Vak-cyan-and-scarlet-modern-education-logo/,https://template.canva.com/EAEv2Rg2Vak/1/0/800w-Fyk1P6CwHC8.jpg,false,0018_EAEv2Rg2Vak.jpg,literacy/images/0018_EAEv2Rg2Vak.jpg,2026-08-06T09:53:41.596Z
Literacy,Education & Literacy,Daisy,ocr,success,DAISY | SCHOOL FOR KIDS WITH | SPECIAL NEEDS,EAEv2VR2J2Q,Dark Green and Grey Modern Education Logo,https://www.canva.com/templates/EAEv2VR2J2Q-dark-green-and-grey-modern-education-logo/,https://template.canva.com/EAEv2VR2J2Q/1/0/800w-XXxseNnE9X4.jpg,false,0007_EAEv2VR2J2Q.jpg,literacy/images/0007_EAEv2VR2J2Q.jpg,2026-08-06T09:53:26.761Z
Literacy,Education & Literacy,Writing,ocr,success,CREATIVE | WRITING,EAEv2guA1mA,Denim Blue Modern Education Logo,https://www.canva.com/templates/EAEv2guA1mA-denim-blue-modern-education-logo/,https://template.canva.com/EAEv2guA1mA/1/0/800w-YtvvBjImRac.jpg,false,0024_EAEv2guA1mA.jpg,literacy/images/0024_EAEv2guA1mA.jpg,2026-08-06T09:53:51.365Z
Literacy,Education & Literacy,Saagar,ocr,success,SAAGAR | STATIONARY,EAEv2fbWrq8,Gold and Black Modern Education Logo,https://www.canva.com/templates/EAEv2fbWrq8-gold-and-black-modern-education-logo/,https://template.canva.com/EAEv2fbWrq8/1/0/800w-P1sXaJSZlic.jpg,false,0050_EAEv2fbWrq8.jpg,literacy/images/0050_EAEv2fbWrq8.jpg,2026-08-06T09:54:24.116Z
Literacy,Education & Literacy,Learn Creative Experience With,ocr,success,LEARN CREATIVE EXPERIENCE WITH | 83N,EAEv2tQU7r8,Gold and Black Modern Education Logo,https://www.canva.com/templates/EAEv2tQU7r8-gold-and-black-modern-education-logo/,https://template.canva.com/EAEv2tQU7r8/1/0/800w-h-7_5rzdO8w.jpg,false,0054_EAEv2tQU7r8.jpg,literacy/images/0054_EAEv2tQU7r8.jpg,2026-08-06T09:54:24.728Z
Literacy,Education & Literacy,Education Is Light,ocr,success,EDUCATION IS LIGHT,EAEv2TlEawo,Lavender and White Modern Education Logo,https://www.canva.com/templates/EAEv2TlEawo-lavender-and-white-modern-education-logo/,https://template.canva.com/EAEv2TlEawo/1/0/800w-rFVt6CsFgo0.jpg,false,0046_EAEv2TlEawo.jpg,literacy/images/0046_EAEv2TlEawo.jpg,2026-08-06T09:54:23.553Z
Literacy,Education & Literacy,Rise,ocr,success,Rise | education,EAEv9zjuX9s,Light Pink and Black Modern Education Logo,https://www.canva.com/templates/EAEv9zjuX9s-light-pink-and-black-modern-education-logo/,https://template.canva.com/EAEv9zjuX9s/1/0/800w-vFPWu1O1xBs.jpg,false,0010_EAEv9zjuX9s.jpg,literacy/images/0010_EAEv9zjuX9s.jpg,2026-08-06T09:53:40.298Z
Literacy,Education & Literacy,Yes,ocr,success,YES | ENGLISH CLASSES,EAEv2Y2UsCM,Pastel Blue and Ivory Modern Education Logo,https://www.canva.com/templates/EAEv2Y2UsCM-pastel-blue-and-ivory-modern-education-logo/,https://template.canva.com/EAEv2Y2UsCM/1/0/800w-xEj4V6BjbXQ.jpg,false,0028_EAEv2Y2UsCM.jpg,literacy/images/0028_EAEv2Y2UsCM.jpg,2026-08-06T09:53:59.416Z
Literacy,Education & Literacy,Andaaz,ocr,success,Andaaz | srooming classes,EAEv2hB5Lxw,Pastel Pink Black Modern Education Logo,https://www.canva.com/templates/EAEv2hB5Lxw-pastel-pink-black-modern-education-logo/,https://template.canva.com/EAEv2hB5Lxw/1/0/800w-fhvvKpzRi9E.jpg,false,0026_EAEv2hB5Lxw.jpg,literacy/images/0026_EAEv2hB5Lxw.jpg,2026-08-06T09:53:51.641Z
Literacy,Education & Literacy,Gaana,ocr,success,GAANA | KEYBOARD CLASSES,EAEv2p4XVeA,Pastel Pink Black Modern Education Logo,https://www.canva.com/templates/EAEv2p4XVeA-pastel-pink-black-modern-education-logo/,https://template.canva.com/EAEv2p4XVeA/1/0/800w-7yZYXrQUFb4.jpg,false,0061_EAEv2p4XVeA.jpg,literacy/images/0061_EAEv2p4XVeA.jpg,2026-08-06T09:54:35.034Z
Literacy,Bakery & Desserts,Cape,ocr,success,Cape | BAKERY CLASSES FOR KIDS,EAEv2vj4jZU,Pastel Pink Modern Education Logo,https://www.canva.com/templates/EAEv2vj4jZU-pastel-pink-modern-education-logo/,https://template.canva.com/EAEv2vj4jZU/1/0/800w-XXvg4wEhpC8.jpg,false,0049_EAEv2vj4jZU.jpg,literacy/images/0049_EAEv2vj4jZU.jpg,2026-08-06T09:54:23.974Z
Literacy,Education & Literacy,Fundemy,ocr,success,FUNDEMY | Your Online School,EAFrr24toUI,Pink and Cream Modern Education Logo,https://www.canva.com/templates/EAFrr24toUI-pink-and-cream-modern-education-logo/,https://template.canva.com/EAFrr24toUI/2/0/800w--re1AGqmwJg.jpg,false,0003_EAFrr24toUI.jpg,literacy/images/0003_EAFrr24toUI.jpg,2026-08-06T09:53:25.534Z
Literacy,Education & Literacy,Titles,ocr,success,TITLES | STUDEN | A LIBRAR,EAEv2TrwfrY,Pink and Light Blue Modern Education Logo,https://www.canva.com/templates/EAEv2TrwfrY-pink-and-light-blue-modern-education-logo/,https://template.canva.com/EAEv2TrwfrY/1/0/800w-bWKt3BgZNaE.jpg,false,0014_EAEv2TrwfrY.jpg,literacy/images/0014_EAEv2TrwfrY.jpg,2026-08-06T09:53:40.924Z
Literacy,Sports & Fitness,Art Club,ocr,success,ART CLUB | BERLA HIGH SCHOOL,EAEv2TvGnhc,Red and Gold Modern Education Logo,https://www.canva.com/templates/EAEv2TvGnhc-red-and-gold-modern-education-logo/,https://template.canva.com/EAEv2TvGnhc/1/0/800w-p77Sb_x6H7Y.jpg,false,0047_EAEv2TvGnhc.jpg,literacy/images/0047_EAEv2TvGnhc.jpg,2026-08-06T09:54:23.698Z
Literacy,Education & Literacy,Dots,ocr,success,DOTS | LEARNING ACADEMY,EAEv2oIo7ak,Rose Red Modern Education Logo,https://www.canva.com/templates/EAEv2oIo7ak-rose-red-modern-education-logo/,https://template.canva.com/EAEv2oIo7ak/1/0/800w-yAGs5gNMouE.jpg,false,0066_EAEv2oIo7ak.jpg,literacy/images/0066_EAEv2oIo7ak.jpg,2026-08-06T09:54:43.539Z
Literacy,Education & Literacy,Sangati,ocr,success,SIST WERE YOU AREA | EST.1976 | SANGATI | CAREER COUNSELLORS,EAEv2bNMGGM,Scarlet and Purple Modern Education Logo,https://www.canva.com/templates/EAEv2bNMGGM-scarlet-and-purple-modern-education-logo/,https://template.canva.com/EAEv2bNMGGM/1/0/800w-7pAOmZSWqow.jpg,false,0043_EAEv2bNMGGM.jpg,literacy/images/0043_EAEv2bNMGGM.jpg,2026-08-06T09:54:08.877Z
Literacy,Education & Literacy,Sur,ocr,success,SUR | PESTLE SCHOOL CHOIR,EAEv2eXfDbI,Sky Blue and Dark Pink Modern Education Logo,https://www.canva.com/templates/EAEv2eXfDbI-sky-blue-and-dark-pink-modern-education-logo/,https://template.canva.com/EAEv2eXfDbI/1/0/800w-2e1B0bbJ9bk.jpg,false,0033_EAEv2eXfDbI.jpg,literacy/images/0033_EAEv2eXfDbI.jpg,2026-08-06T09:54:00.256Z
Literacy,Education & Literacy,Abstract,ocr,success,ABSTRACT | ONLINE TUTORIALS,EAEv2bSAflc,Violent and Gold Modern Education Logo,https://www.canva.com/templates/EAEv2bSAflc-violent-and-gold-modern-education-logo/,https://template.canva.com/EAEv2bSAflc/1/0/800w-6a_6PzI1XD8.jpg,false,0053_EAEv2bSAflc.jpg,literacy/images/0053_EAEv2bSAflc.jpg,2026-08-06T09:54:24.569Z
Literacy,Education & Literacy,Unknown EAEv2aEKFFI,ocr_failed,success,EST.2021,EAEv2aEKFFI,White and Black Modern Education Logo,https://www.canva.com/templates/EAEv2aEKFFI-white-and-black-modern-education-logo/,https://template.canva.com/EAEv2aEKFFI/1/0/800w-_Ej0aSFoFrE.jpg,false,0036_EAEv2aEKFFI.jpg,literacy/images/0036_EAEv2aEKFFI.jpg,2026-08-06T09:54:00.715Z
Literacy,Music & Entertainment,tonetrue,ocr,success,tonetrue | music classes,EAEv2cLoD2E,White and Indigo Modern Education Logo,https://www.canva.com/templates/EAEv2cLoD2E-white-and-indigo-modern-education-logo/,https://template.canva.com/EAEv2cLoD2E/1/0/800w-96zCAJLPQAE.jpg,false,0015_EAEv2cLoD2E.jpg,literacy/images/0015_EAEv2cLoD2E.jpg,2026-08-06T09:53:41.073Z
Literacy,Education & Literacy,sehe,ocr,success,sehe | SCHOOL FOR BLIND,EAEv2QdaIco,White and Red Modern Education Logo,https://www.canva.com/templates/EAEv2QdaIco-white-and-red-modern-education-logo/,https://template.canva.com/EAEv2QdaIco/1/0/800w-5n4lxrDTAHE.jpg,false,0065_EAEv2QdaIco.jpg,literacy/images/0065_EAEv2QdaIco.jpg,2026-08-06T09:54:43.390Z
Literacy,Sports & Fitness,Valley High,ocr,success,JR. | FOOTBALL | BOYS TEAM | VALLEY HIGH,EAEv2qhhE3M,White Black Blue Modern Education Logo,https://www.canva.com/templates/EAEv2qhhE3M-white-black-blue-modern-education-logo/,https://template.canva.com/EAEv2qhhE3M/1/0/800w-Y0XbSXLqdlA.jpg,false,0042_EAEv2qhhE3M.jpg,literacy/images/0042_EAEv2qhhE3M.jpg,2026-08-06T09:54:08.726Z
Literacy,Education & Literacy,Sonica,ocr,success,Sonica,EAEv2l05vbA,White Black Lime Green Modern Education Logo,https://www.canva.com/templates/EAEv2l05vbA-white-black-lime-green-modern-education-logo/,https://template.canva.com/EAEv2l05vbA/1/0/800w-jixbj6a6O3k.jpg,false,0062_EAEv2l05vbA.jpg,literacy/images/0062_EAEv2l05vbA.jpg,2026-08-06T09:54:35.229Z
Literacy,Music & Entertainment,35mm,ocr,success,FILM PHOTOGRAPHY | 35MM | HOBBY CLASSES,EAEv2hCP2pc,White Black Modern Education Logo,https://www.canva.com/templates/EAEv2hCP2pc-white-black-modern-education-logo/,https://template.canva.com/EAEv2hCP2pc/1/0/800w-3CyYg0lm14c.jpg,false,0004_EAEv2hCP2pc.jpg,literacy/images/0004_EAEv2hCP2pc.jpg,2026-08-06T09:53:25.771Z
Literacy,Education & Literacy,Driv,ocr,success,DRIV | E SCHOOL | SCHOOL,EAEv2u_PLkU,White Black Modern Education Logo,https://www.canva.com/templates/EAEv2u_PLkU-white-black-modern-education-logo/,https://template.canva.com/EAEv2u_PLkU/1/0/800w-4kbJ3ROGvnw.jpg,false,0005_EAEv2u_PLkU.jpg,literacy/images/0005_EAEv2u_PLkU.jpg,2026-08-06T09:53:26.083Z
Literacy,Education & Literacy,Scale-Up Classes,ocr,success,SCALE-UP CLASSES,EAEv2jK3XTY,White Black Modern Education Logo,https://www.canva.com/templates/EAEv2jK3XTY-white-black-modern-education-logo/,https://template.canva.com/EAEv2jK3XTY/1/0/800w-DOfNMr0bTts.jpg,false,0008_EAEv2jK3XTY.jpg,literacy/images/0008_EAEv2jK3XTY.jpg,2026-08-06T09:53:27.019Z
Literacy,Education & Literacy,Contemporary dance academy,ocr,success,Contemporary dance academy,EAEv2vXKzCA,White Black Modern Education Logo,https://www.canva.com/templates/EAEv2vXKzCA-white-black-modern-education-logo/,https://template.canva.com/EAEv2vXKzCA/1/0/800w-BjEFnRrfGxc.jpg,false,0027_EAEv2vXKzCA.jpg,literacy/images/0027_EAEv2vXKzCA.jpg,2026-08-06T09:53:51.779Z
Literacy,Education & Literacy,ship,ocr,success,intern | ship | directories for students,EAEv2szPRNE,White Black Modern Education Logo,https://www.canva.com/templates/EAEv2szPRNE-white-black-modern-education-logo/,https://template.canva.com/EAEv2szPRNE/1/0/800w-yw2el7EViu8.jpg,false,0034_EAEv2szPRNE.jpg,literacy/images/0034_EAEv2szPRNE.jpg,2026-08-06T09:54:00.407Z
Literacy,Education & Literacy,Hilltop,ocr,success,HILLTOP | HIGH SCHOOL,EAEv2g_hYrc,White Black Modern Education Logo,https://www.canva.com/templates/EAEv2g_hYrc-white-black-modern-education-logo/,https://template.canva.com/EAEv2g_hYrc/1/0/800w-n4YMdnAvS84.jpg,false,0063_EAEv2g_hYrc.jpg,literacy/images/0063_EAEv2g_hYrc.jpg,2026-08-06T09:54:35.426Z
Literacy,Education & Literacy,Jag,ocr,success,JAG | CAREER GUIDANCE | RUT,EAEv2pptYbs,White Black Pastel Blue Modern Education Logo,https://www.canva.com/templates/EAEv2pptYbs-white-black-pastel-blue-modern-education-logo/,https://template.canva.com/EAEv2pptYbs/1/0/800w-2MNy_3ezbvs.jpg,false,0009_EAEv2pptYbs.jpg,literacy/images/0009_EAEv2pptYbs.jpg,2026-08-06T09:53:27.378Z
Literacy,Education & Literacy,Access,ocr,success,ACCESS | ENGLISH CLASSES,EAEv2otCih8,White Blue Black Modern Education Logo,https://www.canva.com/templates/EAEv2otCih8-white-blue-black-modern-education-logo/,https://template.canva.com/EAEv2otCih8/1/0/800w-LzkUIJFmzOc.jpg,false,0057_EAEv2otCih8.jpg,literacy/images/0057_EAEv2otCih8.jpg,2026-08-06T09:54:34.241Z
Literacy,Education & Literacy,Promise,ocr,success,Promise | MENTOR | PROGRAM,EAEv2j4ATq4,White Blue Modern Education Logo,https://www.canva.com/templates/EAEv2j4ATq4-white-blue-modern-education-logo/,https://template.canva.com/EAEv2j4ATq4/1/0/800w-mFjlHTi7bwA.jpg,false,0031_EAEv2j4ATq4.jpg,literacy/images/0031_EAEv2j4ATq4.jpg,2026-08-06T09:53:59.863Z
Literacy,Education & Literacy,Distance Learning,ocr,success,DISTANCE LEARNING,EAEv2tcVKfA,White Blue Modern Education Logo,https://www.canva.com/templates/EAEv2tcVKfA-white-blue-modern-education-logo/,https://template.canva.com/EAEv2tcVKfA/1/0/800w-gLruozWye6M.jpg,false,0052_EAEv2tcVKfA.jpg,literacy/images/0052_EAEv2tcVKfA.jpg,2026-08-06T09:54:24.415Z
Literacy,Education & Literacy,ender ear,ocr,success,ender ear | School for kids,EAEv2u2Hwcc,White Dark Green Modern Education Logo,https://www.canva.com/templates/EAEv2u2Hwcc-white-dark-green-modern-education-logo/,https://template.canva.com/EAEv2u2Hwcc/1/0/800w-xXerbQ43zb0.jpg,false,0016_EAEv2u2Hwcc.jpg,literacy/images/0016_EAEv2u2Hwcc.jpg,2026-08-06T09:53:41.253Z
Literacy,Education & Literacy,Splash,ocr,success,SPLASH | swimming classes,EAEv2s1zmlc,White Denim Blue Modern Education Logo,https://www.canva.com/templates/EAEv2s1zmlc-white-denim-blue-modern-education-logo/,https://template.canva.com/EAEv2s1zmlc/1/0/800w-DBw04Nu8S6w.jpg,false,0051_EAEv2s1zmlc.jpg,literacy/images/0051_EAEv2s1zmlc.jpg,2026-08-06T09:54:24.266Z
Literacy,Education & Literacy,pustak,ocr,success,pustak | public | library,EAEv2lULNJU,White Emerald Modern Education Logo,https://www.canva.com/templates/EAEv2lULNJU-white-emerald-modern-education-logo/,https://template.canva.com/EAEv2lULNJU/1/0/800w-TgD6k4knG_4.jpg,false,0048_EAEv2lULNJU.jpg,literacy/images/0048_EAEv2lULNJU.jpg,2026-08-06T09:54:23.833Z
Literacy,Education & Literacy,Glass,ocr,success,KAANCH | GLASS | WORKSHOP,EAEv2hJNt7Q,White Green Black Modern Education Logo,https://www.canva.com/templates/EAEv2hJNt7Q-white-green-black-modern-education-logo/,https://template.canva.com/EAEv2hJNt7Q/1/0/800w-fZ6n4b_h2bM.jpg,false,0020_EAEv2hJNt7Q.jpg,literacy/images/0020_EAEv2hJNt7Q.jpg,2026-08-06T09:53:50.790Z
Literacy,Education & Literacy,Valley,ocr,success,SUNSET | VALLEY | SCHOOL,EAEv2h_IvTs,White Maroon Yellow Modern Education Logo,https://www.canva.com/templates/EAEv2h_IvTs-white-maroon-yellow-modern-education-logo/,https://template.canva.com/EAEv2h_IvTs/1/0/800w-qhmWNTGUskM.jpg,false,0059_EAEv2h_IvTs.jpg,literacy/images/0059_EAEv2h_IvTs.jpg,2026-08-06T09:54:34.673Z
Literacy,Education & Literacy,Mrs. Khanna,ocr,success,Mrs. Khanna | English Classes,EAEv2t04BC0,White Metallic Gold Modern Education Logo,https://www.canva.com/templates/EAEv2t04BC0-white-metallic-gold-modern-education-logo/,https://template.canva.com/EAEv2t04BC0/1/0/800w-Eoze_2F0aj8.jpg,false,0055_EAEv2t04BC0.jpg,literacy/images/0055_EAEv2t04BC0.jpg,2026-08-06T09:54:33.893Z
Literacy,Education & Literacy,Yoganjali,ocr,success,YOGANJALI | yoga centre,EAEv2sQ7FP0,White Metallic Gold Modern Education Logo,https://www.canva.com/templates/EAEv2sQ7FP0-white-metallic-gold-modern-education-logo/,https://template.canva.com/EAEv2sQ7FP0/1/0/800w-qC-peULCgXs.jpg,false,0070_EAEv2sQ7FP0.jpg,literacy/images/0070_EAEv2sQ7FP0.jpg,2026-08-06T09:54:44.176Z
Literacy,Education & Literacy,Est,ocr,success,EST | 98,EAEv2vLB1RM,White Orange Green Modern Education Logo,https://www.canva.com/templates/EAEv2vLB1RM-white-orange-green-modern-education-logo/,https://template.canva.com/EAEv2vLB1RM/1/0/800w-0rtkVCC1OTM.jpg,false,0056_EAEv2vLB1RM.jpg,literacy/images/0056_EAEv2vLB1RM.jpg,2026-08-06T09:54:34.078Z
Literacy,Education & Literacy,Unknown EAEv2vt936k,ocr_failed,success,,EAEv2vt936k,White Orange Modern Education Logo,https://www.canva.com/templates/EAEv2vt936k-white-orange-modern-education-logo/,https://template.canva.com/EAEv2vt936k/1/0/800w-J8DVsRhlt6I.jpg,false,0060_EAEv2vt936k.jpg,literacy/images/0060_EAEv2vt936k.jpg,2026-08-06T09:54:34.843Z
Literacy,Education & Literacy,Unknown EAEv2oQlKJE,ocr_failed,success,,EAEv2oQlKJE,White Pastel Blue Modern Education Logo,https://www.canva.com/templates/EAEv2oQlKJE-white-pastel-blue-modern-education-logo/,https://template.canva.com/EAEv2oQlKJE/1/0/800w-lnbfAOU0xGQ.jpg,false,0023_EAEv2oQlKJE.jpg,literacy/images/0023_EAEv2oQlKJE.jpg,2026-08-06T09:53:51.229Z
Literacy,Education & Literacy,Ieditatio,ocr,success,IEDITATIO | CENTRE,EAEv2prrctc,White Pink Pastel Purple Modern Education Logo,https://www.canva.com/templates/EAEv2prrctc-white-pink-pastel-purple-modern-education-logo/,https://template.canva.com/EAEv2prrctc/1/0/800w-EgIMVtjQnqU.jpg,false,0044_EAEv2prrctc.jpg,literacy/images/0044_EAEv2prrctc.jpg,2026-08-06T09:54:09.025Z
Literacy,Sports & Fitness,Sis,ocr,success,SIS | puzzle club,EAEv2h7rcgI,White Teal Modern Education Logo,https://www.canva.com/templates/EAEv2h7rcgI-white-teal-modern-education-logo/,https://template.canva.com/EAEv2h7rcgI/1/0/800w-YILnh7q9NOg.jpg,false,0029_EAEv2h7rcgI.jpg,literacy/images/0029_EAEv2h7rcgI.jpg,2026-08-06T09:53:59.557Z
Literacy,Education & Literacy,earning,ocr,success,emon | on ine | anguage | earning,EAEv2tHlJSc,White Yellow Black Modern Education Logo,https://www.canva.com/templates/EAEv2tHlJSc-white-yellow-black-modern-education-logo/,https://template.canva.com/EAEv2tHlJSc/1/0/800w-l1MMCVWqhBg.jpg,false,0039_EAEv2tHlJSc.jpg,literacy/images/0039_EAEv2tHlJSc.jpg,2026-08-06T09:54:08.256Z
Literacy,Education & Literacy,Unknown EAEv2b-gb1g,ocr_failed,success,,EAEv2b-gb1g,कोबाल्ट और मेरीगोल्ड मॉडर्न एजुकेशन लोगो / Cobalt and Marigold Modern Education Logo,https://www.canva.com/templates/EAEv2b-gb1g-cobalt-and-marigold-modern-education-logo/,https://template.canva.com/EAEv2b-gb1g/1/0/800w-YEWi3iaD_1o.jpg,false,0011_EAEv2b-gb1g.jpg,literacy/images/0011_EAEv2b-gb1g.jpg,2026-08-06T09:53:40.463Z
Literacy,Sports & Fitness,sports training centre,ocr,success,sports training centre,EAEv2U53tc8,ब्लैक और वाइट मॉडर्न एजुकेशन लोगो / Black and White Modern Education Logo,https://www.canva.com/templates/EAEv2U53tc8-black-and-white-modern-education-logo/,https://template.canva.com/EAEv2U53tc8/2/0/800w-SHAt1ZCGkjA.jpg,false,0040_EAEv2U53tc8.jpg,literacy/images/0040_EAEv2U53tc8.jpg,2026-08-06T09:54:08.416Z
Literacy,Music & Entertainment,Classes,ocr,success,w | THEATRE | CLASSES,EAEv2fpPRFE,ब्लैक और सियान मॉडर्न एजुकेशन लोगो / Black and Cyan Modern Education Logo,https://www.canva.com/templates/EAEv2fpPRFE-black-and-cyan-modern-education-logo/,https://template.canva.com/EAEv2fpPRFE/1/0/800w-DF-z9h-mBck.jpg,false,0035_EAEv2fpPRFE.jpg,literacy/images/0035_EAEv2fpPRFE.jpg,2026-08-06T09:54:00.557Z
Literacy,Education & Literacy,cooking classes,ocr,success,cooking classes,EAEv2YmU3IA,रोज पिंक मॉडर्न एजुकेशन लोगो / Rose Pink Modern Education Logo,https://www.canva.com/templates/EAEv2YmU3IA-rose-pink-modern-education-logo/,https://template.canva.com/EAEv2YmU3IA/1/0/800w-vCjT55ThFL8.jpg,false,0019_EAEv2YmU3IA.jpg,literacy/images/0019_EAEv2YmU3IA.jpg,2026-08-06T09:53:50.641Z
Literacy,Education & Literacy,coaching and classes,ocr,success,coaching and classes,EAEv2XJopw8,वाइट और टील मॉडर्न एजुकेशन लोगो,https://www.canva.com/templates/EAEv2XJopw8/,https://template.canva.com/EAEv2XJopw8/1/0/800w-29sUT54NnOY.jpg,false,0022_EAEv2XJopw8.jpg,literacy/images/0022_EAEv2XJopw8.jpg,2026-08-06T09:53:51.091Z
Literacy,Education & Literacy,utorials,ocr,success,utorials,EAEv2kaHqPo,वाइट नीयन पिंक मॉडर्न एजुकेशन लोगो,https://www.canva.com/templates/EAEv2kaHqPo/,https://template.canva.com/EAEv2kaHqPo/1/0/800w-d8A6Bp2e91I.jpg,false,0013_EAEv2kaHqPo.jpg,literacy/images/0013_EAEv2kaHqPo.jpg,2026-08-06T09:53:40.763Z
Literacy,Education & Literacy,summer school,ocr,success,summer school,EAEv2nTeGzo,वाइट पस्टेल रेड मॉडर्न एजुकेशन लोगो,https://www.canva.com/templates/EAEv2nTeGzo/,https://template.canva.com/EAEv2nTeGzo/1/0/800w-VfUoo46APSw.jpg,false,0045_EAEv2nTeGzo.jpg,literacy/images/0045_EAEv2nTeGzo.jpg,2026-08-06T09:54:09.175Z
Management,Education & Literacy,Bird Book,ocr,success,BIRD BOOK | LIBRARY,EAE4PbCNMZ0,blu dove book wing logo,https://www.canva.com/templates/EAE4PbCNMZ0-blu-dove-book-wing-logo/,https://template.canva.com/EAE4PbCNMZ0/1/0/800w-8YVHsm71npA.jpg,true,0001_EAE4PbCNMZ0.jpg,management/images/0001_EAE4PbCNMZ0.jpg,2026-08-06T10:11:09.566Z
Measurement,Education & Literacy,Fradel And Spies,ocr,success,FRADEL AND SPIES | UNIVERSITY,EAGDIJ9yg4A,Green and Yellow Monoline Geometric Tools Logo,https://www.canva.com/templates/EAGDIJ9yg4A-green-and-yellow-monoline-geometric-tools-logo/,https://template.canva.com/EAGDIJ9yg4A/1/0/800w-LMsa9X04caQ.jpg,true,0001_EAGDIJ9yg4A.jpg,measurement/images/0001_EAGDIJ9yg4A.jpg,2026-08-06T10:11:41.157Z
Multiplication,Education & Literacy,Rimberio,ocr,success,RIMBERIO | 8 | MATHEMATICS EDUCATION,EAGuvxFCk3w,Blue Pink Modern Simple Playful Mathematics Education Logo,https://www.canva.com/templates/EAGuvxFCk3w-blue-pink-modern-simple-playful-mathematics-education-logo/,https://template.canva.com/EAGuvxFCk3w/1/0/800w-QgYQvww-bAc.jpg,false,0001_EAGuvxFCk3w.jpg,multiplication/images/0001_EAGuvxFCk3w.jpg,2026-08-06T10:07:11.548Z
Multiplication,Education & Literacy,Explorers,ocr,success,Glass | WELCOME MATH | Explorers | Hi | Meet | Sir Windel Perez | Bring the following | Pencil | Math Notebook | Counters or bottle caps | Ruler | Calculator | Got ready to leam Math in a fun and | lively way,EAHI_sTC2QI,Math Classroom Poster in Orange and Pink Illustrative Style,https://www.canva.com/templates/EAHI_sTC2QI-math-classroom-poster-in-orange-and-pink-illustrative-style/,https://template.canva.com/EAHI_sTC2QI/2/0/800w-aJytH55TNFk.jpg,true,0002_EAHI_sTC2QI.jpg,multiplication/images/0002_EAHI_sTC2QI.jpg,2026-08-06T10:07:11.683Z
Music,Graphic Design & Creative Services,Artist,ocr,success,ARTIST | BRAND,EAFLewHSOsk,Artist Musician Logo,https://www.canva.com/templates/EAFLewHSOsk-artist-musician-logo/,https://template.canva.com/EAFLewHSOsk/1/0/800w-R9N3tAyTChU.jpg,true,0029_EAFLewHSOsk.jpg,music/images/0029_EAFLewHSOsk.jpg,2026-08-06T09:58:18.665Z
Music,Music & Entertainment,Studio Shodwe,ocr,success,Studio Shodwe,EAE-0qofebg,Beige Vintage Circular Music Logo,https://www.canva.com/templates/EAE-0qofebg-beige-vintage-circular-music-logo/,https://template.canva.com/EAE-0qofebg/1/0/800w-DQjZEeeZl18.jpg,true,0045_EAE-0qofebg.jpg,music/images/0045_EAE-0qofebg.jpg,2026-08-06T09:58:28.169Z
Music,Graphic Design & Creative Services,Piano Class,ocr,success,Piano Class | MUSIC SCHOOL,EAGI3myOsRY,Black and Green Festive Flat Illustrated Piano School Logo,https://www.canva.com/templates/EAGI3myOsRY-black-and-green-festive-flat-illustrated-piano-school-logo/,https://template.canva.com/EAGI3myOsRY/1/0/800w-tSV4e-m3piM.jpg,true,0031_EAGI3myOsRY.jpg,music/images/0031_EAGI3myOsRY.jpg,2026-08-06T09:58:18.978Z
Music,Graphic Design & Creative Services,Music Studd,ocr,success,GOOD KARMA | 20 | 22 | MUSIC STUDD,EAE2RZZHiAE,Black and White Illustration Modern Music Studio Band Logo,https://www.canva.com/templates/EAE2RZZHiAE-black-and-white-illustration-modern-music-studio-band-logo/,https://template.canva.com/EAE2RZZHiAE/1/0/800w-cRgS8xcX0ys.jpg,true,0028_EAE2RZZHiAE.jpg,music/images/0028_EAE2RZZHiAE.jpg,2026-08-06T09:58:18.521Z
Music,Graphic Design & Creative Services,Musicoll,ocr,success,MUSICOLL | Music Class,EAE7UBvhxTQ,Black and White Minimalist Freeform Musical Notes Illustration Music Class Logo,https://www.canva.com/templates/EAE7UBvhxTQ-black-and-white-minimalist-freeform-musical-notes-illustration-music-class-logo/,https://template.canva.com/EAE7UBvhxTQ/1/0/800w-lgE1YP1FKtc.jpg,true,0012_EAE7UBvhxTQ.jpg,music/images/0012_EAE7UBvhxTQ.jpg,2026-08-06T09:58:00.860Z
Music,Music & Entertainment,Rimberio Music,ocr,success,Rimberio Music | MUSIC | SCHOOL,EAGJmZRZSXk,Black and White Modern Music Logo,https://www.canva.com/templates/EAGJmZRZSXk-black-and-white-modern-music-logo/,https://template.canva.com/EAGJmZRZSXk/2/0/800w-CC5CHWm_3CI.jpg,true,0015_EAGJmZRZSXk.jpg,music/images/0015_EAGJmZRZSXk.jpg,2026-08-06T09:58:01.401Z
Music,Music & Entertainment,Black.,ocr,success,Black. | DESIGN,EAFMbrQ4X9s,Black and White Modern Vintage Brand Logo,https://www.canva.com/templates/EAFMbrQ4X9s-black-and-white-modern-vintage-brand-logo/,https://template.canva.com/EAFMbrQ4X9s/1/0/800w-08vmvqglxio.jpg,true,0052_EAFMbrQ4X9s.jpg,music/images/0052_EAFMbrQ4X9s.jpg,2026-08-06T09:58:35.863Z
Music,Music & Entertainment,Rimberio,ocr,success,RIMBERIO | PIANO CLASS,EAGQ3GcVzWY,Black and White Piano Class Education Logo,https://www.canva.com/templates/EAGQ3GcVzWY-black-and-white-piano-class-education-logo/,https://template.canva.com/EAGQ3GcVzWY/1/0/800w-OzbH3eFnkjc.jpg,true,0018_EAGQ3GcVzWY.jpg,music/images/0018_EAGQ3GcVzWY.jpg,2026-08-06T09:58:01.925Z
Music,Music & Entertainment,Hool Of Nute,ocr,success,RIMBERIO | HOOL OF NUTE,EAG7f9xYVsg,Black and White Simple Music School Logo,https://www.canva.com/templates/EAG7f9xYVsg-black-and-white-simple-music-school-logo/,https://template.canva.com/EAG7f9xYVsg/1/0/800w-ApJV5jbWgFE.jpg,true,0030_EAG7f9xYVsg.jpg,music/images/0030_EAG7f9xYVsg.jpg,2026-08-06T09:58:18.824Z
Music,Music & Entertainment,Sweet Harmony,ocr,success,SWEET HARMONY | MUSIC SCHOOL,EAGS5nEinMA,Black and Yellow Musical School Logo,https://www.canva.com/templates/EAGS5nEinMA-black-and-yellow-musical-school-logo/,https://template.canva.com/EAGS5nEinMA/1/0/800w-jrQLhMqjFMs.jpg,true,0044_EAGS5nEinMA.jpg,music/images/0044_EAGS5nEinMA.jpg,2026-08-06T09:58:27.992Z
Music,Music & Entertainment,Early Bird,ocr,success,EARLY BIRD | MUSIC SCHOOL,EAGJolDg6AU,Black Bird Music School Logo,https://www.canva.com/templates/EAGJolDg6AU-black-bird-music-school-logo/,https://template.canva.com/EAGJolDg6AU/2/0/800w-yj_izmw4bHg.jpg,true,0019_EAGJolDg6AU.jpg,music/images/0019_EAGJolDg6AU.jpg,2026-08-06T09:58:09.382Z
Music,Music & Entertainment,Gentleman,ocr,success,GENTLEMAN | MUSIC,EAE7n0hhfIY,Black Grey Modern Gentleman Music Logo,https://www.canva.com/templates/EAE7n0hhfIY-black-grey-modern-gentleman-music-logo/,https://template.canva.com/EAE7n0hhfIY/1/0/800w-qM6Vw8oXRTY.jpg,false,0013_EAE7n0hhfIY.jpg,music/images/0013_EAE7n0hhfIY.jpg,2026-08-06T09:58:01.047Z
Music,Music & Entertainment,Piano Orchestra,ocr,success,PIANO ORCHESTRA | MELODY | MUSIC,EAFMWzQzKi0,Black Minimalist Piano Orchestra Logo Design,https://www.canva.com/templates/EAFMWzQzKi0-black-minimalist-piano-orchestra-logo-design/,https://template.canva.com/EAFMWzQzKi0/1/0/800w-2NB7jcYdr58.jpg,true,0006_EAFMWzQzKi0.jpg,music/images/0006_EAFMWzQzKi0.jpg,2026-08-06T09:57:52.672Z
Music,Music & Entertainment,Unknown EAFNYsBKE-Q,ocr_failed,success,,EAFNYsBKE-Q,black orange minimalist melody flow logo design,https://www.canva.com/templates/EAFNYsBKE-Q-black-orange-minimalist-melody-flow-logo-design/,https://template.canva.com/EAFNYsBKE-Q/1/0/800w-uWjPZLR098I.jpg,true,0010_EAFNYsBKE-Q.jpg,music/images/0010_EAFNYsBKE-Q.jpg,2026-08-06T09:58:00.502Z
Music,Music & Entertainment,Rimberio,ocr,success,RIMBERIO | PIANO CLASS,EAGOkMzyPBw,Black Piano ClassMusic Logo,https://www.canva.com/templates/EAGOkMzyPBw-black-piano-classmusic-logo/,https://template.canva.com/EAGOkMzyPBw/1/0/800w-a-LzsZDk7NI.jpg,true,0042_EAGOkMzyPBw.jpg,music/images/0042_EAGOkMzyPBw.jpg,2026-08-06T09:58:27.692Z
Music,Music & Entertainment,Siano,ocr,success,SIANO | MUSIC SCHOOL,EAGQ3LlkMqo,Black Piano Music School Logo,https://www.canva.com/templates/EAGQ3LlkMqo-black-piano-music-school-logo/,https://template.canva.com/EAGQ3LlkMqo/2/0/800w-HcT1b8UJuI4.jpg,true,0017_EAGQ3LlkMqo.jpg,music/images/0017_EAGQ3LlkMqo.jpg,2026-08-06T09:58:01.733Z
Music,Music & Entertainment,Fire Fan,ocr,success,FIRE FAN | COOL & HOT,EAFRaruzT94,black red minimalist fire fan logo,https://www.canva.com/templates/EAFRaruzT94-black-red-minimalist-fire-fan-logo/,https://template.canva.com/EAFRaruzT94/2/0/800w-ODYwXwbvhf4.jpg,true,0037_EAFRaruzT94.jpg,music/images/0037_EAFRaruzT94.jpg,2026-08-06T09:58:26.842Z
Music,Music & Entertainment,Melodic Shop,ocr,success,MELODIC SHOP | SHOPPING,EAFLo1ji6Bc,Black White Minimalist Melodic Shop Logo,https://www.canva.com/templates/EAFLo1ji6Bc-black-white-minimalist-melodic-shop-logo/,https://template.canva.com/EAFLo1ji6Bc/1/0/800w-w975IF3SBxQ.jpg,true,0046_EAFLo1ji6Bc.jpg,music/images/0046_EAFLo1ji6Bc.jpg,2026-08-06T09:58:34.721Z
Music,Music & Entertainment,education,ocr,success,MUSIC BOOK | education,EAFiPwMqYcM,Black White Vintage Music Book Logo,https://www.canva.com/templates/EAFiPwMqYcM-black-white-vintage-music-book-logo/,https://template.canva.com/EAFiPwMqYcM/1/0/800w-4mc_L7Ndodw.jpg,true,0034_EAFiPwMqYcM.jpg,music/images/0034_EAFiPwMqYcM.jpg,2026-08-06T09:58:19.398Z
Music,Music & Entertainment,FoLICERIA,ocr,success,FoLICERIA | Musical School,EAGwhRhyTII,Blue and Pink Musical School Logo,https://www.canva.com/templates/EAGwhRhyTII-blue-and-pink-musical-school-logo/,https://template.canva.com/EAGwhRhyTII/1/0/800w-6dqve2E_OiA.jpg,false,0026_EAGwhRhyTII.jpg,music/images/0026_EAGwhRhyTII.jpg,2026-08-06T09:58:10.425Z
Music,Music & Entertainment,TImmeRman,ocr,success,TImmeRman | SINCE 1990,EAE_klkmuj8,Blue Decorative Aesthetic Vintage Retro Linear Logo,https://www.canva.com/templates/EAE_klkmuj8-blue-decorative-aesthetic-vintage-retro-linear-logo/,https://template.canva.com/EAE_klkmuj8/1/0/800w-wfD-Borgv74.jpg,true,0024_EAE_klkmuj8.jpg,music/images/0024_EAE_klkmuj8.jpg,2026-08-06T09:58:10.131Z
Music,Music & Entertainment,Bird Sing,ocr,success,BIRD SING | MUSIC NOTE,EAFRov22Zrw,Blue minimalist bird sing logo,https://www.canva.com/templates/EAFRov22Zrw-blue-minimalist-bird-sing-logo/,https://template.canva.com/EAFRov22Zrw/2/0/800w-9W7OzU_VY0w.jpg,true,0023_EAFRov22Zrw.jpg,music/images/0023_EAFRov22Zrw.jpg,2026-08-06T09:58:09.966Z
Music,Technology & Electronics,Music Cloud,ocr,success,MUSIC CLOUD,EAEwEsH6a70,Blue Minimalist Music Cloud Logo,https://www.canva.com/templates/EAEwEsH6a70-blue-minimalist-music-cloud-logo/,https://template.canva.com/EAEwEsH6a70/2/0/800w-otEVsGG4N9g.jpg,true,0020_EAEwEsH6a70.jpg,music/images/0020_EAEwEsH6a70.jpg,2026-08-06T09:58:09.520Z
Music,Music & Entertainment,Fire Guitar,ocr,success,FIRE GUITAR | MELODY MUSIC,EAFMWq68PKU,Blue Orange Minimalist Fire Guitar Logo Design,https://www.canva.com/templates/EAFMWq68PKU-blue-orange-minimalist-fire-guitar-logo-design/,https://template.canva.com/EAFMWq68PKU/1/0/800w-wKppnGMWztg.jpg,true,0005_EAFMWq68PKU.jpg,music/images/0005_EAFMWq68PKU.jpg,2026-08-06T09:57:52.532Z
Music,Music & Entertainment,Melodic,ocr,success,Melodic | INSTRUMENT,EAFNYvukcSk,blue purple minimalist melodic instrument logo design,https://www.canva.com/templates/EAFNYvukcSk-blue-purple-minimalist-melodic-instrument-logo-design/,https://template.canva.com/EAFNYvukcSk/1/0/800w-EfpbrSBXvVo.jpg,true,0032_EAFNYvukcSk.jpg,music/images/0032_EAFNYvukcSk.jpg,2026-08-06T09:58:19.126Z
Music,Music & Entertainment,Best Classic,ocr,success,BEST CLASSIC | OLD BUT GOLD,EAEwtpShMFY,Brown And Gold Minimalist Best Classic Logo,https://www.canva.com/templates/EAEwtpShMFY-brown-and-gold-minimalist-best-classic-logo/,https://template.canva.com/EAEwtpShMFY/1/0/800w-o4MQUlvQsRg.jpg,true,0038_EAEwtpShMFY.jpg,music/images/0038_EAEwtpShMFY.jpg,2026-08-06T09:58:27.014Z
Music,Music & Entertainment,Notelines,ocr,success,NOTELINES | MUSIC STORE,EAFKMrAMpxw,Brown Black Minimalist Note Line Art Music Store Logo,https://www.canva.com/templates/EAFKMrAMpxw-brown-black-minimalist-note-line-art-music-store-logo/,https://template.canva.com/EAFKMrAMpxw/1/0/800w-ljiiko98ZZA.jpg,true,0022_EAFKMrAMpxw.jpg,music/images/0022_EAFKMrAMpxw.jpg,2026-08-06T09:58:09.809Z
Music,Music & Entertainment,Alexandra,ocr,success,ALEXANDRA | SACRED DESIGN,EAEmCrysVfs,Brown Feminine Sacred Design Line Art Logo,https://www.canva.com/templates/EAEmCrysVfs-brown-feminine-sacred-design-line-art-logo/,https://template.canva.com/EAEmCrysVfs/1/0/800w-5i8J1G1T33k.jpg,true,0049_EAEmCrysVfs.jpg,music/images/0049_EAEmCrysVfs.jpg,2026-08-06T09:58:35.313Z
Music,Music & Entertainment,Vintage Hall,ocr,success,SINCE 2019 | VINTAGE HALL | ART & MUSIC EXHIBITION,EAFQsxndmo8,Brown Vintage Art & Music Exhibition Logo,https://www.canva.com/templates/EAFQsxndmo8-brown-vintage-art-music-exhibition-logo/,https://template.canva.com/EAFQsxndmo8/1/0/800w-zDpIG3Dm95U.jpg,true,0051_EAFQsxndmo8.jpg,music/images/0051_EAFQsxndmo8.jpg,2026-08-06T09:58:35.692Z
Music,Music & Entertainment,Melody People,ocr,success,MELODY PEOPLE,EAFMWl55Kuk,Chocolate Black Minimalist Melody People Logo,https://www.canva.com/templates/EAFMWl55Kuk-chocolate-black-minimalist-melody-people-logo/,https://template.canva.com/EAFMWl55Kuk/1/0/800w-u3P5nTh9n9E.jpg,true,0008_EAFMWl55Kuk.jpg,music/images/0008_EAFMWl55Kuk.jpg,2026-08-06T09:57:52.961Z
Music,Music & Entertainment,Війні,ocr,success,Війні | MUSICOSE | Learning music,EAFLj5YV7vo,Cute Purple Learning Music Education Class Logo,https://www.canva.com/templates/EAFLj5YV7vo-cute-purple-learning-music-education-class-logo/,https://template.canva.com/EAFLj5YV7vo/1/0/800w-_iwaCcjJ4CQ.jpg,false,0040_EAFLj5YV7vo.jpg,music/images/0040_EAFLj5YV7vo.jpg,2026-08-06T09:58:27.401Z
Music,Music & Entertainment,Old Stuff,ocr,success,OLD STUFF | music store,EAFEK79Svgs,Gold Black and White Minimalist Circular Moon Old Stuff Music Store Logo,https://www.canva.com/templates/EAFEK79Svgs-gold-black-and-white-minimalist-circular-moon-old-stuff-music-store-logo/,https://template.canva.com/EAFEK79Svgs/1/0/800w-9ZNKkeeNAtA.jpg,true,0009_EAFEK79Svgs.jpg,music/images/0009_EAFEK79Svgs.jpg,2026-08-06T09:57:53.104Z
Music,Music & Entertainment,Shining Star,ocr,success,SHINING STAR | record company,EAFEvelAGyk,Gold Black and White Minimalist Circular Shining Star Record Company DJ Band Music Logo,https://www.canva.com/templates/EAFEvelAGyk-gold-black-and-white-minimalist-circular-shining-star-record-company-dj-band-music-logo/,https://template.canva.com/EAFEvelAGyk/1/0/800w-hDtSm0DCqnA.jpg,true,0021_EAFEvelAGyk.jpg,music/images/0021_EAFEvelAGyk.jpg,2026-08-06T09:58:09.667Z
Music,Music & Entertainment,Old Town,ocr,success,2021 | ESTD | OLD TOWN | STUDIOS,EAE2RHtwEL4,Gray and Black Modern Vintage Badge Studio Shop Logo,https://www.canva.com/templates/EAE2RHtwEL4-gray-and-black-modern-vintage-badge-studio-shop-logo/,https://template.canva.com/EAE2RHtwEL4/1/0/800w-QZD9iJn5OJQ.jpg,true,0041_EAE2RHtwEL4.jpg,music/images/0041_EAE2RHtwEL4.jpg,2026-08-06T09:58:27.551Z
Music,Music & Entertainment,Guitar Book,ocr,success,GUITAR BOOK | EDUCATION,EAFjzo2z-io,gray minimalist guitar book education logo design,https://www.canva.com/templates/EAFjzo2z-io-gray-minimalist-guitar-book-education-logo-design/,https://template.canva.com/EAFjzo2z-io/1/0/800w-IFmzTWfpPUA.jpg,true,0047_EAFjzo2z-io.jpg,music/images/0047_EAFjzo2z-io.jpg,2026-08-06T09:58:34.902Z
Music,Music & Entertainment,Music,ocr,success,MUSIC | ГІППІГИ | SCHOOL,EAHHGp7J1Kc,Grey Music School Logo,https://www.canva.com/templates/EAHHGp7J1Kc-grey-music-school-logo/,https://template.canva.com/EAHHGp7J1Kc/1/0/800w-hyd9s2bkIkg.jpg,true,0007_EAHHGp7J1Kc.jpg,music/images/0007_EAHHGp7J1Kc.jpg,2026-08-06T09:57:52.815Z
Music,Music & Entertainment,Nagico Judio,ocr,success,Nagico Judio | PIANO COURSE,EAE8_hBqEWg,Minimalist Green Orange Music Studio Piano Course Logo,https://www.canva.com/templates/EAE8_hBqEWg-minimalist-green-orange-music-studio-piano-course-logo/,https://template.canva.com/EAE8_hBqEWg/2/0/800w-NJbU8ln8ZRY.jpg,true,0003_EAE8_hBqEWg.jpg,music/images/0003_EAE8_hBqEWg.jpg,2026-08-06T09:57:52.255Z
Music,Music & Entertainment,pianokids,ocr,success,pianokids | music center,EAEslJjllXI,Minimalist Kids Music Center Logo,https://www.canva.com/templates/EAEslJjllXI-minimalist-kids-music-center-logo/,https://template.canva.com/EAEslJjllXI/1/0/800w-N6HEJEZeqWo.jpg,true,0050_EAEslJjllXI.jpg,music/images/0050_EAEslJjllXI.jpg,2026-08-06T09:58:35.493Z
Music,Music & Entertainment,Ery,ocr,success,DAVIS | ERY | 90 | 19,EAFGW4Ggbtw,Minimalist Saxophone Player Logo,https://www.canva.com/templates/EAFGW4Ggbtw-minimalist-saxophone-player-logo/,https://template.canva.com/EAFGW4Ggbtw/2/0/800w-lBL-yJYgisI.jpg,false,0014_EAFGW4Ggbtw.jpg,music/images/0014_EAFGW4Ggbtw.jpg,2026-08-06T09:58:01.241Z
Music,Music & Entertainment,Music Style,ocr,success,MUSIC STYLE,EAE6pqNG2pI,music style fashion brand art design logo,https://www.canva.com/templates/EAE6pqNG2pI-music-style-fashion-brand-art-design-logo/,https://template.canva.com/EAE6pqNG2pI/1/0/800w-hgwnBYVhGMc.jpg,true,0036_EAE6pqNG2pI.jpg,music/images/0036_EAE6pqNG2pI.jpg,2026-08-06T09:58:19.680Z
Music,Music & Entertainment,Mic Room,ocr,success,MIC ROOM | RECORDS | FEEL THE MUSIC PLAY,EAEmwTxDuis,Pink and Cream Organic Watercolor Arts and Crafts Logo,https://www.canva.com/templates/EAEmwTxDuis-pink-and-cream-organic-watercolor-arts-and-crafts-logo/,https://template.canva.com/EAEmwTxDuis/1/0/800w-86rIUTlWcPI.jpg,false,0027_EAEmwTxDuis.jpg,music/images/0027_EAEmwTxDuis.jpg,2026-08-06T09:58:10.567Z
Music,Music & Entertainment,Love Flow,ocr,success,LOVE FLOW | MELODY MUSIC,EAFNYtuUoQ0,pink minimalist love flow logo design,https://www.canva.com/templates/EAFNYtuUoQ0-pink-minimalist-love-flow-logo-design/,https://template.canva.com/EAFNYtuUoQ0/1/0/800w-3IYYKm3N_O8.jpg,true,0035_EAFNYtuUoQ0.jpg,music/images/0035_EAFNYtuUoQ0.jpg,2026-08-06T09:58:19.543Z
Music,Music & Entertainment,BellaMusic,ocr,success,BellaMusic | MUSIC COMPOSER,EAEatQIN1UQ,Pink Music Composer Logo,https://www.canva.com/templates/EAEatQIN1UQ-pink-music-composer-logo/,https://template.canva.com/EAEatQIN1UQ/1/0/800w-ZdeXVrvpWgA.jpg,true,0004_EAEatQIN1UQ.jpg,music/images/0004_EAEatQIN1UQ.jpg,2026-08-06T09:57:52.393Z
Music,Music & Entertainment,Playback,ocr,success,PLAYBACK | INSTRUMENT,EAE-PmpIkso,Playback Brand Art Design Logo,https://www.canva.com/templates/EAE-PmpIkso-playback-brand-art-design-logo/,https://template.canva.com/EAE-PmpIkso/1/0/800w-8rijJoLKiHA.jpg,true,0011_EAE-PmpIkso.jpg,music/images/0011_EAE-PmpIkso.jpg,2026-08-06T09:58:00.683Z
Music,Music & Entertainment,Drum Lessons,ocr,success,DRUM LESSONS | WITH HENRIETTA,EAGLd9xF5VA,Professional Drum Lessons Minimalist Music Teacher Logo,https://www.canva.com/templates/EAGLd9xF5VA-professional-drum-lessons-minimalist-music-teacher-logo/,https://template.canva.com/EAGLd9xF5VA/1/0/800w-LBS-CnOUw0I.jpg,true,0002_EAGLd9xF5VA.jpg,music/images/0002_EAGLd9xF5VA.jpg,2026-08-06T09:57:52.099Z
Music,Music & Entertainment,Music Book,ocr,success,MUSIC BOOK | C E,EAFPSrWbZfE,Red minimalist music book logo,https://www.canva.com/templates/EAFPSrWbZfE-red-minimalist-music-book-logo/,https://template.canva.com/EAFPSrWbZfE/1/0/800w-ECnewehkURQ.jpg,true,0048_EAFPSrWbZfE.jpg,music/images/0048_EAFPSrWbZfE.jpg,2026-08-06T09:58:35.080Z
Music,Music & Entertainment,Clef Wings,ocr,success,Clef Wings | MUSICAL,EAFL0snLl7E,Red Minimalist Musical Wings Logo,https://www.canva.com/templates/EAFL0snLl7E-red-minimalist-musical-wings-logo/,https://template.canva.com/EAFL0snLl7E/1/0/800w-GAGu_lhHjQE.jpg,true,0033_EAFL0snLl7E.jpg,music/images/0033_EAFL0snLl7E.jpg,2026-08-06T09:58:19.263Z
Music,Technology & Electronics,fileMu,ocr,success,fileMu | MUSIC APP,EAEu1lvuli0,Red Soft Music Design Logo,https://www.canva.com/templates/EAEu1lvuli0-red-soft-music-design-logo/,https://template.canva.com/EAEu1lvuli0/1/0/800w-7O1-83eN-vQ.jpg,true,0025_EAEu1lvuli0.jpg,music/images/0025_EAEu1lvuli0.jpg,2026-08-06T09:58:10.286Z
Music,Music & Entertainment,Sur,ocr,success,SUR | PESTLE SCHOOL CHOIR,EAEv2eXfDbI,Sky Blue and Dark Pink Modern Education Logo,https://www.canva.com/templates/EAEv2eXfDbI-sky-blue-and-dark-pink-modern-education-logo/,https://template.canva.com/EAEv2eXfDbI/1/0/800w-2e1B0bbJ9bk.jpg,false,0039_EAEv2eXfDbI.jpg,music/images/0039_EAEv2eXfDbI.jpg,2026-08-06T09:58:27.240Z
Music,Music & Entertainment,Sonic,ocr,success,Sonic,EAEv2l05vbA,White Black Lime Green Modern Education Logo,https://www.canva.com/templates/EAEv2l05vbA-white-black-lime-green-modern-education-logo/,https://template.canva.com/EAEv2l05vbA/1/0/800w-jixbj6a6O3k.jpg,false,0001_EAEv2l05vbA.jpg,music/images/0001_EAEv2l05vbA.jpg,2026-08-06T09:57:51.939Z
Music,Music & Entertainment,Media,ocr,success,Media | Awesome Studio,EAE9IvaDpsE,White Modern Media Studio Logo,https://www.canva.com/templates/EAE9IvaDpsE-white-modern-media-studio-logo/,https://template.canva.com/EAE9IvaDpsE/1/0/800w-x5XgMqEnGz0.jpg,true,0043_EAE9IvaDpsE.jpg,music/images/0043_EAE9IvaDpsE.jpg,2026-08-06T09:58:27.840Z
Music,Music & Entertainment,Piano Courses,ocr,success,Piano Courses | SCHOOL OF MUSIC,EAGBSyvHp-g,Yellow and Black Piano Courses Logo,https://www.canva.com/templates/EAGBSyvHp-g-yellow-and-black-piano-courses-logo/,https://template.canva.com/EAGBSyvHp-g/3/0/800w-kGmqEnLY2N8.jpg,true,0016_EAGBSyvHp-g.jpg,music/images/0016_EAGBSyvHp-g.jpg,2026-08-06T09:58:01.558Z
Numbers,Education & Literacy,Jo Rimberio,ocr,success,JO RIMBERIO | MATHEMATICS EDUCATION,EAGuvxFCk3w,Blue Pink Modern Simple Playful Mathematics Education Logo,https://www.canva.com/templates/EAGuvxFCk3w-blue-pink-modern-simple-playful-mathematics-education-logo/,https://template.canva.com/EAGuvxFCk3w/1/0/800w-QgYQvww-bAc.jpg,false,0001_EAGuvxFCk3w.jpg,numbers/images/0001_EAGuvxFCk3w.jpg,2026-08-06T10:07:24.977Z
Numbers,Education & Literacy,Borcelle,ocr,success,BORCELLE | ABACUS CENTRE,EAGm4dSVAxk,Orange and Black Modern Abacus Centre Logo,https://www.canva.com/templates/EAGm4dSVAxk-orange-and-black-modern-abacus-centre-logo/,https://template.canva.com/EAGm4dSVAxk/1/0/800w-f-6a9dbIp04.jpg,true,0002_EAGm4dSVAxk.jpg,numbers/images/0002_EAGm4dSVAxk.jpg,2026-08-06T10:07:25.123Z
Physics,Graphic Design & Creative Services,Aplanet,ocr,success,APLANET | EDUCATION,EAE2dEGVbHI,Red & Green Apple Planet Illustrated Logo,https://www.canva.com/templates/EAE2dEGVbHI-red-green-apple-planet-illustrated-logo/,https://template.canva.com/EAE2dEGVbHI/2/0/800w-MuIjdd5qdNQ.jpg,true,0001_EAE2dEGVbHI.jpg,physics/images/0001_EAE2dEGVbHI.jpg,2026-08-06T10:11:59.563Z
Public Relations,Advertising & Marketing,Sj,ocr,success,SJ | SOLA JOURNEY | Digital Creator,EAEqXul7qHo,Hazelwood Powder Digital Creator Logo,https://www.canva.com/templates/EAEqXul7qHo-hazelwood-powder-digital-creator-logo/,https://template.canva.com/EAEqXul7qHo/1/0/800w--6ZOuoshWeI.jpg,true,0001_EAEqXul7qHo.jpg,public-relations/images/0001_EAEqXul7qHo.jpg,2026-08-06T10:12:12.995Z
Reading,Education & Literacy,Rimberio Co,ocr,success,RIMBERIO CO | UNIVERSITY,EAGCxiRhjjM,Black and Blue Simple Monoline University Student Logo,https://www.canva.com/templates/EAGCxiRhjjM-black-and-blue-simple-monoline-university-student-logo/,https://template.canva.com/EAGCxiRhjjM/1/0/800w-JPE4QdA35H8.jpg,true,0020_EAGCxiRhjjM.jpg,reading/images/0020_EAGCxiRhjjM.jpg,2026-08-06T09:59:12.836Z
Reading,Education & Literacy,Books & Mora,ocr,success,BOOKS & MORA | BOOK STORE,EAGXs9f2cpc,Black and Cream Book Store Logo,https://www.canva.com/templates/EAGXs9f2cpc-black-and-cream-book-store-logo/,https://template.canva.com/EAGXs9f2cpc/1/0/800w-rtre_k_gFI4.jpg,true,0034_EAGXs9f2cpc.jpg,reading/images/0034_EAGXs9f2cpc.jpg,2026-08-06T09:59:22.435Z
Reading,Education & Literacy,Ebookph,ocr,success,EBOOKPH,EAF7-MWfmuA,Black and White Modern Education Logo,https://www.canva.com/templates/EAF7-MWfmuA-black-and-white-modern-education-logo/,https://template.canva.com/EAF7-MWfmuA/2/0/800w-veJbM6Kv-n0.jpg,true,0007_EAF7-MWfmuA.jpg,reading/images/0007_EAF7-MWfmuA.jpg,2026-08-06T09:58:56.295Z
Reading,Education & Literacy,Book,ocr,success,BOOK | STORE,EAGsKXrl0sA,Black Gold Simple Book Store Logo,https://www.canva.com/templates/EAGsKXrl0sA-black-gold-simple-book-store-logo/,https://template.canva.com/EAGsKXrl0sA/1/0/800w-jAs9gmS0hCo.jpg,false,0022_EAGsKXrl0sA.jpg,reading/images/0022_EAGsKXrl0sA.jpg,2026-08-06T09:59:13.103Z
Reading,Education & Literacy,Modern Book,ocr,success,MODERN BOOK | SCHOOL & EDUCATION,EAFMQhW9juA,Black Gray Minimalist Modern Book Logo,https://www.canva.com/templates/EAFMQhW9juA-black-gray-minimalist-modern-book-logo/,https://template.canva.com/EAFMQhW9juA/1/0/800w-f1lut5QQ5zg.jpg,true,0017_EAFMQhW9juA.jpg,reading/images/0017_EAFMQhW9juA.jpg,2026-08-06T09:59:05.418Z
Reading,Graphic Design & Creative Services,Blackbook,ocr,success,BLACKBOOK | BOOK STORE,EAFKYxII6nI,Black White Elegant Book Illustration Book Store Logo,https://www.canva.com/templates/EAFKYxII6nI-black-white-elegant-book-illustration-book-store-logo/,https://template.canva.com/EAFKYxII6nI/1/0/800w-f4KIFAkt4TI.jpg,true,0037_EAFKYxII6nI.jpg,reading/images/0037_EAFKYxII6nI.jpg,2026-08-06T09:59:28.324Z
Reading,Education & Literacy,Borcelle,ocr,success,Borcelle | Online Book Store,EAGwhUmizes,Blue and Yellow Playful Book Store Logo,https://www.canva.com/templates/EAGwhUmizes-blue-and-yellow-playful-book-store-logo/,https://template.canva.com/EAGwhUmizes/1/0/800w-0hnuzsFacTc.jpg,false,0033_EAGwhUmizes.jpg,reading/images/0033_EAGwhUmizes.jpg,2026-08-06T09:59:22.288Z
Reading,Graphic Design & Creative Services,Literatureos,ocr,success,LITERATUREOS | BOOK STORE -,EAFKYZn0kMI,Blue Gold Luxury Book Pen Illustration Book Store Logo,https://www.canva.com/templates/EAFKYZn0kMI-blue-gold-luxury-book-pen-illustration-book-store-logo/,https://template.canva.com/EAFKYZn0kMI/1/0/800w-opPePtoHdV0.jpg,true,0010_EAFKYZn0kMI.jpg,reading/images/0010_EAFKYZn0kMI.jpg,2026-08-06T09:59:04.464Z
Reading,Education & Literacy,Book Store,ocr,success,BOOK STORE | ESTD 1936,EAGHDV-y6Uo,Blue Illustrative Mascot Book Store Education Logo,https://www.canva.com/templates/EAGHDV-y6Uo-blue-illustrative-mascot-book-store-education-logo/,https://template.canva.com/EAGHDV-y6Uo/2/0/800w-EuZafJwvDCQ.jpg,true,0035_EAGHDV-y6Uo.jpg,reading/images/0035_EAGHDV-y6Uo.jpg,2026-08-06T09:59:22.588Z
Reading,Education & Literacy,See-Book,ocr,success,SEE-BOOK,EAFO4sb7QNs,blue minimalist e-book logo design,https://www.canva.com/templates/EAFO4sb7QNs-blue-minimalist-e-book-logo-design/,https://template.canva.com/EAFO4sb7QNs/1/0/800w-UUMnCQyzv5M.jpg,true,0031_EAFO4sb7QNs.jpg,reading/images/0031_EAFO4sb7QNs.jpg,2026-08-06T09:59:22.009Z
Reading,Education & Literacy,Borcelle,ocr,success,BORCELLE | ACADEMY,EAFZrd-xKuc,Blue Modern Free Academy Logo,https://www.canva.com/templates/EAFZrd-xKuc-blue-modern-free-academy-logo/,https://template.canva.com/EAFZrd-xKuc/2/0/800w-I_eTnEO14pE.jpg,false,0012_EAFZrd-xKuc.jpg,reading/images/0012_EAFZrd-xKuc.jpg,2026-08-06T09:59:04.748Z
Reading,Education & Literacy,The Library,ocr,success,THE LIBRARY,EAGtsqmASMY,Blue Red and Cream Simple Library Logo,https://www.canva.com/templates/EAGtsqmASMY-blue-red-and-cream-simple-library-logo/,https://template.canva.com/EAGtsqmASMY/1/0/800w-pZ17nNExRqU.jpg,true,0014_EAGtsqmASMY.jpg,reading/images/0014_EAGtsqmASMY.jpg,2026-08-06T09:59:05.012Z
Reading,Education & Literacy,Book,ocr,success,BOOK | STORE,EAFLgzkTVsA,Blue Yellow Modern Cube Book Store Logo,https://www.canva.com/templates/EAFLgzkTVsA-blue-yellow-modern-cube-book-store-logo/,https://template.canva.com/EAFLgzkTVsA/1/0/800w-BXqK2PBmd7Q.jpg,true,0036_EAFLgzkTVsA.jpg,reading/images/0036_EAFLgzkTVsA.jpg,2026-08-06T09:59:22.742Z
Reading,Sports & Fitness,Book Story,ocr,success,BOOK STORY | reading club,EAEt8YQ-Sr4,Book Dream Logo Template - Reading Logo,https://www.canva.com/templates/EAEt8YQ-Sr4-book-dream-logo-template-reading-logo/,https://template.canva.com/EAEt8YQ-Sr4/1/0/800w-plGU6T8YOzI.jpg,true,0024_EAEt8YQ-Sr4.jpg,reading/images/0024_EAEt8YQ-Sr4.jpg,2026-08-06T09:59:13.371Z
Reading,Education & Literacy,Borcelle,ocr,success,BORCELLE | Educational Library,EAFYSbmH8_A,Brown and Black Minimalist Aesthetic Educational Library Logo,https://www.canva.com/templates/EAFYSbmH8_A-brown-and-black-minimalist-aesthetic-educational-library-logo/,https://template.canva.com/EAFYSbmH8_A/1/0/800w-_M3tGVP-hq0.jpg,true,0016_EAFYSbmH8_A.jpg,reading/images/0016_EAFYSbmH8_A.jpg,2026-08-06T09:59:05.282Z
Reading,Graphic Design & Creative Services,Borcelle,ocr,success,BORCELLE | BOOKSTORE,EAFEMh4HcjE,Brown Clean Illustration Book Bird Education Logo,https://www.canva.com/templates/EAFEMh4HcjE-brown-clean-illustration-book-bird-education-logo/,https://template.canva.com/EAFEMh4HcjE/2/0/800w-b3UTHb826ho.jpg,true,0003_EAFEMh4HcjE.jpg,reading/images/0003_EAFEMh4HcjE.jpg,2026-08-06T09:58:55.694Z
Reading,Education & Literacy,School,ocr,success,FAUGET | School | SINCE 1788,EAG6SRW4saI,Brown Simple School Logo,https://www.canva.com/templates/EAG6SRW4saI-brown-simple-school-logo/,https://template.canva.com/EAG6SRW4saI/1/0/800w-lvKBXvnqWhI.jpg,true,0006_EAG6SRW4saI.jpg,reading/images/0006_EAG6SRW4saI.jpg,2026-08-06T09:58:56.162Z
Reading,Education & Literacy,Book Queen,ocr,success,BOOK QUEEN,EAFLpOriEwQ,Green Black Minimalist Book Queen Logo,https://www.canva.com/templates/EAFLpOriEwQ-green-black-minimalist-book-queen-logo/,https://template.canva.com/EAFLpOriEwQ/1/0/800w-4u5WxgDEo7M.jpg,true,0039_EAFLpOriEwQ.jpg,reading/images/0039_EAFLpOriEwQ.jpg,2026-08-06T09:59:28.601Z
Reading,Education & Literacy,Aldenaire & Inc,ocr,success,ALDENAIRE & INC | EDUCATION,EAGDIB9SJCI,Green Lines Student Reading Table Education Logo,https://www.canva.com/templates/EAGDIB9SJCI-green-lines-student-reading-table-education-logo/,https://template.canva.com/EAGDIB9SJCI/1/0/800w-WYcuS41qeeo.jpg,true,0041_EAGDIB9SJCI.jpg,reading/images/0041_EAGDIB9SJCI.jpg,2026-08-06T09:59:28.918Z
Reading,Education & Literacy,Reading,ocr,success,READING | Book Store,EAG64niiFw4,Green Red and Beige Simple Book Stack Logo,https://www.canva.com/templates/EAG64niiFw4-green-red-and-beige-simple-book-stack-logo/,https://template.canva.com/EAG64niiFw4/1/0/800w-JPVbQQybH8k.jpg,true,0025_EAG64niiFw4.jpg,reading/images/0025_EAG64niiFw4.jpg,2026-08-06T09:59:13.509Z
Reading,Education & Literacy,Academy,ocr,success,Estd. | 2020 | ACADEMY,EAGrs-0G24c,Green White Modern Academy Logo,https://www.canva.com/templates/EAGrs-0G24c-green-white-modern-academy-logo/,https://template.canva.com/EAGrs-0G24c/3/0/800w-bWbflqKo-2A.jpg,false,0023_EAGrs-0G24c.jpg,reading/images/0023_EAGrs-0G24c.jpg,2026-08-06T09:59:13.237Z
Reading,Graphic Design & Creative Services,Academycos,ocr,success,ACADEMYCOS | Public Library -,EAFKUJahl1E,Grey Black Luxury Pen Book Illustration Library Logo,https://www.canva.com/templates/EAFKUJahl1E-grey-black-luxury-pen-book-illustration-library-logo/,https://template.canva.com/EAFKUJahl1E/1/0/800w-qmHpuG_qse0.jpg,true,0029_EAFKUJahl1E.jpg,reading/images/0029_EAFKUJahl1E.jpg,2026-08-06T09:59:21.722Z
Reading,Education & Literacy,Cendikia Raya,ocr,success,CENDIKIA RAYA | INSTITUTE,EAG64mxcRTE,Maroon Simple Institute Book Logo,https://www.canva.com/templates/EAG64mxcRTE-maroon-simple-institute-book-logo/,https://template.canva.com/EAG64mxcRTE/1/0/800w-viBI5jsBXgA.jpg,true,0005_EAG64mxcRTE.jpg,reading/images/0005_EAG64mxcRTE.jpg,2026-08-06T09:58:56.022Z
Reading,Education & Literacy,Education,ocr,success,20 | 20 | EDUCATION | UNIVERSITY,EAEy3j9A75w,Minimal Human University Education Logo,https://www.canva.com/templates/EAEy3j9A75w-minimal-human-university-education-logo/,https://template.canva.com/EAEy3j9A75w/1/0/800w-2Jflut5KAcI.jpg,true,0030_EAEy3j9A75w.jpg,reading/images/0030_EAEy3j9A75w.jpg,2026-08-06T09:59:21.874Z
Reading,Education & Literacy,Liceria,ocr,success,LICERIA | BOOK STORE,EAFJ7OGwxV0,Minimalist Book Store Logo,https://www.canva.com/templates/EAFJ7OGwxV0-minimalist-book-store-logo/,https://template.canva.com/EAFJ7OGwxV0/1/0/800w-etHIJyaXaf0.jpg,false,0001_EAFJ7OGwxV0.jpg,reading/images/0001_EAFJ7OGwxV0.jpg,2026-08-06T09:58:55.431Z
Reading,Education & Literacy,Council,ocr,success,COUNCIL | LIBRARY,EAE1hXS01fU,Modern Public Library Logo,https://www.canva.com/templates/EAE1hXS01fU-modern-public-library-logo/,https://template.canva.com/EAE1hXS01fU/2/0/800w-KWLbLE3O38Y.jpg,true,0009_EAE1hXS01fU.jpg,reading/images/0009_EAE1hXS01fU.jpg,2026-08-06T09:58:56.560Z
Reading,Education & Literacy,Institue,ocr,success,AMANOR AL | INSTITUE,EAFMfcQuYps,Novel Book Badge Logo,https://www.canva.com/templates/EAFMfcQuYps-novel-book-badge-logo/,https://template.canva.com/EAFMfcQuYps/1/0/800w-aZyYuMZD4DI.jpg,true,0040_EAFMfcQuYps.jpg,reading/images/0040_EAFMfcQuYps.jpg,2026-08-06T09:59:28.765Z
Reading,Education & Literacy,Knowledge,ocr,success,KNOWLEDGE | EDUCATION,EAHDo0EPFu8,Orange and Black Modern Book Knowledge Education Logo,https://www.canva.com/templates/EAHDo0EPFu8-orange-and-black-modern-book-knowledge-education-logo/,https://template.canva.com/EAHDo0EPFu8/1/0/800w-mdG2Vzy7Pjw.jpg,true,0002_EAHDo0EPFu8.jpg,reading/images/0002_EAHDo0EPFu8.jpg,2026-08-06T09:58:55.560Z
Reading,Education & Literacy,Book,ocr,success,BOOK | SHOP,EAFI-ssmDBY,Orange Grey Minimalist Book Store Logo,https://www.canva.com/templates/EAFI-ssmDBY-orange-grey-minimalist-book-store-logo/,https://template.canva.com/EAFI-ssmDBY/1/0/800w-oImdWMo5NH8.jpg,true,0042_EAFI-ssmDBY.jpg,reading/images/0042_EAFI-ssmDBY.jpg,2026-08-06T09:59:29.083Z
Reading,Education & Literacy,Flipbooks,ocr,success,FLIPBOOKS | RETAIL BOOK STORE,EAEwJGogUdI,Orange Minimal Flip Book Bird Store Brand Logo,https://www.canva.com/templates/EAEwJGogUdI-orange-minimal-flip-book-bird-store-brand-logo/,https://template.canva.com/EAEwJGogUdI/1/0/800w-b1WE92YK6V8.jpg,true,0028_EAEwJGogUdI.jpg,reading/images/0028_EAEwJGogUdI.jpg,2026-08-06T09:59:21.579Z
Reading,Education & Literacy,Wardiere Inc,ocr,success,WARDIERE INC | ACADEMY,EAGF-Rr5NBI,Orange Minimal Illustrative Bookshelf Logo,https://www.canva.com/templates/EAGF-Rr5NBI-orange-minimal-illustrative-bookshelf-logo/,https://template.canva.com/EAGF-Rr5NBI/1/0/800w-kuRb5oaLbiI.jpg,true,0021_EAGF-Rr5NBI.jpg,reading/images/0021_EAGF-Rr5NBI.jpg,2026-08-06T09:59:12.968Z
Reading,Education & Literacy,Cent,ocr,success,EDUCATION | CENT | I D S | Rimberio,EAGqMNA4MNs,Orange Yellow Cute Playful Illustrative Kids Education Center Logo,https://www.canva.com/templates/EAGqMNA4MNs-orange-yellow-cute-playful-illustrative-kids-education-center-logo/,https://template.canva.com/EAGqMNA4MNs/1/0/800w-h1NqS-khsKU.jpg,true,0015_EAGqMNA4MNs.jpg,reading/images/0015_EAGqMNA4MNs.jpg,2026-08-06T09:59:05.150Z
Reading,Graphic Design & Creative Services,Pimberic,ocr,success,Pimberic | KIDS LEARNING CENTER,EAGrJ6vpTBo,Pink Black Cute Playful Illustration Kids Learning Center Logo,https://www.canva.com/templates/EAGrJ6vpTBo-pink-black-cute-playful-illustration-kids-learning-center-logo/,https://template.canva.com/EAGrJ6vpTBo/1/0/800w-eY9wmPrgjm0.jpg,false,0011_EAGrJ6vpTBo.jpg,reading/images/0011_EAGrJ6vpTBo.jpg,2026-08-06T09:59:04.594Z
Reading,Graphic Design & Creative Services,Books,ocr,success,Books | Library,EAG4E2X9CLw,Pink Blue and Green Illustrated Books Logo,https://www.canva.com/templates/EAG4E2X9CLw-pink-blue-and-green-illustrated-books-logo/,https://template.canva.com/EAG4E2X9CLw/1/0/800w-pDDGmZquKLE.jpg,true,0013_EAG4E2X9CLw.jpg,reading/images/0013_EAG4E2X9CLw.jpg,2026-08-06T09:59:04.882Z
Reading,Education & Literacy,Purplebook,ocr,success,PURPLEBOOK | BOOK STORE -,EAE8aRcxd44,Purple Modern Book Store Logo,https://www.canva.com/templates/EAE8aRcxd44-purple-modern-book-store-logo/,https://template.canva.com/EAE8aRcxd44/1/0/800w-V3aeBsOq-uc.jpg,true,0032_EAE8aRcxd44.jpg,reading/images/0032_EAE8aRcxd44.jpg,2026-08-06T09:59:22.137Z
Reading,Education & Literacy,Ld,ocr,success,"Ld | LARANA, INC. | ACAMEDY",EAFwyReFX3Y,Reading Book Simple Education Logo,https://www.canva.com/templates/EAFwyReFX3Y-reading-book-simple-education-logo/,https://template.canva.com/EAFwyReFX3Y/2/0/800w-v0P4dO-9cLk.jpg,true,0008_EAFwyReFX3Y.jpg,reading/images/0008_EAFwyReFX3Y.jpg,2026-08-06T09:58:56.430Z
Reading,Education & Literacy,Bailey Dupont,ocr,success,BAILEY DUPONT | LIBRARY,EAFHgPGAUSw,Simple Book Library Logo,https://www.canva.com/templates/EAFHgPGAUSw-simple-book-library-logo/,https://template.canva.com/EAFHgPGAUSw/2/0/800w-LHQFFkDhEeU.jpg,true,0019_EAFHgPGAUSw.jpg,reading/images/0019_EAFHgPGAUSw.jpg,2026-08-06T09:59:12.709Z
Reading,Education & Literacy,Author Name,ocr,success,AUTHOR NAME | STORYTELLER • AUTHOR • SPEAKER,EAFUGuPqlf0,Stack of Books Author Writer Logo,https://www.canva.com/templates/EAFUGuPqlf0-stack-of-books-author-writer-logo/,https://template.canva.com/EAFUGuPqlf0/2/0/800w-3HWj41ukLV8.jpg,true,0026_EAFUGuPqlf0.jpg,reading/images/0026_EAFUGuPqlf0.jpg,2026-08-06T09:59:13.638Z
Reading,Education & Literacy,Borcelle,ocr,success,BORCELLE | BOOK STORE,EAGxzFw_0I4,Teal Minimalist Owl Book Store Logo,https://www.canva.com/templates/EAGxzFw_0I4-teal-minimalist-owl-book-store-logo/,https://template.canva.com/EAGxzFw_0I4/1/0/800w-Kvh1CXERZ9c.jpg,true,0018_EAGxzFw_0I4.jpg,reading/images/0018_EAGxzFw_0I4.jpg,2026-08-06T09:59:05.553Z
Reading,Education & Literacy,Chat Book,ocr,success,CHAT BOOK | COMMUNICATION,EAFOViR6hZ0,turquoise black minimalist chat book logo design,https://www.canva.com/templates/EAFOViR6hZ0-turquoise-black-minimalist-chat-book-logo-design/,https://template.canva.com/EAFOViR6hZ0/2/0/800w-NEq1gjSE83E.jpg,true,0038_EAFOViR6hZ0.jpg,reading/images/0038_EAFOViR6hZ0.jpg,2026-08-06T09:59:28.463Z
Reading,Education & Literacy,Boldbook,ocr,success,BOLDBOOK | BOOKSTORE,EAFEMov-dRE,White Brown Line Initial Book Store Logo,https://www.canva.com/templates/EAFEMov-dRE-white-brown-line-initial-book-store-logo/,https://template.canva.com/EAFEMov-dRE/1/0/800w-HBBsMoY5ya4.jpg,true,0027_EAFEMov-dRE.jpg,reading/images/0027_EAFEMov-dRE.jpg,2026-08-06T09:59:13.768Z
Reading,Education & Literacy,Mybook,ocr,success,MYBOOK | Book Store,EAF3tgX0RyU,Yellow and Red Flat Illustrative Book Store Logo,https://www.canva.com/templates/EAF3tgX0RyU-yellow-and-red-flat-illustrative-book-store-logo/,https://template.canva.com/EAF3tgX0RyU/4/0/800w-Ur4AjGhk6xY.jpg,true,0004_EAF3tgX0RyU.jpg,reading/images/0004_EAF3tgX0RyU.jpg,2026-08-06T09:58:55.875Z
Social Media Marketing,Advertising & Marketing,Banana Leaf,ocr,success,BANANA LEAF | HOUSE,EAFB_cpk0qI,Banana Leaf Logo Template Social Media Illustration,https://www.canva.com/templates/EAFB_cpk0qI-banana-leaf-logo-template-social-media-illustration/,https://template.canva.com/EAFB_cpk0qI/1/0/800w-6bfH-dkNthk.jpg,false,0008_EAFB_cpk0qI.jpg,social-media-marketing/images/0008_EAFB_cpk0qI.jpg,2026-08-06T10:06:18.798Z
Social Media Marketing,Advertising & Marketing,Chat Media,ocr,success,CHAT MEDIA | MESSAGE,EAFPYu6J2kA,Blue Minimalist Chat Media Logo,https://www.canva.com/templates/EAFPYu6J2kA-blue-minimalist-chat-media-logo/,https://template.canva.com/EAFPYu6J2kA/1/0/800w-wgwF6HI3rwE.jpg,true,0006_EAFPYu6J2kA.jpg,social-media-marketing/images/0006_EAFPYu6J2kA.jpg,2026-08-06T10:06:18.510Z
Social Media Marketing,Advertising & Marketing,Social,ocr,success,SOCIAL,EAFMqsnF4H0,Blue Red Minimalist Social Business Logo,https://www.canva.com/templates/EAFMqsnF4H0-blue-red-minimalist-social-business-logo/,https://template.canva.com/EAFMqsnF4H0/1/0/800w-bfCPOgpsSIs.jpg,true,0001_EAFMqsnF4H0.jpg,social-media-marketing/images/0001_EAFMqsnF4H0.jpg,2026-08-06T10:06:17.797Z
Social Media Marketing,Advertising & Marketing,Community,ocr,success,x | COMMUNITY | SOCIAL COMMUNITY,EAFJgSSK0BI,Community Logo,https://www.canva.com/templates/EAFJgSSK0BI-community-logo/,https://template.canva.com/EAFJgSSK0BI/1/0/800w-xCZoCHLunCU.jpg,true,0003_EAFJgSSK0BI.jpg,social-media-marketing/images/0003_EAFJgSSK0BI.jpg,2026-08-06T10:06:18.081Z
Social Media Marketing,Advertising & Marketing,Community,ocr,success,COMMUNITY | SOCIAL COMMUNITY,EAFJgcowuJc,Community Logo,https://www.canva.com/templates/EAFJgcowuJc-community-logo/,https://template.canva.com/EAFJgcowuJc/1/0/800w--6K31MVVPOQ.jpg,true,0009_EAFJgcowuJc.jpg,social-media-marketing/images/0009_EAFJgcowuJc.jpg,2026-08-06T10:06:18.937Z
Social Media Marketing,Advertising & Marketing,Aldenaire,ocr,success,ALDENAIRE | AGENCY,EAFLVxdUG8I,Digital Marketing Advertise Logo,https://www.canva.com/templates/EAFLVxdUG8I-digital-marketing-advertise-logo/,https://template.canva.com/EAFLVxdUG8I/1/0/800w-09j2PRgi_A4.jpg,true,0004_EAFLVxdUG8I.jpg,social-media-marketing/images/0004_EAFLVxdUG8I.jpg,2026-08-06T10:06:18.213Z
Social Media Marketing,Advertising & Marketing,Drop Leaf,ocr,success,Drop Leaf | HOLDING COMPANY,EAE0FpswCVY,Drop Leaf logo,https://www.canva.com/templates/EAE0FpswCVY-drop-leaf-logo/,https://template.canva.com/EAE0FpswCVY/2/0/800w-2JzWogUuESI.jpg,false,0002_EAE0FpswCVY.jpg,social-media-marketing/images/0002_EAE0FpswCVY.jpg,2026-08-06T10:06:17.942Z
Social Media Marketing,Advertising & Marketing,Marketing,ocr,success,0 | Marketing | YOUR SLOGAN,EAEiVZ2GNc8,Green and Black Letter M Marketing Brand Logo,https://www.canva.com/templates/EAEiVZ2GNc8-green-and-black-letter-m-marketing-brand-logo/,https://template.canva.com/EAEiVZ2GNc8/1/0/800w-nIbhGqgMlUk.jpg,true,0007_EAEiVZ2GNc8.jpg,social-media-marketing/images/0007_EAEiVZ2GNc8.jpg,2026-08-06T10:06:18.660Z
Social Media Marketing,Advertising & Marketing,Smart Spark,ocr,success,SMART SPARK | CREATIVE AGENCY,EAFQDow0vn0,Orange Professional Smart Spark Creative Agency Logo,https://www.canva.com/templates/EAFQDow0vn0-orange-professional-smart-spark-creative-agency-logo/,https://template.canva.com/EAFQDow0vn0/1/0/800w-C4mHdrdf1IA.jpg,false,0005_EAFQDow0vn0.jpg,social-media-marketing/images/0005_EAFQDow0vn0.jpg,2026-08-06T10:06:18.355Z
Time,Education & Literacy,Paucek And Lage,ocr,success,PAUCEK AND LAGE | EDUCATION,EAGMPh5W25Y,Green and White Flat Style Modern Time with Creative School Logo,https://www.canva.com/templates/EAGMPh5W25Y-green-and-white-flat-style-modern-time-with-creative-school-logo/,https://template.canva.com/EAGMPh5W25Y/1/0/800w-u1-xDYKU_L0.jpg,true,0001_EAGMPh5W25Y.jpg,time/images/0001_EAGMPh5W25Y.jpg,2026-08-06T10:12:29.682Z
Writing,Education & Literacy,Samira,ocr,success,SAMIRA | STATIONERY,EAFIvceWQbE,Binding Pad Signature Pen Stationery Logo,https://www.canva.com/templates/EAFIvceWQbE-binding-pad-signature-pen-stationery-logo/,https://template.canva.com/EAFIvceWQbE/1/0/800w-mKIONi9ps1s.jpg,true,0002_EAFIvceWQbE.jpg,writing/images/0002_EAFIvceWQbE.jpg,2026-08-06T10:05:56.600Z
Writing,Education & Literacy,Writing,ocr,success,CREATIVE | WRITING,EAEv2guA1mA,Denim Blue Modern Education Logo,https://www.canva.com/templates/EAEv2guA1mA-denim-blue-modern-education-logo/,https://template.canva.com/EAEv2guA1mA/1/0/800w-YtvvBjImRac.jpg,false,0006_EAEv2guA1mA.jpg,writing/images/0006_EAEv2guA1mA.jpg,2026-08-06T10:05:57.169Z
Writing,Education & Literacy,Penbook,ocr,success,PENBOOK | Creative,EAFMIj6Y8Hs,Green Minimalist Pen and Book Logo,https://www.canva.com/templates/EAFMIj6Y8Hs-green-minimalist-pen-and-book-logo/,https://template.canva.com/EAFMIj6Y8Hs/1/0/800w-FJc26BVGPxs.jpg,true,0010_EAFMIj6Y8Hs.jpg,writing/images/0010_EAFMIj6Y8Hs.jpg,2026-08-06T10:06:00.892Z
Writing,Education & Literacy,Rimberio,ocr,success,Rimberio | ART SUPPLIES,EAGt6ZzB7Bc,Green Yellow Playful School Supplies Logo,https://www.canva.com/templates/EAGt6ZzB7Bc-green-yellow-playful-school-supplies-logo/,https://template.canva.com/EAGt6ZzB7Bc/1/0/800w-dnOC5z2YqLg.jpg,true,0009_EAGt6ZzB7Bc.jpg,writing/images/0009_EAGt6ZzB7Bc.jpg,2026-08-06T10:05:57.568Z
Writing,Education & Literacy,Cendikia Raya,ocr,success,CENDIKIA RAYA | INSTITUTE,EAG64mxcRTE,Maroon Simple Institute Book Logo,https://www.canva.com/templates/EAG64mxcRTE-maroon-simple-institute-book-logo/,https://template.canva.com/EAG64mxcRTE/1/0/800w-viBI5jsBXgA.jpg,true,0001_EAG64mxcRTE.jpg,writing/images/0001_EAG64mxcRTE.jpg,2026-08-06T10:05:56.458Z
Writing,Education & Literacy,Writing Study,ocr,success,WRITING STUDY | BACK TO SCHOOL,EAFMQnkU-PA,Orange Black Minimalist Writing Study Logo,https://www.canva.com/templates/EAFMQnkU-PA-orange-black-minimalist-writing-study-logo/,https://template.canva.com/EAFMQnkU-PA/1/0/800w-2HdQu4GZ1s8.jpg,true,0004_EAFMQnkU-PA.jpg,writing/images/0004_EAFMQnkU-PA.jpg,2026-08-06T10:05:56.886Z
Writing,Education & Literacy,Samira,ocr,success,SAMIRA | HADID | ESTD | 2022 | INSTITUTE,EAFMOmsAq0Q,Simple Pencil Education Badge Logo,https://www.canva.com/templates/EAFMOmsAq0Q-simple-pencil-education-badge-logo/,https://template.canva.com/EAFMOmsAq0Q/2/0/800w-3kR0Cp_WmI8.jpg,true,0008_EAFMOmsAq0Q.jpg,writing/images/0008_EAFMOmsAq0Q.jpg,2026-08-06T10:05:57.431Z
Writing,Education & Literacy,Petrakis,ocr,success,PETRAKIS | STATIONERY,EAFPzEdXZi4,Simple Writing Pen Education Logo,https://www.canva.com/templates/EAFPzEdXZi4-simple-writing-pen-education-logo/,https://template.canva.com/EAFPzEdXZi4/1/0/800w-nbTVMJ5xjvI.jpg,true,0005_EAFPzEdXZi4.jpg,writing/images/0005_EAFPzEdXZi4.jpg,2026-08-06T10:05:57.030Z
Writing,Education & Literacy,Author Name,ocr,success,AUTHOR NAME | STORYTELLER • AUTHOR • SPEAKER,EAFUGuPqlf0,Stack of Books Author Writer Logo,https://www.canva.com/templates/EAFUGuPqlf0-stack-of-books-author-writer-logo/,https://template.canva.com/EAFUGuPqlf0/2/0/800w-3HWj41ukLV8.jpg,true,0007_EAFUGuPqlf0.jpg,writing/images/0007_EAFUGuPqlf0.jpg,2026-08-06T10:05:57.299Z
Writing,Education & Literacy,Rimberio,ocr,success,RIMBERIO | ACADEMY,EAGsxS1Cttk,Tosca Black Modern Illustrative School Academy Logo,https://www.canva.com/templates/EAGsxS1Cttk-tosca-black-modern-illustrative-school-academy-logo/,https://template.canva.com/EAGsxS1Cttk/1/0/800w-MCZ9vVnJccU.jpg,false,0003_EAGsxS1Cttk.jpg,writing/images/0003_EAGsxS1Cttk.jpg,2026-08-06T10:05:56.747Z